Please replace those links.,With those links
https://motaded.com.sa/ar/blog/vision-2030,https://motaded.com.sa/ar/blog/%D8%B1%D8%A4%D9%8A%D8%A9-%D8%A7%D9%84%D8%B3%D8%B9%D9%88%D8%AF%D9%8A%D8%A9-2030
https://motaded.com.sa/zh-hans/en/services/business-setup,https://motaded.com.sa/zh-hans/services/business-setup
https://motaded.com.sa/ar/services/consultation-services,https://motaded.com.sa/ar/services/%D8%A7%D9%84%D8%AE%D8%AF%D9%85%D8%A7%D8%AA-%D8%A7%D9%84%D8%A7%D8%B3%D8%AA%D8%B4%D8%A7%D8%B1%D9%8A%D8%A9
https://motaded.com.sa/ar/blog/services/business-setup,https://motaded.com.sa/services/business-setup
https://motaded.com.sa/ar/en/services/business-setup,https://motaded.com.sa/services/business-setup
https://motaded.com.sa/ar/blog/type-license,https://motaded.com.sa/services/business-setup
https://motaded.com.sa/zh-hans/blog/hr-services,https://motaded.com.sa/zh-hans/services/hr-services
https://motaded.com.sa/zh-hans/blog/business-setup,https://motaded.com.sa/zh-hans/services/business-setup
https://motaded.com.sa/ar/services/coworking-spaces,https://motaded.com.sa/services/coworking-spaces
https://motaded.com.sa/motaded.com.sa/blog/business-visa-in-saudi-arabia-comprehensive-guide,https://motaded.com.sa/blog/Residency-in-Saudi-Arabia
https://motaded.com.sa/ar/services/hr-services,https://motaded.com.sa/ar/services/%D8%AE%D8%AF%D9%85%D8%A7%D8%AA-%D8%A7%D9%84%D9%85%D9%88%D8%A7%D8%B1%D8%AF-%D8%A7%D9%84%D8%A8%D8%B4%D8%B1%D9%8A%D8%A9
https://motaded.com.sa/en/services/business-setup,https://motaded.com.sa/services/business-setup
https://motaded.com.sa/blog/Subsidiary-Companies-in-Saudi-Arabia,https://motaded.com.sa/services/business-setup
https://motaded.com.sa/blog/type-license,https://motaded.com.sa/services/business-setup
https://motaded.com.sa/blog/open-a-company-in-Saudi-Arabia,https://motaded.com.sa/services/business-setup
https://motaded.com.sa/blog/about-General-Organization-for-Social-Insurance-in-Saudi-Arabia,https://motaded.com.sa/blog/gosi-certificate
https://motaded.com.sa/blog/Unlocking-Investment-Opportunities-in-Various-Commercial-Activities-in-Saudi-Arabia,https://motaded.com.sa/services/business-setup
https://motaded.com.sa/blog/Taxes-in-Saudi-Arabia,https://motaded.com.sa/blog/tax-system-saudi-arabia-wht-vat-cit-guide
https://motaded.com.sa/blog/Saudization-And-Nitaqat-System,https://motaded.com.sa/blog/saudization
https://motaded.com.sa/blog/Investment-Opportunities-in-Saudi-Arabia,https://motaded.com.sa/services/business-setup
https://motaded.com.sa/blog/investment-systems-in-saudi-arabia-guide,https://motaded.com.sa/services/business-setup
https://motaded.com.sa/blog/business-setup,https://motaded.com.sa/services/business-setup
https://motaded.com.sa/blog/establishing-a-company-in-saudi-arabia-comprehensive-guide,https://motaded.com.sa/services/business-setup
https://motaded.com.sa/blog/Steps-for-Business-Setup-in-KSA,https://motaded.com.sa/services/business-setup
https://motaded.com.sa/blog/The-Comprehensive-Guide-to-Saudi-Business-Center,https://motaded.com.sa/services/business-setup
https://motaded.com.sa/blog/opening-bank-account-saudi-arabia-investors-guide-2026,https://motaded.com.sa/blog/bank-account-in-saudi
https://motaded.com.sa/blog/Regional-Headquarters-in-Saudi-Arabia,https://motaded.com.sa/services/business-setup
https://motaded.com.sa/blog/business-setup-consultants-in-saudi-arabia-sovereign-investment-support,https://motaded.com.sa/services/business-setup
https://motaded.com.sa/blog/starting-a-company-in-saudi-arabia-guide,https://motaded.com.sa/services/business-setup
https://motaded.com.sa/blog/open-branch-company-saudi-arabia-comprehensive-guide,https://motaded.com.sa/services/business-setup
https://motaded.com.sa/blog/MISA-License-Saudi-Arabia,https://motaded.com.sa/services/business-setup
https://motaded.com.sa/blog/set-up-a-branch-office-in-saudi-arabia-sovereign-guide,https://motaded.com.sa/services/business-setup
https://motaded.com.sa/zh-hans/Unlocking-Investment-Opportunities-in-Various-Commercial-Activities-in-Saudi-Arabia,https://motaded.com.sa/zh-hans
https://motaded.com.sa/zh-hans/node/363,https://motaded.com.sa/zh-hans
https://motaded.com.sa/zh-hans/node/364,https://motaded.com.sa/zh-hans
https://motaded.com.sa/blog/work-permit-classification-saudi-arabia,https://motaded.com.sa/blog/Work-Permit-Classification-by-Skill-Categories-in-Saudi-Arabia
https://motaded.com.sa/blog/MISA-Investment-License,https://motaded.com.sa/services/business-setup
https://motaded.com.sa/blog/translation-for-visa-application-saudi,https://motaded.com.sa/blog/Business-Document-Translation-Saudi-Arabia
https://motaded.com.sa/blog/Attested-Translation-Services-Saudi-Arabia,https://motaded.com.sa/blog/Business-Document-Translation-Saudi-Arabia
https://motaded.com.sa/blog/legal-consultant-in-saudi-arabia-investor-support-2026,https://motaded.com.sa/services/business-setup
https://motaded.com.sa/zh-hans/node/350,https://motaded.com.sa/zh-hans
https://motaded.com.sa/blog/HR-System-KSA,https://motaded.com.sa/blog/HR-software-comparison-Saudi-Arabia
https://motaded.com.sa/blog/rhq-formation-saudi-arabia-comprehensive-guide,https://motaded.com.sa/services/business-setup
https://motaded.com.sa/blog/Ministry-of-Investment-in-Saudi-Arabia,https://motaded.com.sa/blog/ministry-of-investment-%28misa%29
https://motaded.com.sa/blog/foreign-investment-license,https://motaded.com.sa/services/business-setup
https://motaded.com.sa/blog/freedom-of-ownership-in-saudi-arabia-investors-guide,https://motaded.com.sa/services/business-setup
https://motaded.com.sa/blog/Investment-Opportunities-and-Business-Setup-in-riyadh,https://motaded.com.sa/services/business-setup
https://motaded.com.sa/blog/ZATCA,https://motaded.com.sa/blog/zakat-and-tax-in-saudi-arabia
https://motaded.com.sa/blog/open-company-in-saudi,https://motaded.com.sa/services/business-setup
https://motaded.com.sa/blog/HR-Outsourcing-Company-in-Saudi-Arabia,https://motaded.com.sa/blog/HR-Outsourcing-in-Saudi-Arabia
https://motaded.com.sa/blog/foreign-investment-in-saudi-arabia-sovereign-growth-fdi-guide,https://motaded.com.sa/services/business-setup
https://motaded.com.sa/blog/PRO-and-Government-Relations-Services-in-Saudi-Arabia,https://motaded.com.sa/blog/PRO-services-in-Saudi-Arabia
https://motaded.com.sa/blog/misa-license-in-saudi-arabia,https://motaded.com.sa/services/business-setup
https://motaded.com.sa/blog/Guide-to-Amending-the-MISA-Investment-License,https://motaded.com.sa/services/business-setup
https://motaded.com.sa/blog/invest-in-saudi-arabia-company-formation,https://motaded.com.sa/services/business-setup
https://motaded.com.sa/blog/foreign-direct-investment-ksa-regulations-comprehensive-guide-2026,https://motaded.com.sa/services/business-setup
https://motaded.com.sa/blog/saudi-arabia-rhq-incentives-requirements-guide,https://motaded.com.sa/services/business-setup
https://motaded.com.sa/blog/doing-business-guide-ksa,https://motaded.com.sa/services/business-setup
https://motaded.com.sa/blog/Saudi-Business-Center,https://motaded.com.sa/services/business-setup
https://motaded.com.sa/blog/business-setup-process-in-ksa-sovereign-guide,https://motaded.com.sa/blog/business-setup-process-in-saudi-arabia
https://motaded.com.sa/blog/consulting-license-saudi-arabia-legal-management-consultant-guide,https://motaded.com.sa/services/business-setup
https://motaded.com.sa/blog/hr-services,https://motaded.com.sa/services/hr-services
https://motaded.com.sa/blog/startup-business-investment-opportunities-2026-guide,https://motaded.com.sa/services/business-setup
https://motaded.com.sa/blog/insurance-brokerage-license-saudi-arabia-guide,https://motaded.com.sa/services/business-setup
https://motaded.com.sa/blog/instant-license-issuance-saudi-arabia-guide,https://motaded.com.sa/services/business-setup
https://motaded.com.sa/blog/register-license-in-saudi-arabia-comprehensive-guide,https://motaded.com.sa/services/business-setup
https://motaded.com.sa/blog/invest-in-saudi-arabia-comprehensive-encyclopedic-guide,https://motaded.com.sa/services/business-setup
https://motaded.com.sa/blog/saudi-arabia-company-incorporation-guide,https://motaded.com.sa/services/business-setup
https://motaded.com.sa/blog/Register-Your-Company-in-Saudi-Arabia/ksa,https://motaded.com.sa/services/business-setup
https://motaded.com.sa/blog/Outsourced-HR-and-Operational-Support,https://motaded.com.sa/blog/HR-Outsourcing-in-Saudi-Arabia
https://motaded.com.sa/blog/Cost-of-starting-a-business-in-Saudi-Arabia-2026,https://motaded.com.sa/blog/cost-of-opening-a-company-in-saudi-arabia
https://motaded.com.sa/index.php/services,https://motaded.com.sa/services
https://motaded.com.sa/blog/Company-Formation-Saudi-Arabia,https://motaded.com.sa/services/business-setup
https://motaded.com.sa/blog/business-opportunities-saudi-arabia-comprehensive-guide,https://motaded.com.sa/services/business-setup
https://motaded.com.sa/blog/Riyadh-Integrated-Special-Logistics-Zone-RISLZ,https://motaded.com.sa/services/business-setup
https://motaded.com.sa/blog/business-setup-in-saudi-arabia-comprehensive-guide,https://motaded.com.sa/services/business-setup
https://motaded.com.sa/blog/How-to-Apply-for-Saudi-Residency,https://motaded.com.sa/blog/Residency-in-Saudi-Arabia
https://motaded.com.sa/blog/Mandatory-Social-Security-in-Saudi-Arabia,https://motaded.com.sa/blog/gosi-certificate
https://motaded.com.sa/zh-hans/,https://motaded.com.sa/zh-hans
https://motaded.com.sa/index.php/ar,https://motaded.com.sa/ar
https://motaded.com.sa/blog/value-added-tax-in-saudi-arabia,https://motaded.com.sa/blog/tax-system-saudi-arabia-wht-vat-cit-guide
https://motaded.com.sa/blog/MISA-Investment-License-Renewal,https://motaded.com.sa/services/business-setup
https://motaded.com.sa/blog/setting-up-business-in-ksa-comprehensive-guide,https://motaded.com.sa/services/business-setup
https://motaded.com.sa/blog/Doing-business-in-ksa,https://motaded.com.sa/services/business-setup
https://motaded.com.sa/blog/Government-Relations-Services,https://motaded.com.sa/blog/PRO-services-in-Saudi-Arabia
https://motaded.com.sa/blog/Investment-Licenses,https://motaded.com.sa/services/business-setup
https://motaded.com.sa/blog/setting-up-company-in-saudi-arabia-guide,https://motaded.com.sa/services/business-setup
https://motaded.com.sa/blog/hr-outsourcing-companies-in-ksa,https://motaded.com.sa/blog/HR-Outsourcing-in-Saudi-Arabia
https://motaded.com.sa/blog/hr-solutions-saudi-arabia,https://motaded.com.sa/blog/HR-Consultancy-in-Saudi-Arabia
https://motaded.com.sa/blog/company-license-saudi-arabia-sovereign-guide,https://motaded.com.sa/services/business-setup
https://motaded.com.sa/blog/industrial-licenses-and-cities-saudi-arabia-guide,https://motaded.com.sa/services/business-setup
https://motaded.com.sa/blog/license-investment-saudi-arabia-comprehensive-guide,https://motaded.com.sa/services/business-setup
https://motaded.com.sa/blog/Investment-Registration-Certificate,https://motaded.com.sa/services/business-setup
https://motaded.com.sa/blog/Incorporating-a-Company-in-Saudi-Arabia,https://motaded.com.sa/services/business-setup
https://motaded.com.sa/blog/Setting-Up-A-Business-In-Saudi-Arabia,https://motaded.com.sa/services/business-setup
https://motaded.com.sa/blog/Commercial-License-Saudi-Arabia,https://motaded.com.sa/services/business-setup
https://motaded.com.sa/blog/Guide-to-Company-Formation-in-Saudi-Arabia,https://motaded.com.sa/services/business-setup
https://motaded.com.sa/blog/consulting-firm-saudi-arabia-investors-comprehensive-guide,https://motaded.com.sa/services/business-setup
https://motaded.com.sa/blog/saudi-company-incorporation-comprehensive-guide,https://motaded.com.sa/services/business-setup
https://motaded.com.sa/blog/misa-license-saudi-arabia-comprehensive-guide,https://motaded.com.sa/services/business-setup
https://motaded.com.sa/blog/why-invest-saudi-arabia-concise-guide-foreign-investors,https://motaded.com.sa/blog/can-foreigners-do-business-in-saudi-arabia
https://motaded.com.sa/blog/saudi-arabian-investment-strategic-guide,https://motaded.com.sa/services/business-setup
https://motaded.com.sa/blog/PRO-Services-in-Saudi-Arabia-for-Foreign-Companies,https://motaded.com.sa/blog/PRO-services-in-Saudi-Arabia
https://motaded.com.sa/blog/company-registration-in-saudi-arabia-comprehensive-guide,https://motaded.com.sa/services/business-setup
https://motaded.com.sa/blog/can-expats-start-business-in-saudi-arabia,https://motaded.com.sa/blog/can-foreigners-do-business-in-saudi-arabia
https://motaded.com.sa/commercial_registration_saudi_arabia,https://motaded.com.sa/services/business-setup
https://motaded.com.sa/blog/legal-translation-services-in-saudi-arabia,https://motaded.com.sa/blog/Business-Document-Translation-Saudi-Arabia
https://motaded.com.sa/blog/10-Steps-to-Setting-Up-Your-Business-in-Saudi-Arabia,https://motaded.com.sa/services/business-setup
https://motaded.com.sa/blog/license-investor-saudi-arabia-comprehensive-guide,https://motaded.com.sa/services/business-setup
https://motaded.com.sa/blog/setting-up-company-in-saudi-arabia,https://motaded.com.sa/services/business-setup
https://motaded.com.sa/blog/business-setup-company-strategic-guide,https://motaded.com.sa/services/business-setup
https://motaded.com.sa/blog/business-open-in-saudi-arabia-sovereign-guide,https://motaded.com.sa/services/business-setup
https://motaded.com.sa/blog/business-consultancy-services-strategic-guide,https://motaded.com.sa/services/business-setup
https://motaded.com.sa/blog/misa-setup-consultants-saudi-arabia-comprehensive-guide,https://motaded.com.sa/services/business-setup
https://motaded.com.sa/blog/open-business-in-saudi-arabia-comprehensive-guide,https://motaded.com.sa/services/business-setup
https://motaded.com.sa/blog/create-company-in-saudi-arabia,https://motaded.com.sa/services/business-setup
https://motaded.com.sa/blog/cr,https://motaded.com.sa/services/business-setup
https://motaded.com.sa/blog/company-setup-riyadh-comprehensive-guide,https://motaded.com.sa/services/business-setup
https://motaded.com.sa/blog/company-setup-in-saudi-arabia-comprehensive-guide,https://motaded.com.sa/services/business-setup
https://motaded.com.sa/blog/commercial-business-setup-ksa-comprehensive-guide,https://motaded.com.sa/services/business-setup
https://motaded.com.sa/blog/qiwa-platform-sovereign-encyclopedia,https://motaded.com.sa/blog/about-Qiwa-Platform
https://motaded.com.sa/blog/setup-asole-establishment-company-in-saudi,https://motaded.com.sa/services/business-setup
https://motaded.com.sa/blog/saudi-arabia-company-formation,https://motaded.com.sa/services/business-setup
https://motaded.com.sa/blog/issuing-general-manager-visa-via-qiwa-guide,https://motaded.com.sa/services/business-setup
https://motaded.com.sa/blog/business-visa-in-saudi-arabia-comprehensive-guide,https://motaded.com.sa/blog/Residency-in-Saudi-Arabia
https://motaded.com.sa/blog/company-set-up-in-saudi-arabia-strategy,https://motaded.com.sa/services/business-setup
https://motaded.com.sa/blog/HR-Governance-in-Saudi-Arabia,https://motaded.com.sa/blog/HR-Consultancy-in-Saudi-Arabia
https://motaded.com.sa/blog/professional-licenses-saudi-arabia-guide,https://motaded.com.sa/services/business-setup
https://motaded.com.sa/blog/business-setup-service-strategic-guide,https://motaded.com.sa/services/business-setup
https://motaded.com.sa/blog/riyadh-company-setup-comprehensive-guide,https://motaded.com.sa/services/business-setup
https://motaded.com.sa/blog/real-estate-developer-license-saudi-arabia-guide,https://motaded.com.sa/services/business-setup
https://motaded.com.sa/blog/Expand-Your-Business-in-Saudi-Arabia,https://motaded.com.sa/services/business-setup
https://motaded.com.sa/blog/how-to-apply-for-saudi-visa-comprehensive-guide,https://motaded.com.sa/blog/Residency-in-Saudi-Arabia
https://motaded.com.sa/blog/Business-Setup-Companies-in-Saudi-Arabia,https://motaded.com.sa/services/business-setup
https://motaded.com.sa/blog/starting-a-company-in-saudi-arabia,https://motaded.com.sa/services/business-setup
https://motaded.com.sa/blog/branch-setup-in-saudi-arabia,https://motaded.com.sa/services/business-setup
https://motaded.com.sa/blog/starting-a-business-in-saudi-arabia,https://motaded.com.sa/services/business-setup
https://motaded.com.sa/blog/commercial-registration-saudi-arabia,https://motaded.com.sa/services/business-setup
https://motaded.com.sa/blog/King-Abdullah-Economic-city,https://motaded.com.sa/services/business-setup
https://motaded.com.sa/blog/open-company-in-saudi-arabia,https://motaded.com.sa/services/business-setup
https://motaded.com.sa/blog/set-up-business-in-saudi,https://motaded.com.sa/services/business-setup
https://motaded.com.sa/blog/Saudi-Arabia-Business-Registration,https://motaded.com.sa/services/business-setup
https://motaded.com.sa/blog/Zakat-Tax-and-Customs-Authority,https://motaded.com.sa/blog/zakat-and-tax-in-saudi-arabia
https://motaded.com.sa/blog/Jazan-Special-Economic-free-Zone,https://motaded.com.sa/services/business-setup
https://motaded.com.sa/blog/Doing-Business-in-Saudi-Arabia,https://motaded.com.sa/services/business-setup
https://motaded.com.sa/blog/industrial-license-saudi-arabia,https://motaded.com.sa/services/business-setup
https://motaded.com.sa/blog/industrial-license-in-saudi-arabia,https://motaded.com.sa/services/business-setup
https://motaded.com.sa/blog/Branch-License-Company-in-Saudi-Arabia,https://motaded.com.sa/services/business-setup
https://motaded.com.sa/blog/commercial-license-in-saudi-arabia,https://motaded.com.sa/services/business-setup
https://motaded.com.sa/blog/start-up-company-in-saudi-arabia,https://motaded.com.sa/services/business-setup
https://motaded.com.sa/blog/driving-license-ksa,https://motaded.com.sa/blog/driving-licence-categories
https://motaded.com.sa/blog/register-a-business-in-saudi-arabia,https://motaded.com.sa/services/business-setup
https://motaded.com.sa/blog/Saudi-Vision-2030-Projects-and-Investor-Opportunities,https://motaded.com.sa/blog/vision-2030
https://motaded.com.sa/blog/Best-company-formation-in-saudi-arabia,https://motaded.com.sa/services/business-setup
https://motaded.com.sa/blog/Branch-of-a-Foreign-Company-in-Saudi-Arabia,https://motaded.com.sa/services/business-setup
https://motaded.com.sa/blog/register-a-company-in-Saudi-Arabia,https://motaded.com.sa/services/business-setup
https://motaded.com.sa/blog/Everything-about-investing-in-Saudi-Arabia,https://motaded.com.sa/services/business-setup
https://motaded.com.sa/blog/Doing-Business-in-Saudi-Arabia-Guide,https://motaded.com.sa/services/business-setup
https://motaded.com.sa/blog/vat-registration-in-saudi-arabia,https://motaded.com.sa/blog/tax-system-saudi-arabia-wht-vat-cit-guide
https://motaded.com.sa/blog/saudi-company-register,https://motaded.com.sa/services/business-setup
https://motaded.com.sa/blog/misa-business-licensing-in-saudi-arabia,https://motaded.com.sa/services/business-setup
https://motaded.com.sa/blog/gcc-company-saudi-arabia,https://motaded.com.sa/services/business-setup
https://motaded.com.sa/blog/entrepreneur-license-saudi-arabia,https://motaded.com.sa/services/business-setup
https://motaded.com.sa/blog/MISA-Investor-License,https://motaded.com.sa/services/business-setup
https://motaded.com.sa/ministry-of-investment-%28misa%29,https://motaded.com.sa/blog/ministry-of-investment-%28misa%29
https://motaded.com.sa/blog/Notarized-translation-services-in-Saudi-Arabia,https://motaded.com.sa/blog/Business-Document-Translation-Saudi-Arabia
https://motaded.com.sa/blog/Business-activities-in-saudi-arabia-investment-sovereignty,https://motaded.com.sa/services/business-setup
https://motaded.com.sa/blog/company-registration-in-saudi-arabia,https://motaded.com.sa/services/business-setup
https://motaded.com.sa/blog/foreign-company-registration-in-saudi-arabia,https://motaded.com.sa/services/business-setup
https://motaded.com.sa/blog/business-registration-in-saudi-rabia,https://motaded.com.sa/services/business-setup
https://motaded.com.sa/blog/how-to-apply-for-driving-license-in-ksa,https://motaded.com.sa/blog/driving-licence-categories
https://motaded.com.sa/blog/how-to-register-a-company-in-saudi-arabia,https://motaded.com.sa/services/business-setup
https://motaded.com.sa/blog/company-setup-services,https://motaded.com.sa/services/business-setup
https://motaded.com.sa/blog/free-zone-company-in-saudi-arabia,https://motaded.com.sa/services/business-setup
https://motaded.com.sa/blog/how-to-set-up-a-business-in-saudi-arabia,https://motaded.com.sa/services/business-setup
https://motaded.com.sa/blog/Visiting-Investor-Visa,https://motaded.com.sa/services/business-setup
https://motaded.com.sa/blog/sagia-license-saudi-arabia,https://motaded.com.sa/services/business-setup
https://motaded.com.sa/blog/Hr-Tech-Saudi-Arabia,https://motaded.com.sa/blog/HR-software-comparison-Saudi-Arabia
https://motaded.com.sa/branch_license_in_saudi_arabia,https://motaded.com.sa/services/business-setup
https://motaded.com.sa/blog/Business-Startup-in-Saudi-Arabia,https://motaded.com.sa/services/business-setup
https://motaded.com.sa/blog/saudi-company-setup,https://motaded.com.sa/services/business-setup
https://motaded.com.sa/blog/company-formation-in-ksa,https://motaded.com.sa/services/business-setup
https://motaded.com.sa/blog/business-setup-in-ksa,https://motaded.com.sa/services/business-setup
https://motaded.com.sa/blog/saudi-company-registration,https://motaded.com.sa/services/business-setup
https://motaded.com.sa/blog/setting-up-a-company-in-Saudi-Arabia,https://motaded.com.sa/services/business-setup
https://motaded.com.sa/blog/licence-saudi-arabia,https://motaded.com.sa/services/business-setup
https://motaded.com.sa/blog/Open-a-bank-account-in-Saudi-Arabia,https://motaded.com.sa/blog/bank-account-in-saudi
https://motaded.com.sa/blog/registering-a-company-in-saudi-arabia,https://motaded.com.sa/services/business-setup
https://motaded.com.sa/blog/Waste-Management-and-Treatment-License-in-Saudi-Arabia,https://motaded.com.sa/services/business-setup
https://motaded.com.sa/blog/how-to-setup-a-foreign-branch-in-saudi,https://motaded.com.sa/services/business-setup
https://motaded.com.sa/blog/register-a-license-in-saudi-arabia,https://motaded.com.sa/services/business-setup
https://motaded.com.sa/blog/company-set-up-in-saudi-arabia,https://motaded.com.sa/services/business-setup
https://motaded.com.sa/blog/investor-visa-in-saudi-arabia,https://motaded.com.sa/services/business-setup
https://motaded.com.sa/blog/Setting-Up-Business-In-Saudi-Arabia,https://motaded.com.sa/services/business-setup
https://motaded.com.sa/blog/Company-Formation-in-Saudi-Arabia-Guide,https://motaded.com.sa/services/business-setup
https://motaded.com.sa/blog/Direct-Foreign-investments-in-Saudi-Arabia,https://motaded.com.sa/blog/can-foreigners-do-business-in-saudi-arabia
https://motaded.com.sa/blog/vat-license-in-saudi-arabia,https://motaded.com.sa/blog/tax-system-saudi-arabia-wht-vat-cit-guide
https://motaded.com.sa/blog/Saudi-Startup-Business-Program,https://motaded.com.sa/services/business-setup
https://motaded.com.sa/blog/Company-Formation-in-Saudi,https://motaded.com.sa/services/business-setup
https://motaded.com.sa/blog/misa-license-requirements,https://motaded.com.sa/services/business-setup
https://motaded.com.sa/blog/commercial-registration-saudi-arabia-get-started,https://motaded.com.sa/services/business-setup
https://motaded.com.sa/blog/Business-Setup-for-Foreigners-in-Saudi-Arabia,https://motaded.com.sa/services/business-setup
https://motaded.com.sa/blog/foreign-branch-setup-in-saudi,https://motaded.com.sa/services/business-setup
https://motaded.com.sa/blog/Setup-a-business-in-Riyadh,https://motaded.com.sa/services/business-setup
https://motaded.com.sa/blog/Enhancing-Employee-Experience-Through-HR-Services,https://motaded.com.sa/blog/HR-Consultancy-in-Saudi-Arabia
https://motaded.com.sa/blog/Future-of-Business-Setup-in-Saudi-Arabia,https://motaded.com.sa/services/business-setup
https://motaded.com.sa/blog/Information-and-Communications-Activity-License-in-Saudi-Arabia,https://motaded.com.sa/services/business-setup
https://motaded.com.sa/blog/saudi-arabia-company-incorporation,https://motaded.com.sa/services/business-setup
https://motaded.com.sa/blog/saudi-arabia-commercial-register,https://motaded.com.sa/services/business-setup
https://motaded.com.sa/blog/General-Organization-for-Social-Insurance,https://motaded.com.sa/blog/gosi-certificate
https://motaded.com.sa/blog/saudi-premium-residency,https://motaded.com.sa/blog/Residency-in-Saudi-Arabia
https://motaded.com.sa/blog/business-setup-in-saudi-arabia,https://motaded.com.sa/services/business-setup
https://motaded.com.sa/blog/foreign-company-branch-in-saudi-arabia,https://motaded.com.sa/services/business-setup
https://motaded.com.sa/blog/saudi-arabia-commercial-license,https://motaded.com.sa/services/business-setup
https://motaded.com.sa/blog/how-to-start-llc-in-saudi,https://motaded.com.sa/services/business-setup
https://motaded.com.sa/blog/trade-license,https://motaded.com.sa/services/business-setup
https://motaded.com.sa/blog/types-of-companies-in-saudi-arabia,https://motaded.com.sa/services/business-setup
https://motaded.com.sa/blog/business-ideas-in-saudi-arabia,https://motaded.com.sa/services/business-setup
https://motaded.com.sa/blog/driving-license-process-in-saudi-arabia,https://motaded.com.sa/blog/driving-licence-categories
https://motaded.com.sa/blog/llc-company-formation-saudi,https://motaded.com.sa/services/business-setup
https://motaded.com.sa/blog/saudi-arabia-company-registration-process,https://motaded.com.sa/services/business-setup
https://motaded.com.sa/blog/how-to-get-driving-license-in-saudi-arabia,https://motaded.com.sa/blog/driving-licence-categories
https://motaded.com.sa/blog/set-up-JSC-in-saudi-arabia,https://motaded.com.sa/services/business-setup
https://motaded.com.sa/blog/Open-Branch-company-in-Saudi-Arabia,https://motaded.com.sa/services/business-setup
https://motaded.com.sa/blog/Set-Up-Business-in-Saudi-Arabia,https://motaded.com.sa/services/business-setup
https://motaded.com.sa/blog/commercial-registration-fees-in-saudi-arabia,https://motaded.com.sa/blog/cost-of-opening-a-company-in-saudi-arabia
https://motaded.com.sa/blog/company-registration-in-ksa,https://motaded.com.sa/services/business-setup
https://motaded.com.sa/blog/business-setup-service-in-saudi-arabia,https://motaded.com.sa/services/business-setup
https://motaded.com.sa/blog/start-your-branch-in-saudi-arabia,https://motaded.com.sa/services/business-setup
https://motaded.com.sa/blog/establish-company-in-saudi-arabia,https://motaded.com.sa/services/business-setup
https://motaded.com.sa/blog/how-to-get-business-license-in-saudi-arabia,https://motaded.com.sa/services/business-setup
https://motaded.com.sa/ar/الدليل-الشامل-للمركز-السعودي-للأعمال,https://motaded.com.sa/ar/blog/%D8%A7%D9%84%D8%AF%D9%84%D9%8A%D9%84-%D8%A7%D9%84%D8%B4%D8%A7%D9%85%D9%84-%D9%84%D9%84%D9%85%D8%B1%D9%83%D8%B2-%D8%A7%D9%84%D8%B3%D8%B9%D9%88%D8%AF%D9%8A-%D9%84%D9%84%D8%A3%D8%B9%D9%85%D8%A7%D9%84
https://motaded.com.sa/blog/saudi-arabia-business-license,https://motaded.com.sa/services/business-setup
https://motaded.com.sa/branch-license-in-saudi-arabia,https://motaded.com.sa/services/branch-license-in-saudi-arabia
https://motaded.com.sa/blog/saudi-arabia-license,https://motaded.com.sa/services/business-setup
https://motaded.com.sa/blog/saudi-business-license,https://motaded.com.sa/services/business-setup
https://motaded.com.sa/blog/how-to-start-a-business-in-saudi-arabia,https://motaded.com.sa/services/business-setup
https://motaded.com.sa/blog/how-to-start-a-small-business-in-saudi-arabia,https://motaded.com.sa/services/business-setup
https://motaded.com.sa/index.php/ar/contact-us,https://motaded.com.sa/ar/contact-us
https://motaded.com.sa/blog/open-business-in-saudi-arabia,https://motaded.com.sa/services/business-setup
https://motaded.com.sa/blog/opening-a-company-in-saudi-arabia,https://motaded.com.sa/services/business-setup
https://motaded.com.sa/ar/وزارة-الاستثمار-في-المملكة-العربية-السعودية,https://motaded.com.sa/ar/blog/%D9%88%D8%B2%D8%A7%D8%B1%D8%A9-%D8%A7%D9%84%D8%A7%D8%B3%D8%AA%D8%AB%D9%85%D8%A7%D8%B1-%D9%81%D9%8A-%D8%A7%D9%84%D9%85%D9%85%D9%84%D9%83%D8%A9-%D8%A7%D9%84%D8%B9%D8%B1%D8%A8%D9%8A%D8%A9-%D8%A7%D9%84%D8%B3%D8%B9%D9%88%D8%AF%D9%8A%D8%A9
https://motaded.com.sa/blog/foreign-business-ownership-in-saudi-arabia,https://motaded.com.sa/services/business-setup
https://motaded.com.sa/blog/register-a-company-in-jeddah,https://motaded.com.sa/services/business-setup
https://motaded.com.sa/blog/business-license-in-saudi-arabia,https://motaded.com.sa/services/business-setup
https://motaded.com.sa/blog/business-in-saudi-arabia-for-foreigners,https://motaded.com.sa/services/business-setup