title,status,langcode,translation_source_title,body,body_summary,field_short_description,field_country_name,field_type,field_relationship_focus,field_external_link_uri,field_external_link_title,field_priority,field_featured,field_meta_tags_json,field_logo_mid,field_chamber_featured_stats_json,path_alias
"Saudi Chambers",1,en,,"<p><strong>Saudi Chambers</strong>. Federation of Saudi chambers: policy voice, SME programmes, and links to regional boards—start at saudichambers.sa.</p><p>The Council of Saudi Chambers coordinates the network of regional chambers, publishes sector positions, and runs programmes that help companies understand licensing, procurement, and workforce policy. Use it when you need a national view before engaging a specific city chamber for branch-level services, events, and dispute referral pathways.</p>","Federation of Saudi chambers: policy voice, SME programmes, and links to regional boards—start at saudichambers.sa. The Council of Saudi Chambers coordinates the network of regional chambers, publishes sector positions, and runs programmes that help companies understand licensing, procurement, and workforce","Federation of Saudi chambers: policy voice, SME programmes, and links to regional boards—start at saudichambers.sa.","Saudi Arabia",chamber_of_commerce,"The Council of Saudi Chambers coordinates the network of regional chambers, publishes sector positions, and runs programmes that help companies understand licensing, procurement, and workforce",https://www.saudichambers.sa,saudichambers.sa,1,1,"{""title"":""Saudi Chambers (CSC): federation of Saudi chambers & business policy"",""description"":""What the Council of Saudi Chambers does, how it connects to Riyadh, Jeddah, and Eastern Province chambers, and when to use the national federation versus local boards."",""keywords"":""Saudi Chambers, Council of Saudi Chambers, CSC Saudi Arabia, federation chambers KSA, saudichambers.sa""}",,"[""National federation coordinating regional chambers"",""Policy advocacy and SME-facing programmes"",""Gateway before city-level chamber services""]",/chambers/saudi-chambers
"Riyadh Chamber of Commerce",1,en,,"<p><strong>Riyadh Chamber of Commerce</strong>. Riyadh Chamber: business services, training, and advocacy for the capital region—see chamber.sa.</p><p>The Riyadh Chamber supports companies headquartered or operating in the capital with membership services, certifications, training calendars, and networking aligned with national reform programmes. It is a practical first stop for CR-based entities needing local introductions, tender awareness, and documentation support tied to Riyadh authorities.</p>","Riyadh Chamber: business services, training, and advocacy for the capital region—see chamber.sa. The Riyadh Chamber supports companies headquartered or operating in the capital with membership services, certifications, training calendars, and networking aligned with national reform programmes","Riyadh Chamber: business services, training, and advocacy for the capital region—see chamber.sa.","Saudi Arabia",chamber_of_commerce,"The Riyadh Chamber supports companies headquartered or operating in the capital with membership services, certifications, training calendars, and networking aligned with national reform programmes",https://www.chamber.sa,chamber.sa,2,1,"{""title"":""Riyadh Chamber of Commerce: capital-region business services & advocacy"",""description"":""Overview of Riyadh Chamber membership, SME programmes, events, and how it complements the Saudi Chambers federation and national platforms."",""keywords"":""Riyadh Chamber of Commerce, chamber.sa, Riyadh business membership, Saudi capital chamber""}",,"[""Capital-region membership and business services"",""Training, events, and SME programmes"",""Local counterpart to national federation""]",/chambers/riyadh-chamber-of-commerce
"Jeddah Chamber of Commerce",1,en,,"<p><strong>Jeddah Chamber of Commerce</strong>. Jeddah Chamber (JCCI): western KSA trade, logistics, and Red Sea business gateway—jcci.org.sa.</p><p>JCCI serves western Saudi Arabia with a strong orientation toward import–export, logistics, hospitality, and Red Sea corridor projects. Exporters and port-facing operators typically pair JCCI introductions with customs and maritime advisors because the chamber’s committees track corridor-specific bottlenecks and seasonal trade peaks.</p>","Jeddah Chamber (JCCI): western KSA trade, logistics, and Red Sea business gateway—jcci.org.sa. JCCI serves western Saudi Arabia with a strong orientation toward import–export, logistics, hospitality, and Red Sea corridor projects. Exporters and port-facing operators typically pair JCCI","Jeddah Chamber (JCCI): western KSA trade, logistics, and Red Sea business gateway—jcci.org.sa.","Saudi Arabia",chamber_of_commerce,"JCCI serves western Saudi Arabia with a strong orientation toward import–export, logistics, hospitality, and Red Sea corridor projects. Exporters and port-facing operators typically pair JCCI",https://www.jcci.org.sa,jcci.org.sa,3,1,"{""title"":""Jeddah Chamber of Commerce (JCCI): western Saudi trade & logistics"",""description"":""How JCCI supports businesses in Jeddah and the western region, with emphasis on trade, logistics, and Red Sea economic activity."",""keywords"":""Jeddah Chamber, JCCI, jcci.org.sa, western Saudi Arabia chamber, Red Sea trade chamber""}",,"[""Western region trade and logistics focus"",""Gateway orientation for Red Sea corridor"",""Committees aligned with port-facing sectors""]",/chambers/jeddah-chamber-of-commerce
"Eastern Province Chamber",1,en,,"<p><strong>Eastern Province Chamber</strong>. Asharqia Chamber: industrial, energy, and petrochemical ecosystem support in the Eastern Province—chamber.org.sa.</p><p>The Eastern Province Chamber (Asharqia) anchors programmes for energy, manufacturing, and supply-chain clusters around Jubail, Dammam, and Dhahran. Operators with large contractor footprints use it for HSE forums, local content briefings, and introductions to tier-2 suppliers that rarely appear on generic national directories.</p>","Asharqia Chamber: industrial, energy, and petrochemical ecosystem support in the Eastern Province—chamber.org.sa. The Eastern Province Chamber (Asharqia) anchors programmes for energy, manufacturing, and supply-chain clusters around Jubail, Dammam, and Dhahran. Operators with large contractor footprints use it","Asharqia Chamber: industrial, energy, and petrochemical ecosystem support in the Eastern Province—chamber.org.sa.","Saudi Arabia",chamber_of_commerce,"The Eastern Province Chamber (Asharqia) anchors programmes for energy, manufacturing, and supply-chain clusters around Jubail, Dammam, and Dhahran. Operators with large contractor footprints use it",https://www.chamber.org.sa,chamber.org.sa,4,1,"{""title"":""Eastern Province Chamber (Asharqia): industrial & energy business support"",""description"":""Asharqia Chamber context for companies in Saudi Arabia’s Eastern Province: industry clusters, programmes, and how it fits national chamber structures."",""keywords"":""Eastern Province Chamber, Asharqia Chamber, chamber.org.sa, Dammam chamber, Jubail business""}",,"[""Industrial and energy-sector cluster focus"",""Supplier and contractor ecosystem programmes"",""Regional counterpart to Riyadh and Jeddah boards""]",/chambers/eastern-province-chamber
"British Saudi Business Council",1,en,,"<p><strong>British Saudi Business Council</strong>. BSBC: bilateral trade, investor introductions, and policy dialogue between the UK and Saudi Arabia—bsbc.org.uk.</p><p>The British Saudi Business Council convenes corporates, professional services, and SMEs around trade missions, regulatory updates, and sector roundtables. UK exporters and Saudi partners use it to sanity-check market entry sequencing with peers who have recent licensing, VAT, and localisation experience rather than relying on generic checklists alone.</p>","BSBC: bilateral trade, investor introductions, and policy dialogue between the UK and Saudi Arabia—bsbc.org.uk. The British Saudi Business Council convenes corporates, professional services, and SMEs around trade missions, regulatory updates, and sector roundtables. UK exporters and Saudi partners use it to","BSBC: bilateral trade, investor introductions, and policy dialogue between the UK and Saudi Arabia—bsbc.org.uk.","United Kingdom",business_council,"The British Saudi Business Council convenes corporates, professional services, and SMEs around trade missions, regulatory updates, and sector roundtables. UK exporters and Saudi partners use it to",https://www.bsbc.org.uk,bsbc.org.uk,5,1,"{""title"":""British Saudi Business Council (BSBC): UK–Saudi trade & investment"",""description"":""What BSBC offers UK and Saudi companies: networking, missions, and practical context for cross-border deals and compliance."",""keywords"":""BSBC, British Saudi Business Council, UK Saudi trade, Saudi Arabia UK investment""}",,,/chambers/british-saudi-business-council
"US-Saudi Business Council",1,en,,"<p><strong>US-Saudi Business Council</strong>. USSBC: policy, commercial diplomacy, and member programmes for US firms in the Saudi market—ussbc.org.</p><p>The US–Saudi Business Council publishes cross-border market intelligence, hosts delegations, and connects American industrials, defence suppliers, and services firms with counterpart ministries and buyers. Members treat it as a long-horizon relationship channel that complements embassy trade teams when programmes require sustained private-sector follow-up.</p>","USSBC: policy, commercial diplomacy, and member programmes for US firms in the Saudi market—ussbc.org. The US–Saudi Business Council publishes cross-border market intelligence, hosts delegations, and connects American industrials, defence suppliers, and services firms with counterpart ministries and","USSBC: policy, commercial diplomacy, and member programmes for US firms in the Saudi market—ussbc.org.",USA,business_council,"The US–Saudi Business Council publishes cross-border market intelligence, hosts delegations, and connects American industrials, defence suppliers, and services firms with counterpart ministries and",https://www.ussbc.org,ussbc.org,6,1,"{""title"":""US-Saudi Business Council: US companies in Saudi Arabia"",""description"":""USSBC overview for US exporters and investors: advocacy, programmes, and how the council supports market entry alongside government channels."",""keywords"":""USSBC, US Saudi Business Council, US Saudi trade, American business Saudi Arabia""}",,,/chambers/us-saudi-business-council
"Saudi French Business Council",1,en,,"<p><strong>Saudi French Business Council</strong>. France–Saudi business council: bilateral committees, SME matchmaking, and Franco-Saudi economic dialogue.</p><p>The Saudi French Business Council supports Franco-Saudi industrial partnerships, services exports, and cultural industry collaborations. French mid-caps use it to access curated introductions in regulated sectors where language, documentation, and local partnership structures materially affect bid quality.</p>","France–Saudi business council: bilateral committees, SME matchmaking, and Franco-Saudi economic dialogue. The Saudi French Business Council supports Franco-Saudi industrial partnerships, services exports, and cultural industry collaborations. French mid-caps use it to access curated introductions in","France–Saudi business council: bilateral committees, SME matchmaking, and Franco-Saudi economic dialogue.",France,business_council,"The Saudi French Business Council supports Franco-Saudi industrial partnerships, services exports, and cultural industry collaborations. French mid-caps use it to access curated introductions in",https://www.medefinternational.fr,"Medef International",7,0,"{""title"":""Saudi French Business Council: France–Saudi economic cooperation"",""description"":""Bilateral business council connecting French and Saudi companies: committees, missions, and sector cooperation."",""keywords"":""Saudi French Business Council, France Saudi trade, Medef Saudi""}",,,/chambers/saudi-french-business-council
"Saudi German Liaison Office for Economic Affairs",1,en,,"<p><strong>Saudi German Liaison Office for Economic Affairs</strong>. AHK Saudi Arabia: German Chamber desk for market entry, legal/tax orientation, and delegation programmes—saudiarabien.ahk.de.</p><p>The Delegation of German Industry and Commerce (AHK) in Saudi Arabia helps Mittelstand manufacturers and service providers localise offers, vet agents, and align proposals with Saudi procurement norms. Teams pair AHK briefings with technical conformity and logistics advisors when shipments or factory investments are on the critical path.</p>","AHK Saudi Arabia: German Chamber desk for market entry, legal/tax orientation, and delegation programmes—saudiarabien.ahk.de. The Delegation of German Industry and Commerce (AHK) in Saudi Arabia helps Mittelstand manufacturers and service providers localise offers, vet agents, and align proposals with Saudi procurement","AHK Saudi Arabia: German Chamber desk for market entry, legal/tax orientation, and delegation programmes—saudiarabien.ahk.de.",Germany,trade_association,"The Delegation of German Industry and Commerce (AHK) in Saudi Arabia helps Mittelstand manufacturers and service providers localise offers, vet agents, and align proposals with Saudi procurement",https://saudiarabien.ahk.de,"AHK Saudi Arabia",8,0,"{""title"":""AHK Saudi Arabia: German Chamber liaison office & market services"",""description"":""How the German Chamber in Saudi Arabia supports bilateral trade, delegations, and practical market entry for German companies."",""keywords"":""AHK Saudi Arabia, German Chamber Saudi Arabia, saudiarabien.ahk.de, Germany Saudi trade""}",,,/chambers/saudi-german-liaison-office-for-economic-affairs
"UAE-Saudi Business Council",1,en,,"<p><strong>UAE-Saudi Business Council</strong>. UAE–Saudi council: GCC corridor trade, family-business networks, and cross-border investment dialogue.</p><p>The UAE–Saudi Business Council focuses on logistics, retail, construction, and family-office capital moving across the GCC. Operators use it to align banking, group structuring, and visa mobility strategies with peers navigating parallel reforms in both markets.</p>","UAE–Saudi council: GCC corridor trade, family-business networks, and cross-border investment dialogue. The UAE–Saudi Business Council focuses on logistics, retail, construction, and family-office capital moving across the GCC. Operators use it to align banking, group structuring, and visa mobility","UAE–Saudi council: GCC corridor trade, family-business networks, and cross-border investment dialogue.",UAE,business_council,"The UAE–Saudi Business Council focuses on logistics, retail, construction, and family-office capital moving across the GCC. Operators use it to align banking, group structuring, and visa mobility",https://www.uaesaudibusinesscouncil.org,uaesaudibusinesscouncil.org,9,0,"{""title"":""UAE-Saudi Business Council: GCC trade & investment"",""description"":""Council supporting UAE–Saudi commercial ties, sector committees, and practical networking for cross-border operators."",""keywords"":""UAE Saudi Business Council, GCC trade UAE Saudi, uaesaudibusinesscouncil""}",,,/chambers/uae-saudi-business-council
"Bahrain Saudi Business Council",1,en,,"<p><strong>Bahrain Saudi Business Council</strong>. Bahrain–Saudi council: Causeway logistics, manufacturing joint ventures, and financial-services corridor ties.</p><p>The Bahrain Saudi Business Council helps firms leverage proximity across the King Fahd Causeway for light manufacturing, distribution, and fintech experiments. Members coordinate on customs documentation discipline and cross-border payroll models that remain sensitive to rule changes.</p>","Bahrain–Saudi council: Causeway logistics, manufacturing joint ventures, and financial-services corridor ties. The Bahrain Saudi Business Council helps firms leverage proximity across the King Fahd Causeway for light manufacturing, distribution, and fintech experiments. Members coordinate on customs","Bahrain–Saudi council: Causeway logistics, manufacturing joint ventures, and financial-services corridor ties.",Bahrain,business_council,"The Bahrain Saudi Business Council helps firms leverage proximity across the King Fahd Causeway for light manufacturing, distribution, and fintech experiments. Members coordinate on customs",https://www.bahrainsaudi.org,bahrainsaudi.org,10,0,"{""title"":""Bahrain Saudi Business Council: Causeway trade & investment"",""description"":""Bilateral council for Bahraini and Saudi companies: logistics, manufacturing, and financial corridor opportunities."",""keywords"":""Bahrain Saudi Business Council, Causeway trade, Bahrain Saudi investment""}",,,/chambers/bahrain-saudi-business-council
"Indian Business and Professional Council Riyadh",1,en,,"<p><strong>Indian Business and Professional Council Riyadh</strong>. IBPC Riyadh: diaspora business network, professional events, and India–Saudi SME connectivity—ibpc-ksa.com.</p><p>IBPC Riyadh supports Indian professionals and companies with community programmes, sector meetups, and guidance on documentation for long-stay assignments. It complements embassy consular channels with operational peer advice on schools, banking, and supplier onboarding.</p>","IBPC Riyadh: diaspora business network, professional events, and India–Saudi SME connectivity—ibpc-ksa.com. IBPC Riyadh supports Indian professionals and companies with community programmes, sector meetups, and guidance on documentation for long-stay assignments. It complements embassy consular channels","IBPC Riyadh: diaspora business network, professional events, and India–Saudi SME connectivity—ibpc-ksa.com.",India,trade_association,"IBPC Riyadh supports Indian professionals and companies with community programmes, sector meetups, and guidance on documentation for long-stay assignments. It complements embassy consular channels",https://www.ibpc-ksa.com,ibpc-ksa.com,11,0,"{""title"":""IBPC Riyadh: Indian business & professional council in KSA"",""description"":""Indian Business and Professional Council in Riyadh: networking, events, and practical support for Indian businesses in Saudi Arabia."",""keywords"":""IBPC Riyadh, Indian business council Saudi Arabia, ibpc-ksa""}",,,/chambers/indian-business-and-professional-council-riyadh
"Canadian Business Council Riyadh",1,en,,"<p><strong>Canadian Business Council Riyadh</strong>. CBC Riyadh: Canadian trade advocacy, member events, and Saudi market intelligence for Canadian firms—cbcksa.com.</p><p>The Canadian Business Council in Riyadh connects aerospace, agriculture, education, and energy services exporters with Saudi buyers and regulators through curated programmes. Members use it to compare notes on certification timelines and local partnership models ahead of large tenders.</p>","CBC Riyadh: Canadian trade advocacy, member events, and Saudi market intelligence for Canadian firms—cbcksa.com. The Canadian Business Council in Riyadh connects aerospace, agriculture, education, and energy services exporters with Saudi buyers and regulators through curated programmes. Members use it to","CBC Riyadh: Canadian trade advocacy, member events, and Saudi market intelligence for Canadian firms—cbcksa.com.",Canada,business_council,"The Canadian Business Council in Riyadh connects aerospace, agriculture, education, and energy services exporters with Saudi buyers and regulators through curated programmes. Members use it to",https://www.cbcksa.com,cbcksa.com,12,0,"{""title"":""Canadian Business Council Riyadh: Canada–Saudi trade"",""description"":""CBC Riyadh overview for Canadian companies: advocacy, networking, and practical Saudi market context."",""keywords"":""Canadian Business Council Riyadh, CBC KSA, Canada Saudi trade""}",,,/chambers/canadian-business-council-riyadh
"Australian Saudi Business Council",1,en,,"<p><strong>Australian Saudi Business Council</strong>. Australia–Saudi business ties: agribusiness, education, and resources trade intelligence via Austrade programmes.</p><p>The Australian Saudi Business Council channels Austrade-led intelligence on education services, agtech, and mining equipment exports. SMEs use it to sequence pilot projects with distributors who understand Saudi inspection and after-sales expectations.</p>","Australia–Saudi business ties: agribusiness, education, and resources trade intelligence via Austrade programmes. The Australian Saudi Business Council channels Austrade-led intelligence on education services, agtech, and mining equipment exports. SMEs use it to sequence pilot projects with distributors who","Australia–Saudi business ties: agribusiness, education, and resources trade intelligence via Austrade programmes.",Australia,business_council,"The Australian Saudi Business Council channels Austrade-led intelligence on education services, agtech, and mining equipment exports. SMEs use it to sequence pilot projects with distributors who",https://www.austrade.gov.au,Austrade,13,0,"{""title"":""Australian Saudi Business Council: Australia–Saudi trade"",""description"":""How Australian companies engage Saudi buyers through council and Austrade-aligned programmes."",""keywords"":""Australian Saudi Business Council, Austrade Saudi Arabia, Australia Saudi trade""}",,,/chambers/australian-saudi-business-council
"Italian Saudi Business Council",1,en,,"<p><strong>Italian Saudi Business Council</strong>. Italy–Saudi council: design, engineering, and manufacturing partnerships via Confindustria-linked networks.</p><p>The Italian Saudi Business Council highlights machinery, automotive components, and luxury goods pathways where Italian quality credentials matter. Operators pair council introductions with conformity and retail distribution advisors when entering modern trade channels.</p>","Italy–Saudi council: design, engineering, and manufacturing partnerships via Confindustria-linked networks. The Italian Saudi Business Council highlights machinery, automotive components, and luxury goods pathways where Italian quality credentials matter. Operators pair council introductions with","Italy–Saudi council: design, engineering, and manufacturing partnerships via Confindustria-linked networks.",Italy,business_council,"The Italian Saudi Business Council highlights machinery, automotive components, and luxury goods pathways where Italian quality credentials matter. Operators pair council introductions with",https://www.assolombarda.it,Assolombarda,14,0,"{""title"":""Italian Saudi Business Council: Italy–Saudi business"",""description"":""Council supporting Italian exporters and investors in Saudi Arabia across industrial and consumer sectors."",""keywords"":""Italian Saudi Business Council, Italy Saudi trade, Assolombarda Saudi""}",,,/chambers/italian-saudi-business-council
"Spanish Saudi Business Council",1,en,,"<p><strong>Spanish Saudi Business Council</strong>. Spain–Saudi council: infrastructure, tourism, and agri-food exports with ICEX-aligned trade support.</p><p>The Spanish Saudi Business Council supports EPC contractors, renewable developers, and agri-food brands navigating long sales cycles. Members coordinate on Spanish-language documentation packs and local agent performance benchmarks.</p>","Spain–Saudi council: infrastructure, tourism, and agri-food exports with ICEX-aligned trade support. The Spanish Saudi Business Council supports EPC contractors, renewable developers, and agri-food brands navigating long sales cycles. Members coordinate on Spanish-language documentation packs and","Spain–Saudi council: infrastructure, tourism, and agri-food exports with ICEX-aligned trade support.",Spain,business_council,"The Spanish Saudi Business Council supports EPC contractors, renewable developers, and agri-food brands navigating long sales cycles. Members coordinate on Spanish-language documentation packs and",https://www.icex.es,ICEX,15,0,"{""title"":""Spanish Saudi Business Council: Spain–Saudi trade"",""description"":""Bilateral council for Spanish companies in Saudi Arabia: sectors, missions, and trade promotion context."",""keywords"":""Spanish Saudi Business Council, ICEX Saudi Arabia, Spain Saudi trade""}",,,/chambers/spanish-saudi-business-council
"Japanese Saudi Business Council",1,en,,"<p><strong>Japanese Saudi Business Council</strong>. Japan–Saudi council: advanced manufacturing, automotive supply chains, and JETRO-backed market entry.</p><p>The Japanese Saudi Business Council aligns keiretsu suppliers and trading houses with Vision 2030 industrial projects. Participants focus on quality planning, spare-parts logistics, and long-term maintenance contracts that match Saudi operator expectations.</p>","Japan–Saudi council: advanced manufacturing, automotive supply chains, and JETRO-backed market entry. The Japanese Saudi Business Council aligns keiretsu suppliers and trading houses with Vision 2030 industrial projects. Participants focus on quality planning, spare-parts logistics, and long-term","Japan–Saudi council: advanced manufacturing, automotive supply chains, and JETRO-backed market entry.",Japan,business_council,"The Japanese Saudi Business Council aligns keiretsu suppliers and trading houses with Vision 2030 industrial projects. Participants focus on quality planning, spare-parts logistics, and long-term",https://www.jetro.go.jp,JETRO,16,0,"{""title"":""Japanese Saudi Business Council: Japan–Saudi industrial cooperation"",""description"":""Council context for Japanese companies investing and exporting to Saudi Arabia with JETRO-aligned support."",""keywords"":""Japanese Saudi Business Council, JETRO Saudi Arabia, Japan Saudi trade""}",,,/chambers/japanese-saudi-business-council
"Korean Saudi Business Council",1,en,,"<p><strong>Korean Saudi Business Council</strong>. Korea–Saudi council: EPC, shipbuilding, and digital infrastructure partnerships with KOTRA programmes.</p><p>The Korean Saudi Business Council supports chaebol and mid-tier suppliers bidding into giga-projects and utilities. Members share playbooks on joint ventures, Saudization planning, and bank guarantee structures that recur in Korean-led EPC awards.</p>","Korea–Saudi council: EPC, shipbuilding, and digital infrastructure partnerships with KOTRA programmes. The Korean Saudi Business Council supports chaebol and mid-tier suppliers bidding into giga-projects and utilities. Members share playbooks on joint ventures, Saudization planning, and bank guarantee","Korea–Saudi council: EPC, shipbuilding, and digital infrastructure partnerships with KOTRA programmes.","South Korea",business_council,"The Korean Saudi Business Council supports chaebol and mid-tier suppliers bidding into giga-projects and utilities. Members share playbooks on joint ventures, Saudization planning, and bank guarantee",https://www.kotra.or.kr,KOTRA,17,0,"{""title"":""Korean Saudi Business Council: Korea–Saudi trade & EPC"",""description"":""Council overview for Korean companies in Saudi Arabia: sectors, programmes, and KOTRA-aligned entry paths."",""keywords"":""Korean Saudi Business Council, KOTRA Saudi Arabia, Korea Saudi trade""}",,,/chambers/korean-saudi-business-council
"Chinese Saudi Business Council",1,en,,"<p><strong>Chinese Saudi Business Council</strong>. China–Saudi council: Belt-and-Road logistics, contractor supply chains, and CCPIT trade facilitation.</p><p>The Chinese Saudi Business Council helps mainland contractors and manufacturers align HS documentation, conformity, and subcontracting models with Saudi mega-project governance. Participants coordinate on bilingual contract administration and payment security practices.</p>","China–Saudi council: Belt-and-Road logistics, contractor supply chains, and CCPIT trade facilitation. The Chinese Saudi Business Council helps mainland contractors and manufacturers align HS documentation, conformity, and subcontracting models with Saudi mega-project governance. Participants","China–Saudi council: Belt-and-Road logistics, contractor supply chains, and CCPIT trade facilitation.",China,business_council,"The Chinese Saudi Business Council helps mainland contractors and manufacturers align HS documentation, conformity, and subcontracting models with Saudi mega-project governance. Participants",https://www.ccpit.org,CCPIT,18,0,"{""title"":""Chinese Saudi Business Council: China–Saudi investment & trade"",""description"":""Council context for Chinese enterprises in Saudi Arabia: trade promotion, missions, and sector cooperation."",""keywords"":""Chinese Saudi Business Council, CCPIT Saudi Arabia, China Saudi trade""}",,,/chambers/chinese-saudi-business-council
"Swiss Saudi Business Council",1,en,,"<p><strong>Swiss Saudi Business Council</strong>. Switzerland–Saudi council: precision industry, pharma, and finance corridors via S-GE and Swiss private sector.</p><p>The Swiss Saudi Business Council convenes medtech, pharma, and watchmaking brands with discreet networking suited to high-trust categories. Members stress documentation for cold-chain logistics and distributor exclusivity clauses that map to Saudi agency law.</p>","Switzerland–Saudi council: precision industry, pharma, and finance corridors via S-GE and Swiss private sector. The Swiss Saudi Business Council convenes medtech, pharma, and watchmaking brands with discreet networking suited to high-trust categories. Members stress documentation for cold-chain logistics and","Switzerland–Saudi council: precision industry, pharma, and finance corridors via S-GE and Swiss private sector.",Switzerland,business_council,"The Swiss Saudi Business Council convenes medtech, pharma, and watchmaking brands with discreet networking suited to high-trust categories. Members stress documentation for cold-chain logistics and",https://www.s-ge.com,S-GE,19,0,"{""title"":""Swiss Saudi Business Council: Switzerland–Saudi business"",""description"":""Council for Swiss SMEs and corporates entering Saudi Arabia: sectors, programmes, and S-GE-aligned support."",""keywords"":""Swiss Saudi Business Council, S-GE Saudi Arabia, Switzerland Saudi trade""}",,,/chambers/swiss-saudi-business-council
"Dutch Saudi Business Council",1,en,,"<p><strong>Dutch Saudi Business Council</strong>. Netherlands–Saudi council: agritech, water, ports, and circular-economy partnerships with RVO trade desks.</p><p>The Dutch Saudi Business Council highlights agri-food innovation, water management, and port digitalisation where Dutch suppliers hold strong references. Members coordinate on EU export compliance alongside Saudi technical standards updates.</p>","Netherlands–Saudi council: agritech, water, ports, and circular-economy partnerships with RVO trade desks. The Dutch Saudi Business Council highlights agri-food innovation, water management, and port digitalisation where Dutch suppliers hold strong references. Members coordinate on EU export compliance","Netherlands–Saudi council: agritech, water, ports, and circular-economy partnerships with RVO trade desks.",Netherlands,business_council,"The Dutch Saudi Business Council highlights agri-food innovation, water management, and port digitalisation where Dutch suppliers hold strong references. Members coordinate on EU export compliance",https://www.rvo.nl,RVO,20,0,"{""title"":""Dutch Saudi Business Council: Netherlands–Saudi trade"",""description"":""Council for Dutch companies in Saudi Arabia: agritech, water, logistics, and RVO-aligned programmes."",""keywords"":""Dutch Saudi Business Council, RVO Saudi Arabia, Netherlands Saudi trade""}",,,/chambers/dutch-saudi-business-council
