event_title,field_title,field_documents_media
Future Investment Initiative 2026,Event Brochure,FII_2026_Brochure.pdf
Future Investment Initiative 2026,Agenda Overview,FII_2026_Agenda.pdf
Future Investment Initiative 2026,Sponsorship Deck,FII_2026_Sponsors.pdf
LEAP 2026,Event Guide,LEAP_2026_Guide.pdf
LEAP 2026,Startup Program,LEAP_Startup_Program.pdf
LEAP 2026,Floor Plan,LEAP_Expo_Map.pdf
Black Hat MEA 2026,Training Catalog,BlackHat_Training.pdf
Black Hat MEA 2026,Conference Schedule,BlackHat_Agenda.pdf
GITEX Global Dubai,Exhibitor Guide,GITEX_Exhibitor.pdf
GITEX Global Dubai,Visitor Guide,GITEX_Visitor.pdf
Arab Health Dubai,Exhibitor Manual,ArabHealth_Manual.pdf
Arab Health Dubai,Conference Agenda,ArabHealth_Agenda.pdf
