event_title,paragraph_type,field_title,field_body
Future Investment Initiative 2026,why_attend,Global Investment Insights,"Gain access to high-level discussions on global investment trends, ESG strategies, and future economic shifts shaping international markets."
Future Investment Initiative 2026,why_attend,Networking with Leaders,"Connect with global investors, policymakers, and business leaders from across sectors and regions."
Future Investment Initiative 2026,agenda,"Day 1: Global Economy Outlook","Keynote sessions focused on macroeconomic trends, global capital flows, and geopolitical impacts on investment."
Future Investment Initiative 2026,agenda,"Day 2: Innovation & Technology","Sessions exploring AI, digital transformation, and emerging technologies driving economic growth."
Future Investment Initiative 2026,what_we_offer,Curated Business Meetings,"Facilitated meetings with investors, government representatives, and strategic partners."
Future Investment Initiative 2026,who_should_attend,Investors & Funds,"Institutional investors, venture capital firms, and private equity professionals."
Future Investment Initiative 2026,who_should_attend,Government Representatives,"Officials involved in economic policy, investment, and development initiatives."
LEAP 2026,why_attend,Explore Future Tech,"Discover the latest advancements in AI, cloud computing, and emerging technologies."
LEAP 2026,why_attend,Startup Ecosystem,"Engage with startups, investors, and accelerators shaping the region’s tech ecosystem."
LEAP 2026,agenda,"Day 1: AI & Data","Sessions focused on artificial intelligence, big data, and digital transformation."
LEAP 2026,agenda,"Day 2: Startups & Innovation","Pitch sessions, startup showcases, and investment opportunities."
LEAP 2026,what_we_offer,Startup Showcases,"Opportunities to connect with high-growth startups and innovation leaders."
LEAP 2026,who_should_attend,Tech Professionals,"Engineers, developers, and IT leaders."
LEAP 2026,who_should_attend,Investors,"VCs, angel investors, and corporate innovation teams."
Black Hat MEA 2026,why_attend,Cybersecurity Expertise,"Learn from global cybersecurity experts and ethical hackers."
Black Hat MEA 2026,agenda,Hands-on Training Sessions,"Technical workshops focused on penetration testing and threat detection."
Black Hat MEA 2026,what_we_offer,Security Briefings,"Exclusive insights into cyber threats and defense strategies."
Black Hat MEA 2026,who_should_attend,Security Professionals,"CISOs, security analysts, and IT risk managers."
Saudi Infrastructure Expo,why_attend,Infrastructure Opportunities,"Explore major infrastructure projects across Saudi Arabia."
Saudi Infrastructure Expo,agenda,Construction & Development Panels,"Discussions on mega projects and infrastructure planning."
Saudi Infrastructure Expo,what_we_offer,Industry Networking,"Meet contractors, suppliers, and project developers."
Saudi Infrastructure Expo,who_should_attend,Construction Firms,"Companies involved in infrastructure and engineering."
GITEX Global Dubai,why_attend,Global Tech Exposure,"Experience one of the world’s largest technology exhibitions."
GITEX Global Dubai,agenda,Digital Innovation Tracks,"Sessions on AI, fintech, and digital transformation."
GITEX Global Dubai,what_we_offer,Business Matchmaking,"Connect with global tech companies and investors."
GITEX Global Dubai,who_should_attend,Tech Companies,"Startups, enterprises, and solution providers."
Arab Health Dubai,why_attend,Healthcare Innovation,"Discover innovations in healthcare and medical technologies."
Arab Health Dubai,agenda,Medical Conferences,"Clinical and healthcare management sessions."
Arab Health Dubai,what_we_offer,Exhibition Access,"Explore global healthcare solutions and technologies."
Arab Health Dubai,who_should_attend,Healthcare Professionals,"Doctors, hospital administrators, and medical suppliers."
Saudi Tourism Forum,why_attend,Tourism Growth Insights,"Understand Saudi Arabia’s tourism development strategy."
Saudi Tourism Forum,agenda,Tourism Investment Panels,"Discussions on mega tourism projects."
Saudi Tourism Forum,what_we_offer,Investment Opportunities,"Connect with tourism investors and developers."
Saudi Tourism Forum,who_should_attend,Hospitality Sector,"Hotel operators, tourism agencies, and developers."
