title,status,langcode,translation_source_title,body,body_summary,field_short_description,field_subtitle,field_cta_text,field_featured,field_source_text,field_category_name,field_region_name,field_sector_name,field_cta_link_uri,field_cta_link_title,field_external_link_uri,field_external_link_title,field_source_link_uri,field_source_link_title,field_logo_mid,field_hero_image_mid,field_partner_logos_mids,field_meta_tags_json,field_why_matters_json,field_how_we_help_json,field_process_steps_json,field_requirements_json,field_resources_json,field_related_platforms_titles,path_alias
"هيئة الزكاة والضريبة والجمارك",1,ar,ZATCA,"<p><strong>هيئة الزكاة والضريبة والجمارك (ZATCA)</strong> هي الجهة الحكومية المختصة بإدارة الضرائب والزكاة والجمارك ونظام <strong>الفوترة الإلكترونية (فاتورة)</strong> في المملكة العربية السعودية.</p><p>على المنشآت الخاضعة للضريبة التسجيل وإصدار فواتير متوافقة والاحتفاظ بالسجلات وتقديم الإقرارات عبر القنوات الرقمية للهيئة، مع مراعاة قواعد الجمارك للاستيراد والتصدير.</p><p>يُنصح دائمًا بالتحقق من آخر الإصدارات والتعاميم على <a href=""https://zatca.gov.sa/"">zatca.gov.sa</a> قبل اتخاذ قرارات الامتثال.</p>","تشرف ZATCA على ضريبة القيمة المضافة والزكاة والجمارك ونظام الفوترة الإلكترونية في المملكة. هذا الموجز يربط الامتثال الضريبي بمنصات العمل (قوى، التأمينات، مدد) والبلديات دون أن يغني عن المراجعة الرسمية.","الجهة السعودية المختصة بالضريبة والزكاة والجمارك والفوترة الإلكترونية «فاتورة»: التسجيل والفواتير المتوافقة والإقرارات—راجع zatca.gov.sa.","الهيئة العامة للزكاة والدخل والجمارك","استكشف إرشادات الفوترة الإلكترونية",0,"مواد ضريبة القيمة المضافة الرسمية",Tax,"Saudi Arabia","Finance & Fintech",https://zatca.gov.sa/en/E-Invoicing/Pages/default.aspx,"E-invoicing (FATOORA)",https://zatca.gov.sa/en/Pages/default.aspx,"ZATCA official portal",https://zatca.gov.sa/en/rulesregulations/vat/pages/default.aspx,"VAT rules and regulations",,,,"{""title"":""ZATCA السعودية: ضريبة القيمة المضافة والفوترة الإلكترونية والجمارك"",""description"":""دليل موجز لهيئة الزكاة والضريبة والجمارك: ضريبة القيمة المضافة، فاتورة، الجمارك والزكاة مع روابط رسمية."",""keywords"":""ZATCA,الضريبة السعودية,فاتورة,الجمارك,الزكاة""}","[{""title"":""وضوح تنظيمي"",""body"":""تجميع القواعد والإرشادات المنشورة يساعد فرق المالية والعمليات على مواءمة الفوترة والضريبة والجمارك مع متطلبات المملكة."",""icon"":""shield""},{""title"":""امتثال رقمي"",""body"":""فاتورة والخدمات المرتبطة تقلل الأوراق وتدعم قابلية التدقيق عبر بيانات فواتير إلكترونية منظمة."",""icon"":""document""},{""title"":""تجارة عبر الحدود"",""body"":""تتقاطع اعتبارات الجمارك والضريبة غالبًا للمستوردين والمصدرين؛ ZATCA هي القناة المرجعية للإفادات ذات الصلة."",""icon"":""globe""}]","[{""title"":""التسجيل والإقرارات"",""body"":""التسجيل لضريبة القيمة المضافة عند الاقتضاء، والاحتفاظ بسجلات دقيقة، وتقديم الإقرارات وفق قواعد ضريبة القيمة المضافة المنشورة."",""icon"":""briefcase""},{""title"":""الفوترة الإلكترونية"",""body"":""إصدار وتبادل فواتير إلكترونية متوافقة وإشعارات دائنة ومدينة بما يتماشى مع الإطار التقني للهيئة."",""icon"":""list_check""},{""title"":""الجمارك والزكاة"",""body"":""استخدام قنوات الهيئة للإفادات الجمركية والالتزامات الزكوية بحسب نوع الكيان والقطاع."",""icon"":""building""}]","[{""title"":""تأكيد الالتزامات"",""body"":""راجع عتبات التسجيل ومراحل الفوترة والإشعارات القطاعية المنشورة من ZATCA.""},{""title"":""تهيئة البيانات والأنظمة"",""body"":""وائم أنظمة ERP/الفوترة مع متطلبات فاتورة وحافظ على اتساق بيانات الرقم الضريبي والعناوين.""},{""title"":""التشغيل والمراقبة"",""body"":""قدّم الإقرارات في المواعيد وطابق بيانات الفواتير واحتفظ بالأدلة للمراجعة.""}]","[{""content"":""سجل تجاري ساري ومعطيات كيان قانونية دقيقة للتسجيل والفوترة.""},{""content"":""تقييم الأنشطة الخاضعة لضريبة القيمة المضافة وفق الأنظمة السعودية (مع مراجعة مستشار).""},{""content"":""سجلات محاسبية وأرشيف فواتير مناسب للمراجعة والمطابقة.""},{""content"":""جاهزية تقنية لربط الفوترة الإلكترونية عند انطباق مرحلة «فاتورة» الثانية.""},{""content"":""إجراءات الإفادات الجمركية عند استيراد أو تصدير بضائع خاضعة للرقابة الجمركية.""}]","[{""title"":""البوابة الرسمية"",""uri"":""https://zatca.gov.sa/en/Pages/default.aspx"",""link_title"":""zatca.gov.sa"",""icon"":""globe""},{""title"":""مركز الفوترة الإلكترونية"",""uri"":""https://zatca.gov.sa/en/E-Invoicing/Pages/default.aspx"",""link_title"":""الفوترة"",""icon"":""document""},{""title"":""قواعد ضريبة القيمة المضافة"",""uri"":""https://zatca.gov.sa/en/rulesregulations/vat/pages/default.aspx"",""link_title"":""الضريبة"",""icon"":""scale""}]","MISA (Ministry of Investment Saudi Arabia)|Qiwa|GOSI|Saudi Business Center (Meras)|Balady|Mudad",/platforms/zatca
"وزارة الاستثمار السعودية (ميسا)",1,ar,"MISA (Ministry of Investment Saudi Arabia)","<p><strong>وزارة الاستثمار السعودية (MISA)</strong> تدعم رحلات المستثمرين عبر تراخيص وخدمات رقمية وربط مع الجهات ذات الصلة في المملكة.</p><p>يُنصح بمتابعة الإرشادات الرسمية على <a href=""https://misa.gov.sa/"">misa.gov.sa</a> و<a href=""https://investsaudi.sa/"">investsaudi.sa</a>.</p>","تدعم ميسا مسارات دخول السوق للمستثمرين عبر تراخيص منشورة وإطار قطاعي متوافق مع أولويات التنمية الوطنية.","بوابة الاستثمار في المملكة: التراخيص، القطاعات ذات الأولوية، وخدمات المستثمرين الرقمية—misa.gov.sa و investsaudi.sa.","وزارة الاستثمار","تعرّف على خدمات الاستثمار",0,"مصادر استثمار رسمية",Investment,"Saudi Arabia",General,https://investsaudi.sa/,"Invest Saudi gateway",https://misa.gov.sa/,"MISA official site",https://misa.gov.sa/about/,"About MISA",,,,"{""title"":""ميسا: الاستثمار في السعودية"",""description"":""موجز لوزارة الاستثمار ومسارات الترخيص والفرص القطاعية."",""keywords"":""MISA,استثمار السعودية,ميسا""}","[{""title"":""وضوح دخول السوق"",""body"":""مسارات ترخيص منشورة وإطار قطاعي يتماشى مع أولويات المملكة."",""icon"":""target""},{""title"":""تنسيق حكومي"",""body"":""تعمل ميسا مع الجهات لتقليل الاحتكاك أمام المستثمرين."",""icon"":""users""},{""title"":""مواءمة النمو"",""body"":""البرامج والاتصالات تشير غالبًا إلى أهداف رؤية 2030."",""icon"":""chart""}]","[{""title"":""تراخيص الاستثمار"",""body"":""فهم فئات الترخيص والوثائق المتوقعة لإنشاء أو توسيع كيان استثماري."",""icon"":""briefcase""},{""title"":""فرص القطاعات"",""body"":""مراجعة القطاعات ذات الأولوية والمواد المنشورة ذات الصلة بأطروحة الاستثمار."",""icon"":""globe""},{""title"":""خدمات رقمية"",""body"":""استخدام خدمات ميسا الإلكترونية عند التوفر ومتابعة إشعارات الإجراءات."",""icon"":""cog""}]","[{""title"":""تحضير ملف الاستثمار"",""body"":""جهّز معلومات الكيان والملكية ونطاق النشاط بما يتماشى مع فئات الترخيص.""},{""title"":""التقديم عبر القنوات الرسمية"",""body"":""اتبع إرشادات ميسا/استثمر في السعودية للطلبات والمرفقات.""},{""title"":""تشغيل الامتثال"",""body"":""نسّق مع الضريبة والعمل والبلديات بعد مراحل الترخيص.""}]","[{""content"":""وثائق الشركة والإفصاح عن الملكية المطلوبة لمراجعات الترخيص.""},{""content"":""موافقات قطاعية إضافية حيث تفرضها الأنظمة على النشاط.""},{""content"":""سجل تجاري وحضور قانوني يتوافقان مع النشاط المقترح.""},{""content"":""خطط مالية وتشغيلية عند طلبها للاستثمارات الكبيرة أو المنظمة.""},{""content"":""الاستمرار في الامتثال لتحديثات نظام الاستثمار ومتطلبات الإبلاغ.""}]","[{""title"":""ميسا"",""uri"":""https://misa.gov.sa/"",""link_title"":""misa.gov.sa"",""icon"":""globe""},{""title"":""استثمر في السعودية"",""uri"":""https://investsaudi.sa/"",""link_title"":""investsaudi.sa"",""icon"":""briefcase""}]","ZATCA|Qiwa|Saudi Business Center (Meras)|Balady|GOSI|Muqeem|Mudad",/platforms/misa
قوى,1,ar,Qiwa,"<p><strong>قوى</strong> منصة رقمية لخدمات صاحب العمل في المملكة، بما يشمل العقود والمنشآت والبيانات المرتبطة بالقوى العاملة.</p><p>راجع <a href=""https://qiwa.sa/"">qiwa.sa</a> وإرشادات <a href=""https://www.hrsd.gov.sa/"">وزارة الموارد البشرية</a>.</p>","توحّد قوى معاملات صاحب العمل عالية التكرار وتتماشى مع تحديثات سياسات العمل المنشورة.","خدمات صاحب العمل الرقمية: العقود، المنشآت، وربط بيانات العمل—qiwa.sa.","منصة وزارة الموارد البشرية والتنمية الاجتماعية","انتقل إلى قوى",0,"Third-party directory (verify on HRSD)",Labor,"Saudi Arabia",General,https://qiwa.sa/,"Qiwa portal",https://www.hrsd.gov.sa/en/ministry-platforms,"HRSD ministry platforms",https://dga.gov.sa/en/node/508,"DGA directory entry (Qiwa)",,,,"{""title"":""قوى: خدمات صاحب العمل"",""description"":""موجز لمنصة قوى والخدمات الرقمية لصاحب العمل."",""keywords"":""Qiwa,قوى,الموارد البشرية""}","[{""title"":""كفاءة صاحب العمل"",""body"":""تقلل المسارات الرقمية الأعمال الورقية للمعاملات المتكررة."",""icon"":""cog""},{""title"":""مواءمة السياسات"",""body"":""تتبع تحديثات العمل المنشورة من الوزارة."",""icon"":""shield""},{""title"":""ربط المنظومة"",""body"":""تنسيق بيانات العمل مع التأمينات والهجرة عبر منصات مكملة."",""icon"":""link""}]","[{""title"":""خدمات المنشأة"",""body"":""إدارة بيانات المنشأة والفروع والسجلات وفق الإشعارات المنشورة."",""icon"":""building""},{""title"":""العقود والوثائق"",""body"":""اتبع قواعد التوثيق للعقود المنشورة من الوزارة."",""icon"":""document""},{""title"":""الامتثال للقوى العاملة"",""body"":""راقب الالتزامات المرتبطة بتكوين القوى العاملة والإبلاغ."",""icon"":""users""}]","[{""title"":""تسجيل المنشأة"",""body"":""أكمل خطوات التسجيل وتحقق من ربط السجل التجاري.""},{""title"":""تشغيل عمليات الموارد البشرية"",""body"":""اضبط إصدار العقود والتعديلات وفق القواعد الحالية.""},{""title"":""التكامل مع الأنظمة"",""body"":""وائم الرواتب والهجرة مع مخرجات التأمينات والبنوك.""}]","[{""content"":""سجل تجاري ساري وممثلو منشأة مخولون.""},{""content"":""بيانات موظفين متسقة مع سجلات الهجرة عند الانطباق.""},{""content"":""الامتثال لمتطلبات توثيق العقود المنشورة من وزارة الموارد البشرية.""},{""content"":""جاهزية مصرفية لمسارات الأجور المرتبطة بحماية الأجور الوطنية.""},{""content"":""متابعة إعلانات الوزارة للتغييرات الإجرائية التي تؤثر على قوى.""}]","[{""title"":""منصات الوزارة"",""uri"":""https://www.hrsd.gov.sa/en/ministry-platforms"",""link_title"":""HRSD"",""icon"":""globe""},{""title"":""قوى"",""uri"":""https://qiwa.sa/"",""link_title"":""qiwa.sa"",""icon"":""briefcase""}]",GOSI|Muqeem|Mudad|Absher|ZATCA|Balady,/platforms/qiwa
مقيم,1,ar,Muqeem,"<p><strong>مقيم</strong> يدعم دورة حياة الإقامة والتنقل للموظفين المكفولين عبر قنوات إلكترونية.</p><p>استخدم القنوات الرسمية فقط وحدّث أنظمة الموارد البشرية عند تغيير الوثائق.</p>","تسرّع مقيم الإجراءات الإلكترونية للإقامة والتنقل وتدعم ضبطًا داخليًا أفضل.","إصدار وتجديد الإقامة وتصاريح الخروج والعودة إلكترونيًا لبرامج التنقل للموظفين.","خدمات الإقامة والسفر","Find Muqeem-related services",0,"Service directory references",Operations,"Saudi Arabia",General,https://www.my.gov.sa/,"National portal (service directory)",https://www.elm.sa/en/our-business/digital-products,"ELM digital products (Muqeem context)",https://www.my.gov.sa/,my.gov.sa,,,,"{""title"":""مقيم: الإقامة والتنقل"",""description"":""موجز لخدمات مقيم الإلكترونية."",""keywords"":""Muqeem,مقيم,الإقامة""}","[{""title"":""سرعة تشغيلية"",""body"":""الإصدار والتجديد الإلكتروني يقلل الأوراق لبرامج التنقل الكبيرة."",""icon"":""clock""},{""title"":""رقابة الكفيل"",""body"":""يمكن للكفيل متابعة حالة التنقل وإكمال معاملات الكفالة."",""icon"":""shield""},{""title"":""قابلية التدقيق"",""body"":""السجلات الرقمية تدعم الضوابط والمراجعات."",""icon"":""document""}]","[{""title"":""دورة الإقامة"",""body"":""إصدار وتجديد وطباعة مخرجات الإقامة وفق الإجراءات المنشورة."",""icon"":""briefcase""},{""title"":""الخروج والعودة"",""body"":""معالجة تصاريح السفر عند انطباقها وفق الرسوم والقواعد."",""icon"":""globe""},{""title"":""إدارة المنشأة"",""body"":""إدارة الاشتراك وإعدادات الكفالة للاستمرار في الخدمات."",""icon"":""cog""}]","[{""title"":""التحقق من بيانات الكفالة"",""body"":""تأكد من اتساق السجل والعقود وحالات الهجرة قبل الطلبات.""},{""title"":""التقديم عبر القنوات المعتمدة"",""body"":""استخدم البوابات الرسمية وتجنب الوسطاء غير المرخصين.""},{""title"":""إغلاق الحلقة مع الموارد البشرية"",""body"":""حدّث أنظمة الموارد البشرية وأبلغ الموظفين عند تغيير الوثائق.""}]","[{""content"":""تسجيل منشأة فعّال ومفوضون بالتوقيع لمعاملات الهجرة.""},{""content"":""بيانات جواز وجواز سفر صالحة لكل موظف مكفول.""},{""content"":""جاهزية لسداد الرسوم الحكومية للخدمات المختارة.""},{""content"":""الامتثال لقواعد الإقامة والسفر المحدثة المنشورة من الجهات.""},{""content"":""ضوابط خصوصية عند تصدير سجلات التنقل داخلياً.""}]","[{""title"":""my.gov.sa"",""uri"":""https://www.my.gov.sa/"",""link_title"":""البوابة الوطنية"",""icon"":""globe""}]","Qiwa|Absher|GOSI|Mudad|Balady|MISA (Ministry of Investment Saudi Arabia)",/platforms/muqeem
"التأمينات الاجتماعية",1,ar,GOSI,"<p><strong>المؤسسة العامة للتأمينات الاجتماعية (GOSI)</strong> تدير تسجيل المنشآت والاشتراكات والشهادات المتعلقة بالتأمين الاجتماعي.</p><p>راجع <a href=""https://www.gosi.gov.sa/"">gosi.gov.sa</a> للتفاصيل الرسمية.</p>","برامج التأمينات تدعم الحماية المالية للمشمولين وتربط الامتثال بالقطاع المصرفي والمناقصات.","التسجيل والاشتراكات والشهادات لبرامج التأمين الاجتماعي للمنشآت والعاملين—gosi.gov.sa.","المؤسسة العامة للتأمينات الاجتماعية","Read about coverage",0,"Agency summary (my.gov.sa)",Operations,"Saudi Arabia",General,https://cmsgosi.gosi.gov.sa/sites/en/AboutGOSI/Pages/default.aspx,"About GOSI (EN)",https://www.gosi.gov.sa/,GOSI,https://my.gov.sa/en/agencies/17354,"my.gov.sa agency profile",,,,"{""title"":""التأمينات الاجتماعية السعودية"",""description"":""موجز للتسجيل والاشتراكات والشهادات."",""keywords"":""GOSI,التأمينات,الاشتراكات""}","[{""title"":""حماية العامل"",""body"":""برامج التأمين تدعم الحماية المالية للمشمولين وعائلاتهم."",""icon"":""shield""},{""title"":""امتثال صاحب العمل"",""body"":""دقة الاشتراكات تقلل الغرامات وتدعم أهلية الخدمات الحكومية والمصرفية."",""icon"":""check""},{""title"":""إدارة المنافع"",""body"":""مسارات منظمة لفرق الموارد البشرية لإدارة المخاطر المهنية والمعاشات حيث ينطبق."",""icon"":""users""}]","[{""title"":""التسجيل والاشتراكات"",""body"":""سجّل العمال المؤهلين وادفع الاشتراكات وفق أجور ومواعيد منشورة."",""icon"":""briefcase""},{""title"":""الشهادات والكشوفات"",""body"":""أصدر كشوفات الامتثال عند الحاجة للمناقصات أو البنوك."",""icon"":""document""},{""title"":""قنوات الدعم"",""body"":""استخدم موارد المساعدة الرسمية للنزاعات والتصحيحات."",""icon"":""info""}]","[{""title"":""تصنيف العمال"",""body"":""حدد شرائح القوى العاملة وفق الجنسية ونوع العقد وفئة المنشأة.""},{""title"":""دمج الرواتب"",""body"":""أتمتة احتساب الاشتراكات والتحقق من الملفات قبل المواعيد النهائية.""},{""title"":""التسوية والمراجعة"",""body"":""احتفظ بتسوية شهرية بين الرواتب وكشوف GOSI والموافقات المالية.""}]","[{""content"":""بيانات رواتب دقيقة وتصنيفات موظفين لاحتساب الاشتراكات.""},{""content"":""مفوضو مالية وموارد بشرية مخولون لتغييرات التسجيل.""},{""content"":""ترتيبات مصرفية متوافقة مع مسارات حماية الأجور الوطنية.""},{""content"":""الاحتفاظ بإثبات الاشتراكات ومراسلات المنافع.""},{""content"":""متابعة التحديثات التنظيمية التي تؤثر على أسس الاشتراك أو الإعفاءات.""}]","[{""title"":""GOSI"",""uri"":""https://www.gosi.gov.sa/"",""link_title"":""gosi.gov.sa"",""icon"":""globe""}]",Qiwa|Mudad|ZATCA|Absher|Muqeem|Balady,/platforms/gosi
أبشر,1,ar,Absher,"<p><strong>أبشر</strong> يوفّر كتالوجًا واسعًا من الخدمات الحكومية الرقمية للأفراد والأعمال.</p><p>استخدم القنوات الرسمية و<strong>نفاذ</strong> عند الطلب.</p>","أبشر يقلل الزيارات الميدانية لمعاملات حكومية متكررة ويعتمد مصادقة قوية.","قناة رقمية واسعة للهوية والأحوال والمرور والخدمات العامة—absher.sa.","الخدمات الإلكترونية للأفراد والأعمال","Go to services",0,"Secondary reference",Operations,"Saudi Arabia",General,https://www.absher.sa/,"Access Absher",https://www.absher.sa/,"Absher portal",https://us.saudiembassy.sa/en/eServices/Pages/Absher.aspx,"Embassy overview (context)",,,,"{""title"":""أبشر: الخدمات الإلكترونية"",""description"":""موجز لمنصة أبشر."",""keywords"":""Absher,أبشر,الخدمات""}","[{""title"":""خدمة موجهة للمواطن"",""body"":""القنوات الرقمية تقلل الزيارات الميدانية."",""icon"":""users""},{""title"":""أمان"",""body"":""توقعات مصادقة قوية لحماية بيانات الهوية والتنقل."",""icon"":""shield""},{""title"":""تنوع الخدمات"",""body"":""كتالوج واسع يغطي أحداثًا متعددة للأسر والأعمال."",""icon"":""list_check""}]","[{""title"":""الهوية والأحوال"",""body"":""الوصول إلى الهوية والأحوال المدنية حيث يحق للملف ذلك."",""icon"":""document""},{""title"":""خدمات التنقل"",""body"":""إكمال تصاريح السفر بما يتوافق مع حالة الإقامة."",""icon"":""globe""},{""title"":""المرور والسلامة"",""body"":""إدارة المخالفات والرخص وفق سياسات الداخلية."",""icon"":""map_pin""}]","[{""title"":""المصادقة بأمان"",""body"":""استخدم قنوات أبشر الرسمية ونفاذ عند الطلب.""},{""title"":""اختيار الخدمة الصحيحة"",""body"":""تجنب الطلبات الجزئية التي تتطلب إعادة العمل.""},{""title"":""الأرشفة"",""body"":""احتفظ بالإيصالات والمراجع للتدقيق.""}]","[{""content"":""هوية وطنية أو إقامة سارية وحساب أبشر موثّق.""},{""content"":""رقم جوال دقيق وعوامل مصادقة لمسارات OTP.""},{""content"":""مستندات داعمة وفق قائمة كل خدمة (تختلف حسب المعاملة).""},{""content"":""تفويض صاحب عمل عند تنفيذ إجراءات نيابة عن الموظفين.""},{""content"":""الامتثال لقواعد الخصوصية عند تصدير لقطات أو PDF داخلياً.""}]","[{""title"":""أبشر"",""uri"":""https://www.absher.sa/"",""link_title"":""absher.sa"",""icon"":""globe""}]",Muqeem|Qiwa|GOSI|Balady|ZATCA|Mudad,/platforms/absher
بلدي,1,ar,Balady,"<p><strong>بلدي</strong> يدعم الرخص التجارية والتصاريح الإنشائية وخدمات البلديات عبر قنوات رقمية.</p>","بلدي يوفر مسارات رقمية قابلة للتتبع للرخص والتصاريح والخدمات البلدية.","رخص الأنشطة والتصاريح الإنشائية وطلبات الخدمة البلدية—balady.gov.sa.","الخدمات البلدية الرقمية","Learn about Balady",0,"Official service page",Licensing,"Saudi Arabia","Construction & Infrastructure",https://balady.gov.sa/en/about-balady,"About Balady",https://balady.gov.sa/en,"Balady (EN)",https://balady.gov.sa/en/services/municipal-service-request,"Municipal service request",,,,"{""title"":""بلدي: خدمات البلدية"",""description"":""موجز لمنصة بلدي."",""keywords"":""Balady,بلدي,الرخص""}","[{""title"":""تتبع التصاريح"",""body"":""الطلبات الرقمية تخلق خطًا زمنيًا قابلاً للتدقيق."",""icon"":""document""},{""title"":""الامتثال الحضري"",""body"":""قرارات الأراضي والاستخدام تتماشى مع تخطيط المدن."",""icon"":""building""},{""title"":""الحجم التشغيلي"",""body"":""حجم المعاملات الكبير يعكس نضج النظام للمشغلين متعددي الفروع."",""icon"":""chart""}]","[{""title"":""الرخص التجارية"",""body"":""إصدار وتجديد رخص الأنشطة التجارية للعمليات المنظمة."",""icon"":""briefcase""},{""title"":""التصاريح الإنشائية"",""body"":""تقديم مسارات البناء والهدم والشغل مع المرفقات الهندسية."",""icon"":""building""},{""title"":""طلبات الخدمة"",""body"":""تتبع تذاكر الخدمة والرد على ملاحظات المفتشين."",""icon"":""cog""}]","[{""title"":""ربط النشاط بالتصريح"",""body"":""حوّل أنشطة السجل التجاري إلى فئات التصاريح الصحيحة قبل التقديم.""},{""title"":""تجهيز المرفقات"",""body"":""الرسومات والعقود ومتطلبات السلامة شائعة الاطلاع على قوائم بلدي.""},{""title"":""جدولة التجديدات"",""body"":""تقويم التجديدات الموسمية لتفادي انقطاع العمل.""}]","[{""content"":""سجل تجاري ساري وربط صحيح للأنشطة.""},{""content"":""مستندات هندسية للتصاريح الإنشائية عند الاشتراط.""},{""content"":""إثبات ملكية أو إيجار للمواقع المرتبطة بالرخص.""},{""content"":""رسوم وتأمينات عندما يطلبها المفتشون.""},{""content"":""جاهزية وثائق عربية/إنجليزية وفق توقعات مراجعي البلدية.""}]","[{""title"":""بلدي"",""uri"":""https://balady.gov.sa/en"",""link_title"":""balady.gov.sa"",""icon"":""globe""}]","Saudi Business Center (Meras)|ZATCA|MISA (Ministry of Investment Saudi Arabia)|Qiwa|GOSI|Muqeem",/platforms/balady
مدد,1,ar,Mudad,"<p><strong>مدد</strong> يدعم ملفات حماية الأجور والتحقق البنكي لضمان صرف الرواتب للعمال المشمولين.</p>","مدد يدعم تكامل البنوك والتحقق من الملفات لتقليل التأخير في الرواتب.","ملفات الأجور وربط البنوك للتحقق من صرف الرواتب—منظومة حماية الأجور.","حماية الأجور","Open Mudad",0,"WPS / wage protection (official)",Labor,"Saudi Arabia",General,https://mudad.com.sa/,"Mudad portal",https://www.hrsd.gov.sa/en/ministry-services/services/wage-protection-file-upload-service,"HRSD wage protection service",https://www.hrsd.gov.sa/en/ministry-services/services/wage-protection-file-upload-service,"Official HRSD page",,,,"{""title"":""مدد: حماية الأجور"",""description"":""موجز لمنصة مدد."",""keywords"":""Mudad,مدد,الأجور""}","[{""title"":""سلامة الأجور"",""body"":""التحقق من الملفات يقلل التأخير أو الضياع في الرواتب."",""icon"":""shield""},{""title"":""تكامل بنكي"",""body"":""ملفات موحدة تبسط التحويلات والتسوية."",""icon"":""link""},{""title"":""جاهزية التدقيق"",""body"":""أدلة رقمية تدعم مراجعات الموارد البشرية والمالية."",""icon"":""document""}]","[{""title"":""تقديم ملفات الأجور"",""body"":""إنشاء ورفع ملفات الأجور بالصيغ المطلوبة وفق إشعارات الموارد البشرية."",""icon"":""briefcase""},{""title"":""أتمتة الرواتب"",""body"":""ربط أنظمة الموارد البشرية/الرواتب بمدد لتقليل الأخطاء."",""icon"":""cog""},{""title"":""معالجة التحذيرات"",""body"":""تتبع التحذيرات ومعالجة الأسباب الجذرية بمسؤولية مشتركة."",""icon"":""info""}]","[{""title"":""تفعيل الأجور"",""body"":""أكمل خطوات التفعيل بعد الإقامة وأول دورة رواتب.""},{""title"":""التحقق من البيانات"",""body"":""طابق أرقام الحسابات والمبالغ مع الموافقات الداخلية.""},{""title"":""المراقبة"",""body"":""راقب التحذيرات والمواعيد النهائية أسبوعيًا.""}]","[{""content"":""حسابات بنكية معتمدة لتحويلات أجور حماية الأجور.""},{""content"":""معرفات موظفين دقيقة ومتوافقة مع قوى والهجرة.""},{""content"":""تقويم رواتب متوافق مع مواعيد قطع الموارد البشرية والعطل.""},{""content"":""فصل مهام بين الموارد البشرية والمالية لاعتماد الملفات.""},{""content"":""الاحتفاظ بأدلة حماية الأجور لحل النزاعات والتدقيق.""}]","[{""title"":""الموارد البشرية"",""uri"":""https://www.hrsd.gov.sa/"",""link_title"":""HRSD"",""icon"":""globe""}]","Qiwa|GOSI|ZATCA|Absher|Muqeem|MISA (Ministry of Investment Saudi Arabia)|Balady",/platforms/mudad
"المركز السعودي للأعمال (مراس)",1,ar,"Saudi Business Center (Meras)","<p><strong>المركز السعودي للأعمال (مراس)</strong> يقدّم خدمات تأسيس ودعم الأعمال عبر قنوات رقمية موحدة.</p>","مراس يبسط مسارات تأسيس الأعمال عبر خدمات رقمية متكاملة.","بوابة موحدة لخدمات تأسيس الأعمال والتكامل مع الجهات ذات الصلة.","خدمات تأسيس ودعم الأعمال","View agency profile",0,"Government directory",Investment,"Saudi Arabia",General,https://my.gov.sa/en/agencies/17891,"my.gov.sa agency profile",https://business.sa/,business.sa,https://my.gov.sa/en/agencies/17891,"Official summary (my.gov.sa)",,,,"{""title"":""مراس: المركز السعودي للأعمال"",""description"":""موجز لمراس."",""keywords"":""Meras,مراس,الأعمال""}","[{""title"":""تأسيس أبسط"",""body"":""تجميع الخطوات يقلل الاحتكاك أمام رواد الأعمال."",""icon"":""briefcase""},{""title"":""تكامل"",""body"":""ربط مع جهات الترخيص والضرائف والعمل حيث ينطبق."",""icon"":""link""},{""title"":""خدمة رقمية"",""body"":""مسارات إلكترونية لمتابعة الطلبات."",""icon"":""cog""}]","[{""title"":""بدء النشاط"",""body"":""إرشادات لتأسيس الكيان وفق المتطلبات المنشورة."",""icon"":""target""},{""title"":""الخدمات الموحدة"",""body"":""إكمال معاملات متعددة عبر تجربة واحدة عند التوفر."",""icon"":""list_check""},{""title"":""المتابعة"",""body"":""تتبع حالة الطلبات والملاحظات داخل البوابة."",""icon"":""document""}]","[{""title"":""تحديد النموذج"",""body"":""اختر نوع الكيان والأنشطة المطلوبة.""},{""title"":""إكمال الطلب"",""body"":""ارفع المستندات وادفع الرسوم عبر القنوات المعتمدة.""},{""title"":""استلام التراخيص"",""body"":""حمّل الوثائق وفعّل الحسابات في المنصات المرتبطة.""}]","[{""content"":""مستندات السجل التجاري ووثائق الملكية.""},{""content"":""موافقات قطاعية للأنشطة المنظمة.""},{""content"":""متطلبات بلدية مسبقة للرخص المرتبطة بالموقع.""},{""content"":""أدوات دفع لجدول الرسوم المدمج.""},{""content"":""دعم قانوني/ترجمة للمؤسسين عبر الحدود عند الحاجة.""}]","[{""title"":""مراس"",""uri"":""https://www.mc.gov.sa/en/eservices/Pages/default.aspx"",""link_title"":""MC"",""icon"":""globe""}]","MISA (Ministry of Investment Saudi Arabia)|ZATCA|Balady|Qiwa|GOSI|Mudad|Muqeem|Absher",/platforms/saudi-business-center-meras
فسح,1,ar,FASAH,"<p><strong>فسح</strong> يدعم مسارات التخليص الجمركي والربط مع الجهات اللوجستية في المملكة.</p>","فسح يربط شاركات الاستيراد والتصدير بالجهات ذات العلاقة لتسريع الإجراءات.","منظومة التخليص الجمركي والربط اللوجستي للبضائع عبر المنافذ.","التخليص الجمركي","Visit FASAH",0,"Public materials",Logistics,"Saudi Arabia","Logistics & Transport",https://fasah.sa/,"FASAH services",https://www.fasah.sa/trade/sau/html/en_US/subpage-about.html,FASAH,https://www.fasah.sa/trade/sau/html/en_US/subpage-about.html,"About FASAH",,,,"{""title"":""فسح: التخليص الجمركي"",""description"":""موجز لفسح."",""keywords"":""FASAH,فسح,الجمارك""}","[{""title"":""سرعة الميناء"",""body"":""تنسيق رقمي يقلل زمن الإفراج عند اكتمال المستندات."",""icon"":""clock""},{""title"":""شفافية"",""body"":""حالات الطلبات والملاحظات تظهر للمستوردين."",""icon"":""document""},{""title"":""تكامل القطاع"",""body"":""ربط الشحن والتأمين والجهات التنظيمية."",""icon"":""link""}]","[{""title"":""التصاريح"",""body"":""إعداد ورفع مستندات التخليص وفق أنواع الشحنات."",""icon"":""briefcase""},{""title"":""التنسيق"",""body"":""مطابقة بيانات البوليصة مع الفواتير والأصناف."",""icon"":""list_check""},{""title"":""المتابعة"",""body"":""الاستجابة لملاحظات الجمارك وتصحيح البيانات."",""icon"":""cog""}]","[{""title"":""تصنيف الشحنة"",""body"":""حدد نظام التوريد وقنوات الميناء.""},{""title"":""إعداد الملف"",""body"":""اجمع الفاتورة والبوليصة والتصاريح المساندة.""},{""title"":""الإفراج"",""body"":""تابع الموافقات وادفع الرسوم عبر القنوات المعتمدة.""}]","[{""content"":""وسيط معتمد أو تكامل داخلي معتمد لرسائل فسح.""},{""content"":""فاتورة تجارية وقائمة تعبئة ومستندات نقل بالصيغ المقبولة.""},{""content"":""مراجع مطابقة من سابر عند اشتراط شهادات PCoC/SCoC.""},{""content"":""وثائق تأمين متوافقة مع Incoterms المختارة في الإفادة.""}]","[{""title"":""فسح"",""uri"":""https://fasah.sa/"",""link_title"":""fasah.sa"",""icon"":""globe""}]",ZATCA|SABER|Etimad,/platforms/fasah
سابر,1,ar,SABER,"<p><strong>سابر</strong> يدعم تسجيل المنتجات ومسارات شهادات المطابقة الفنية ذات الصلة بالاستيراد والتجارة.</p>","سابر يدعم متطلبات المطابقة الفنية للمنتجات وفق الأنظمة المنشورة.","تسجيل المنتجات وشهادات المطابقة للاستيراد والتجارة—saber.sa.","المطابقة الفنية للمنتجات","About SABER",0,"Saudi Standards, Metrology and Quality Organization",Logistics,"Saudi Arabia","Logistics & Transport",https://saber.sa/home/aboutsaber,"About SABER",https://saber.sa/,SABER,https://saber.sa/home/aboutsaber,"SASO: SABER",,,,"{""title"":""سابر: المطابقة الفنية"",""description"":""موجز لسابر."",""keywords"":""SABER,سابر,المطابقة""}","[{""title"":""سلامة المنتج"",""body"":""متطلبات فنية تدعم جودة السوق."",""icon"":""shield""},{""title"":""وضوح الاستيراد"",""body"":""مسارات تسجيل قبل الشحن أو عند الدخول بحسب القواعد."",""icon"":""globe""},{""title"":""امتثال المورد"",""body"":""شهادات قابلة للتحقق للمشترين والجهات."",""icon"":""document""}]","[{""title"":""التسجيل"",""body"":""تسجيل المنتجات والفئات وفق اللوائح."",""icon"":""briefcase""},{""title"":""الاختبارات"",""body"":""تنسيق مع جهات تقييم معتمدة عند الحاجة."",""icon"":""list_check""},{""title"":""الشهادات"",""body"":""إصدار/إدارة الشهادات الرقمية للمطابقة."",""icon"":""cog""}]","[{""title"":""تحديد اللوائح"",""body"":""حدد الفئة التقنية ومتطلبات الهيئة المعنية.""},{""title"":""رفع البيانات"",""body"":""أدخل بيانات المنتج والمستندات الفنية.""},{""title"":""المتابعة"",""body"":""عالج الملاحظات حتى اكتمال الشهادة.""}]","[{""content"":""منشأة مستوردة مسجلة في سابر مع مستخدمين مخولين.""},{""content"":""تقارير اختبار من مختبرات معترف بها من الهيئة عند الاشتراط.""},{""content"":""ملصقات ودليل استخدام بالعربية عندما تفرض المعايير اللغة المحلية.""},{""content"":""الاحتفاظ بإصدارات الشهادات حتى بعد التحديثات التنظيمية.""}]","[{""title"":""سابر"",""uri"":""https://saber.sa/"",""link_title"":""saber.sa"",""icon"":""globe""}]",FASAH|ZATCA|Balady,/platforms/saber
اعتماد,1,ar,Etimad,"<p><strong>اعتماد</strong> مجموعة بوابات رقمية لوزارة المالية تشمل خدمات المشتريات والعقود والميزانيات والمدفوعات للقطاع الحكومي والموردين.</p><p>غالبًا تتقاطع مسارات الموردين مع قواعد <a href=""/platforms/zatca"">الهيئة الزكوية والضريبية والجمارك</a> للفوترة وضريبة القيمة المضافة، ومع <a href=""/platforms/fasah"">فسح</a> عند التخليص على العقود الاستيرادية، ومع <a href=""/platforms/misa"">وزارة الاستثمار</a> عند مشاركة مستثمرين أجانب في قطاعات منظمة.</p><p>يُرجى دائمًا التحقق من شروط الأهلية والمصادقة على <a href=""https://etimad.sa/"">etimad.sa</a> والتعاميم الحية لوزارة المالية.</p><p>دورة المناقصة حتى الدفع تتطلب غالبًا أدلة رقمية متسقة: كفالات العطاء وإشعارات الترسية والفواتير يجب أن تطابق أنظمة ERP والإقرارات الضريبية.</p><p>هذا النص توجيهي تشغيلي وليس بديلاً عن الأنظمة والتعاميم الرسمية.</p>","تجمع «اعتماد» خدمات وزارة المالية الإلكترونية للمستفيدين من المناقصات والعقود والميزانيات والمدفوعات. يوجّه هذا الموجز الموردين والجهات العامة إلى البوابات الرسمية.","بوابات وزارة المالية للمناقصات والعقود والميزانيات والمدفوعات الإلكترونية—etimad.sa و portal.etimad.sa.","خدمات المشتريات والمالية الحكومية","فتح البوابة",0,"وزارة المالية",Finance,"Saudi Arabia","Finance & Fintech",https://portal.etimad.sa/en-us,"بوابة اعتماد",https://etimad.sa/,اعتماد,https://www.mof.gov.sa/en/eservices/Pages/Etimad.aspx,"المالية: اعتماد",,,,"{""title"":""اعتماد السعودية: مناقصات وعقود وميزانيات ومدفوعات حكومية"",""description"":""دليل موجز لبوابات وزارة المالية (اعتماد) للموردين والجهات العامة مع روابط رسمية."",""keywords"":""اعتماد,مناقصات حكومية السعودية,وزارة المالية,etimad""}","[{""title"":""بوابة موحدة للمالية"",""body"":""تقليل التشتت بين الموافقات الورقية للمشتريات والمالية."",""icon"":""globe""},{""title"":""مناقصات شفافة"",""body"":""طلبات العروض والتقييم الإلكتروني يختصر الزمن عند استخدامه من البداية للنهاية."",""icon"":""list_check""},{""title"":""انضباط المدفوعات"",""body"":""المطالبات والأوامر الرقمية تحسّن التتبع للموردين والمراجعين."",""icon"":""document""}]","[{""title"":""اختيار البوابة"",""body"":""طابق نوع المستفيد بوحدة المناقصات أو العقود أو الميزانية أو المدفوعات قبل التسجيل."",""icon"":""search""},{""title"":""تجهيز الحزم"",""body"":""ارفع الوثائق والخطابات البنكية والعروض الفنية بالصيغ التي يحددها كل طلب."",""icon"":""briefcase""},{""title"":""متابعة الحالة"",""body"":""راقب التقييم والترسية والتسجيل في نفس مساحة العمل التي تُرفع فيها الاعتراضات."",""icon"":""cog""}]","[{""title"":""المصادقة والتسجيل"",""body"":""أكمل هوية المنشأة ومتطلبات التفعيل للبوابة المختارة.""},{""title"":""التقديم رقميًا"",""body"":""قدّم العطاءات أو العقود أو المطالبات المالية مع المرفقات التي يتحقق منها النظام.""},{""title"":""الإغلاق والأرشفة"",""body"":""احفظ إشعارات الترسية وأرقام أمر الشراء ومراجع ضريبة القيمة المضافة للوجستيات والضرائب.""}]","[{""content"":""سجل تجاري ساري ومفوضون بالتوقيع عن جهة التقديم.""},{""content"":""شهادات رقمية ورموز أمان مطلوبة من مشغل البوابة.""},{""content"":""أدوات بنكية متوافقة مع بنود الضمان في دفاتر الشروط.""},{""content"":""حزم وثائق عربية/إنجليزية كما تفرضها كل منافسة أو نموذج عقد.""}]","[{""title"":""اعتماد"",""uri"":""https://etimad.sa/"",""link_title"":""etimad.sa"",""icon"":""globe""},{""title"":""المناقصات"",""uri"":""https://tenders.etimad.sa/"",""link_title"":""tenders.etimad.sa"",""icon"":""search""},{""title"":""دليل المورد"",""uri"":""https://etimad.sa/Help"",""link_title"":""المساعدة"",""icon"":""document""},{""title"":""نظرة وزارة المالية"",""uri"":""https://www.mof.gov.sa/en/eservices/Pages/Etimad.aspx"",""link_title"":""وزارة المالية"",""icon"":""info""}]","ZATCA|MISA (Ministry of Investment Saudi Arabia)|FASAH",/platforms/etimad
طاقات,1,ar,Taqat,"<p><strong>طاقات</strong> يدعم ربط سوق العمل بالتدريب والتوظيف وفق برامج صندوق تنمية الموارد البشرية.</p>","طاقات يربط أصحاب العمل بالباحثين عن عمل وبرامج التدريب المنشورة.","التوظيف والتدريب وربط الباحثين عن عمل بالفرص—hrdf.org.sa / طاقات.","سوق العمل","Learn about Taqat",0,"Human Resources Development Fund",Labor,"Saudi Arabia",General,https://eservices.taqat.sa/Eservices/AboutTaqat.aspx,"About Taqat",https://www.taqat.sa/web/guest,TAQAT,https://eservices.taqat.sa/Eservices/AboutTaqat.aspx,"HRDF: About Taqat",,,,"{""title"":""طاقات: سوق العمل"",""description"":""موجز لطاقات."",""keywords"":""Taqat,طاقات,التوظيف""}","[{""title"":""سيولة السوق"",""body"":""قنوات للوصول إلى مرشحين وبرامج تدريب."",""icon"":""users""},{""title"":""دعم التدريب"",""body"":""برامج منشورة لتطوير المهارات."",""icon"":""briefcase""},{""title"":""مواءمة السياسات"",""body"":""ارتباط بأولويات التوطين والتوظيف."",""icon"":""shield""}]","[{""title"":""نشر الوظائف"",""body"":""إدارة إعلانات الوظائف والمرشحين."",""icon"":""list_check""},{""title"":""البرامج"",""body"":""الاستفادة من برامج التدريب والدعم عند الاشتراك."",""icon"":""cog""},{""title"":""التقارير"",""body"":""متابعة مؤشرات التوظيف والتدريب."",""icon"":""chart""}]","[{""title"":""تعريف الاحتياج"",""body"":""حدد المهارات والمناطق والميزانية.""},{""title"":""النشر والاختيار"",""body"":""انشر الفرص وراجع المرشحين.""},{""title"":""الإغلاق"",""body"":""أكمل التعاقد والتسجيل في الأنظمة المرتبطة.""}]","[{""content"":""سجل تجاري فعّال ومفوضو موارد بشرية بالتوقيع.""},{""content"":""أوصاف وظائف دقيقة مع ربط برموز المهن الوطنية عند الطلب.""},{""content"":""جاهزية مصرفية لاسترداد دعم الأجور أو برامج التحفيز.""},{""content"":""الامتثال للخصوصية عند نقل بيانات المرشحين لمزودي التقييم.""}]","[{""title"":""HRDF"",""uri"":""https://www.hrdf.org.sa/"",""link_title"":""hrdf.org.sa"",""icon"":""globe""}]","Qiwa|Mudad|Saudi Business Center (Meras)",/platforms/taqat
نجز,1,ar,Najiz,"<p><strong>نجز</strong> يقدّم خدمات عدلية رقمية تشمل الوكالات والتوثيق ومسارات ذات صلة.</p>","نجز يوفر مسارات رقمية للخدمات العدلية المتكررة.","خدمات العدل الرقمية: الوكالات والتوثيق والقضايا—najiz.sa.","الخدمات العدلية","Explore services",0,"Ministry of Justice",Legal,"Saudi Arabia",General,https://najiz.sa/applications/landing/about,"About Najiz",https://najiz.sa/,Najiz,https://najiz.sa/about,"Najiz: About",,,,"{""title"":""نجز: الخدمات العدلية"",""description"":""موجز لنجز."",""keywords"":""Najiz,نجز,العدل""}","[{""title"":""توفير الوقت"",""body"":""تقليل الزيارات للمعاملات المتكررة."",""icon"":""clock""},{""title"":""وضوح الإجراءات"",""body"":""خطوات منشورة للوكالات والتوثيق."",""icon"":""document""},{""title"":""أمان"",""body"":""قنوات رسمية للمعاملات الحساسة."",""icon"":""shield""}]","[{""title"":""الوكالات"",""body"":""إصدار وإدارة الوكالات وفق القواعد."",""icon"":""briefcase""},{""title"":""التوثيق"",""body"":""إتمام خدمات التوثيق عبر القنوات الرقمية."",""icon"":""list_check""},{""title"":""المتابعة"",""body"":""تتبع حالات الطلبات والمواعيد."",""icon"":""cog""}]","[{""title"":""اختيار الخدمة"",""body"":""حدد نوع المعاملة العدلية بدقة.""},{""title"":""المصادقة"",""body"":""أكمل التحقق عبر القنوات المعتمدة.""},{""title"":""الاستلام"",""body"":""احفظ الوثائق الرقمية للأرشفة.""}]","[{""content"":""هوية وطنية أو إقامة سارية لخطوات الأفراد.""},{""content"":""تفويضات شركات تثبت صلاحية الموقعين للإجراءات.""},{""content"":""عقود أو محاضر مجلس إدارة عند اشتراطها في قائمة الخدمة.""},{""content"":""أدوات دفع لرسوم قضائية عند الانطباق.""}]","[{""title"":""نجز"",""uri"":""https://najiz.sa/"",""link_title"":""najiz.sa"",""icon"":""globe""}]","Saudi Business Center (Meras)|MISA (Ministry of Investment Saudi Arabia)",/platforms/najiz
"سجل تجاري",1,ar,"Sejel Tijari","<p><strong>سجل تجاري</strong> عبر وزارة التجارة يدعم خدمات السجل التجاري والأسماء التجارية للمنشآت.</p>","خدمات السجل التجاري تدعم تأسيس الأعمال وتحديث بيانات المنشآت.","خدمات السجل التجاري والأسماء التجارية للمنشآت—mc.gov.sa.","وزارة التجارة","Inquire CR",0,"MC e-services",Licensing,"Saudi Arabia",General,https://sejel.mc.gov.sa/en/services/inquiry,"CR inquiry",https://sejel.mc.gov.sa/,"Sejel Tijari",https://mc.gov.sa/Pages/crqe.aspx,"Ministry of Commerce",,,,"{""title"":""السجل التجاري السعودي"",""description"":""موجز لخدمات السجل التجاري."",""keywords"":""CR,سجل تجاري,التجارة""}","[{""title"":""هوية قانونية"",""body"":""السجل التجاري مرجع للأنشطة والعقود."",""icon"":""shield""},{""title"":""تحديثات"",""body"":""تعديلات رقمية للفروع والأنشطة."",""icon"":""cog""},{""title"":""شفافية"",""body"":""بيانات منشورة للمتعاملين والجهات."",""icon"":""document""}]","[{""title"":""التسجيل"",""body"":""إنشاء أو تجديد السجل وفق الأنظمة."",""icon"":""briefcase""},{""title"":""الأسماء التجارية"",""body"":""حجز وإدارة الأسماء التجارية."",""icon"":""list_check""},{""title"":""الشهادات"",""body"":""إصدار الشهادات اللازمة للمعاملات."",""icon"":""document""}]","[{""title"":""تحضير المستندات"",""body"":""جهّز الملكية والعنوان والأنشطة المطلوبة.""},{""title"":""التقديم"",""body"":""قدّم عبر القنوات الرقمية وادفع الرسوم.""},{""title"":""التحديث"",""body"":""حدّث السجل عند تغيير الهيكل أو الأنشطة.""}]","[{""content"":""غرض استعلام مشروع لكل طلب وفق سياسات الاستخدام المقبول.""},{""content"":""سياسة احتفاظ داخلية بالبيانات متوافقة مع التزامات الخصوصية.""},{""content"":""دعم لغة عربية عندما يطلب المراجعون المصطلحات الأصلية.""},{""content"":""مسار تصعيد إلى المستشار القانوني لأنشطة غامضة.""}]","[{""title"":""وزارة التجارة"",""uri"":""https://mc.gov.sa/"",""link_title"":""mc.gov.sa"",""icon"":""globe""}]","Saudi Business Center (Meras)|Najiz|MISA (Ministry of Investment Saudi Arabia)",/platforms/sejel-tijari
