https://motaded.com.sa/services/services/privacy-policy,404,Not Found,Non-Indexable,Client Error
https://motaded.com.sa/blog/blog/vision-2030,404,Not Found,Non-Indexable,Client Error
https://motaded.com.sa/sites/default/files/2025-11/icon-target_0.svg,0,Connection Timeout,Non-Indexable,No Response
https://motaded.com.sa/services/services/legal-policy,404,Not Found,Non-Indexable,Client Error
https://motaded.com.sa/sitemap.xml,200,OK,Non-Indexable,noindex
https://motaded.com.sa/services/services/translation-services,404,Not Found,Non-Indexable,Client Error
https://motaded.com.sa/services/services/free-zones-ksa,404,Not Found,Non-Indexable,Client Error
https://motaded.com.sa/services/services/coworking-spaces,404,Not Found,Non-Indexable,Client Error
https://motaded.com.sa/services/vat-registration-services-saudi-arabia,0,Connection Timeout,Non-Indexable,No Response
https://motaded.com.sa/services/services/premium-residency-saudi-arabia,404,Not Found,Non-Indexable,Client Error
https://motaded.com.sa/services/services/about-us,404,Not Found,Non-Indexable,Client Error
https://motaded.com.sa/about-General-Organization-for-Social-Insurance-in-Saudi-Arabia,301,Moved Permanently,Non-Indexable,Redirected
https://motaded.com.sa/services/services/business-incubators,404,Not Found,Non-Indexable,Client Error
https://motaded.com.sa/about-Mudad-Platform,301,Moved Permanently,Non-Indexable,Redirected
https://motaded.com.sa/ejar-platform-saudi-arabia-guide,301,Moved Permanently,Non-Indexable,Redirected
https://motaded.com.sa/Ministry-of-Investment-in-Saudi-arabia,301,Moved Permanently,Non-Indexable,Redirected
https://motaded.com.sa/Steps-for-Business-Setup-in-KSA,301,Moved Permanently,Non-Indexable,Redirected
https://motaded.com.sa/Ministry-of-Investment-in-Saudi-Arabia,301,Moved Permanently,Non-Indexable,Redirected
https://motaded.com.sa/market-entry-strategy-in-KSA,301,Moved Permanently,Non-Indexable,Redirected
https://motaded.com.sa/consulting-firm-saudi-arabia-investors-comprehensive-guide,301,Moved Permanently,Non-Indexable,Redirected
https://motaded.com.sa/industrial-cities-saudi-arabia-comprehensive-guide,301,Moved Permanently,Non-Indexable,Redirected
https://motaded.com.sa/register-license-in-saudi-arabia-comprehensive-guide,301,Moved Permanently,Non-Indexable,Redirected
https://motaded.com.sa/zh-hans/node/350,301,Moved Permanently,Non-Indexable,Redirected
https://motaded.com.sa/zh-hans/Unlocking-Investment-Opportunities-in-Various-Commercial-Activities-in-Saudi-Arabia,301,Moved Permanently,Non-Indexable,Redirected
https://motaded.com.sa/zh-hans/blog/blog/vision-2030,404,Not Found,Non-Indexable,Client Error
https://motaded.com.sa/zh-hans/node/364,301,Moved Permanently,Non-Indexable,Redirected
https://motaded.com.sa/zh-hans/node/363,301,Moved Permanently,Non-Indexable,Redirected
https://motaded.com.sa/services/services/visa-issuance,404,Not Found,Non-Indexable,Client Error
https://motaded.com.sa/services/services/Branch-business-in-Saudi-Arabia,404,Not Found,Non-Indexable,Client Error
https://motaded.com.sa/services/services/branch-license-in-saudi-arabia,404,Not Found,Non-Indexable,Client Error
https://motaded.com.sa/Register-Your-Company-in-Saudi-Arabia,301,Moved Permanently,Non-Indexable,Redirected
https://motaded.com.sa/services/services/business-setup,404,Not Found,Non-Indexable,Client Error
https://motaded.com.sa/services/services/rhq-license-mena-license,404,Not Found,Non-Indexable,Client Error
https://motaded.com.sa/en/services/services/business-setup,404,Not Found,Non-Indexable,Client Error
https://motaded.com.sa/services/services/pro-gro-services-streamline-your-saudi-business-setup,404,Not Found,Non-Indexable,Client Error
https://motaded.com.sa/services/services/consultation-services,404,Not Found,Non-Indexable,Client Error
https://motaded.com.sa/about-Qiwa-Platform,301,Moved Permanently,Non-Indexable,Redirected
https://motaded.com.sa/starting-a-company-in-saudi-arabia-guide,301,Moved Permanently,Non-Indexable,Redirected
https://motaded.com.sa/Guide-to-Company-Formation-in-Saudi-Arabia,301,Moved Permanently,Non-Indexable,Redirected
https://motaded.com.sa/opening-bank-account-saudi-arabia-investors-guide-2026,301,Moved Permanently,Non-Indexable,Redirected
https://motaded.com.sa/calculating-setup-and-renewal-costs-saudi-arabia-encyclopedia,301,Moved Permanently,Non-Indexable,Redirected
https://motaded.com.sa/Articles-of-Association-in-Saudi-Arabia,301,Moved Permanently,Non-Indexable,Redirected
https://motaded.com.sa/saudi-company-incorporation-comprehensive-guide,301,Moved Permanently,Non-Indexable,Redirected
https://motaded.com.sa/company-registration-in-saudi-arabia-comprehensive-guide,301,Moved Permanently,Non-Indexable,Redirected
https://motaded.com.sa/Ministry-of-Commerce-in-Saudi-Arabia,301,Moved Permanently,Non-Indexable,Redirected
https://motaded.com.sa/establishing-a-company-in-saudi-arabia-comprehensive-guide,301,Moved Permanently,Non-Indexable,Redirected
https://motaded.com.sa/saudi-arabia-rhq-incentives-requirements-guide,301,Moved Permanently,Non-Indexable,Redirected
https://motaded.com.sa/professional-staff-saudi-arabia-management-guide,301,Moved Permanently,Non-Indexable,Redirected
https://motaded.com.sa/HR-Outsourcing-in-Saudi-Arabia,301,Moved Permanently,Non-Indexable,Redirected
https://motaded.com.sa/Regional-Headquarters-in-Saudi-Arabia,301,Moved Permanently,Non-Indexable,Redirected
https://motaded.com.sa/PRO-services-in-Saudi-Arabia,301,Moved Permanently,Non-Indexable,Redirected
https://motaded.com.sa/freedom-of-ownership-in-saudi-arabia-investors-guide,301,Moved Permanently,Non-Indexable,Redirected
https://motaded.com.sa/MISA-Investment-License,301,Moved Permanently,Non-Indexable,Redirected
https://motaded.com.sa/ZATCA,301,Moved Permanently,Non-Indexable,Redirected
https://motaded.com.sa/balady-platform-saudi-arabia-guide,301,Moved Permanently,Non-Indexable,Redirected
https://motaded.com.sa/Wage-Protection-System-in-saudi-arabia,301,Moved Permanently,Non-Indexable,Redirected
https://motaded.com.sa/ar/services/services/services/privacy-policy,404,Not Found,Non-Indexable,Client Error