from_path,to_path,status_code,langcode,section,type,nid
/ar/إزالة-ملاحظة-حماية-الأجور,/ar/blog/إزالة-ملاحظة-حماية-الأجور,301,ar,blog,article,501
/ar/إعداد-مشروع-تجاري-في-السعودية,/ar/blog/إعداد-مشروع-تجاري-في-السعودية,301,ar,blog,article,241
/ar/إنشاء-شركة-في-السعودية,/ar/blog/إنشاء-شركة-في-السعودية,301,ar,blog,article,242
/ar/تكاليف-الإقامة-ورخص-العمل-في-السعودية-سيادة-الامتثال-والتطور-الإجرائي,/ar/blog/تكاليف-الإقامة-ورخص-العمل-في-السعودية-سيادة-الامتثال-والتطور-الإجرائي,301,ar,blog,article,196
/ar/الاتجاهات-المستقبلية-في-ممارسات-المسؤولية-المؤسسية,/ar/blog/الاتجاهات-المستقبلية-في-ممارسات-المسؤولية-المؤسسية,301,ar,blog,article,530
/ar/برنامج-الاعتماد-المهني,/ar/blog/برنامج-الاعتماد-المهني,301,ar,blog,article,402
/ar/التراخيص-والمدن-الصناعية-في-السعودية-إلغاء-المقابل-المالي-متعدد,/ar/blog/التراخيص-والمدن-الصناعية-في-السعودية-إلغاء-المقابل-المالي-متعدد,301,ar,blog,article,635
/ar/الحصول-على-ترخيص-بدء-العمل-في-السعودية,/ar/blog/الحصول-على-ترخيص-بدء-العمل-في-السعودية,301,ar,blog,article,226
/ar/Life-in-Saudi-Arabia,/ar/blog/Life-in-Saudi-Arabia,301,ar,blog,article,149
/ar/دليل-تأسيس-الأعمال-في-السعودية,/ar/blog/دليل-تأسيس-الأعمال-في-السعودية,301,ar,blog,article,642
/ar/الدليل-الشامل-للمركز-السعودي-للأعمال,/ar/blog/الدليل-الشامل-للمركز-السعودي-للأعمال,301,ar,blog,article,539
/ar/الضرائب-في-السعودية-سيادة-الامتثال-والزكاة,/ar/blog/الضرائب-في-السعودية-سيادة-الامتثال-والزكاة,301,ar,blog,article,132
/ar/العنوان-الوطني-السعودي-سيادة-المكان-والتطور-اللوجستي,/ar/blog/العنوان-الوطني-السعودي-سيادة-المكان-والتطور-اللوجستي,301,ar,blog,article,186
/ar/دليل-الموارد-البشرية-في-السعودية-السيادة-الإجرائية-2026,/ar/blog/دليل-الموارد-البشرية-في-السعودية-السيادة-الإجرائية-2026,301,ar,blog,article,127
/ar/بدء-النشاط-التجاري-في-السعودية,/ar/blog/بدء-النشاط-التجاري-في-السعودية,301,ar,blog,article,224
/ar/بنك-التصدير-والاستيراد-السعودي,/ar/blog/بنك-التصدير-والاستيراد-السعودي,301,ar,blog,article,499
/ar/business-open-in-saudi-arabia-sovereign-guide,/ar/blog/business-open-in-saudi-arabia-sovereign-guide,301,ar,blog,article,641
/ar/تأسيس-فرع-شركة-أجنبية-في-السعودية-دليل-السيادة-الإجرائية,/ar/blog/تأسيس-فرع-شركة-أجنبية-في-السعودية-دليل-السيادة-الإجرائية,301,ar,blog,article,267
/ar/تأسيس-فرع-شركة-أجنبية-في-السعودية-2026-دليل-سيادي,/ar/blog/تأسيس-فرع-شركة-أجنبية-في-السعودية-2026-دليل-سيادي,301,ar,blog,article,643
/ar/تراخيص-الاستثمار,/ar/blog/تراخيص-الاستثمار,301,ar,blog,article,524
/ar/الدليل-الموسوعي-لتراخيص-الأعمال-السيادة-الاستثمارية,/ar/blog/الدليل-الموسوعي-لتراخيص-الأعمال-السيادة-الاستثمارية,301,ar,blog,article,7
/ar/تسجيل-الأعمال-في-السعودية-تأسيس-وبدء-الشركات,/ar/blog/تسجيل-الأعمال-في-السعودية-تأسيس-وبدء-الشركات,301,ar,blog,article,283
/ar/tzyz-tjrbt-almwzf-mn-khlal-khdmat-almward-albshryt,/ar/blog/tzyz-tjrbt-almwzf-mn-khlal-khdmat-almward-albshryt,301,ar,blog,article,136
/ar/توريد-القوى-العاملة,/ar/blog/توريد-القوى-العاملة,301,ar,blog,article,521
/ar/خدمات-تأسيس-الشركات-في-السعودية,/ar/blog/خدمات-تأسيس-الشركات-في-السعودية,301,ar,blog,article,225
/ar/دليل-مدن-الصناعي-الشامل-التراخيص-والتمويل-متعدد,/ar/blog/دليل-مدن-الصناعي-الشامل-التراخيص-والتمويل-متعدد,301,ar,blog,article,636
/ar/دليل-المدن-الصناعية-بالرياض-2026-افتح-شركتك-في-الرياض-متعدد,/ar/blog/دليل-المدن-الصناعية-بالرياض-2026-افتح-شركتك-في-الرياض-متعدد,301,ar,blog,article,639
/ar/دليل-المستثمر-الشامل-حول-منطقة-الرياض-المتكاملة-اللوجستية-الخاصة,/ar/blog/دليل-المستثمر-الشامل-حول-منطقة-الرياض-المتكاملة-اللوجستية-الخاصة,301,ar,blog,article,534
/ar/تأسيس-الشركات-في-السعودية,/ar/blog/تأسيس-الشركات-في-السعودية,301,ar,blog,article,543
/ar/دليل-تجديد-ترخيص-وزارة-الاستثمار,/ar/blog/دليل-تجديد-ترخيص-وزارة-الاستثمار,301,ar,blog,article,540
/ar/Guide-to-Amending-the-MISA-Investment-License,/ar/blog/Guide-to-Amending-the-MISA-Investment-License,301,ar,blog,article,541
/ar/دليل-تمويل-SIDF-الصناعي-القروض-والاشتراطات-متعدد,/ar/blog/دليل-تمويل-SIDF-الصناعي-القروض-والاشتراطات-متعدد,301,ar,blog,article,638
/ar/عمليات-الأعمال-في-المملكة-العربية-السعودية,/ar/blog/عمليات-الأعمال-في-المملكة-العربية-السعودية,301,ar,blog,article,544
/ar/دليل-منصة-صناعي-الشامل-التراخيص-والإعفاءات-متعدد,/ar/blog/دليل-منصة-صناعي-الشامل-التراخيص-والإعفاءات-متعدد,301,ar,blog,article,637
/ar/رؤية-السعودية-2030,/ar/blog/رؤية-السعودية-2030,301,ar,blog,article,9
/ar/رخصة-استثمار-وزارة-الاستثمار-السعودية-السيادة-الاستثمارية,/ar/blog/رخصة-استثمار-وزارة-الاستثمار-السعودية-السيادة-الاستثمارية,301,ar,blog,article,306
/ar/Register-Your-Company-in-Saudi-Arabia,/ar/blog/Register-Your-Company-in-Saudi-Arabia,301,ar,blog,article,119
/ar/الدليل-الموسوعي-الشامل-لتراخيص-الشركات-في-السعودية,/ar/blog/الدليل-الموسوعي-الشامل-لتراخيص-الشركات-في-السعودية,301,ar,blog,article,640
/ar/شهادة-السعودة-ونطاقات,/ar/blog/شهادة-السعودة-ونطاقات,301,ar,blog,article,135
/ar/فتح-شركة-في-المملكة-العربية-السعودية,/ar/blog/فتح-شركة-في-المملكة-العربية-السعودية,301,ar,blog,article,523
/ar/Unlocking-Investment-Opportunities-in-Various-Commercial-Activities-in-Saudi-Arabia,/ar/blog/Unlocking-Investment-Opportunities-in-Various-Commercial-Activities-in-Saudi-Arabia,301,ar,blog,article,141
/ar/فرص-الاستثمار-في-المملكة-العربية-السعودية,/ar/blog/فرص-الاستثمار-في-المملكة-العربية-السعودية,301,ar,blog,article,137
/ar/فرص-الاستثمار-في-المملكة-العربية-السعودية,/ar/blog/فرص-الاستثمار-في-المملكة-العربية-السعودية,301,ar,blog,article,137
/ar/LEAP-2025,/ar/blog/LEAP-2025,301,ar,blog,article,133
/ar/Saudi-Arabian-Laws,/ar/blog/Saudi-Arabian-Laws,301,ar,blog,article,172
/ar/2034-World-Cup,/ar/blog/2034-World-Cup,301,ar,blog,article,138
/ar/دليل-اختيار-مستشار-الاستثمار-في-السعودية,/ar/blog/دليل-اختيار-مستشار-الاستثمار-في-السعودية,301,ar,blog,article,644
/ar/كيفية-التقدم-بطلب-للحصول-على-الإقامة-السعودية,/ar/blog/كيفية-التقدم-بطلب-للحصول-على-الإقامة-السعودية,301,ar,blog,article,537
/ar/تأسيس-شركة-فى-السعودية,/ar/blog/تأسيس-شركة-فى-السعودية,301,ar,blog,article,249
/ar/why-invest-saudi-arabia-concise-guide-foreign-investors,/ar/blog/why-invest-saudi-arabia-concise-guide-foreign-investors,301,ar,blog,article,110
/ar/what-neom,/ar/blog/what-neom,301,ar,blog,article,8
/ar/مدينة-الملك-عبدالله-الاقتصادية-سيادة-الاستثمار-والتطور-اللوجستي,/ar/blog/مدينة-الملك-عبدالله-الاقتصادية-سيادة-الاستثمار-والتطور-اللوجستي,301,ar,blog,article,192
/ar/مزايا-فرع-لشركة-أجنبية-في-المملكة-العربية-السعودية,/ar/blog/مزايا-فرع-لشركة-أجنبية-في-المملكة-العربية-السعودية,301,ar,blog,article,529
/ar/مستشارو-تأسيس-الأعمال-في-السعودية-دعم-الاستثمار-السيادي,/ar/blog/مستشارو-تأسيس-الأعمال-في-السعودية-دعم-الاستثمار-السيادي,301,ar,blog,article,646
/ar/معنى-صندوق-الاستثمارات-العامة-استراتيجيته-وتأثيره-العالمي,/ar/blog/معنى-صندوق-الاستثمارات-العامة-استراتيجيته-وتأثيره-العالمي,301,ar,blog,article,538
/ar/رأس-الخير-الاقتصادية-الخاصة-سيادة-الاستثمار-البحري,/ar/blog/رأس-الخير-الاقتصادية-الخاصة-سيادة-الاستثمار-البحري,301,ar,blog,article,191
/ar/نشاط-المقاولات-والإنشاءات-في-السعودية-سيادة-الاستثمار,/ar/blog/نشاط-المقاولات-والإنشاءات-في-السعودية-سيادة-الاستثمار,301,ar,blog,article,156
/ar/business-setup,/ar/blog/business-setup,301,ar,blog,article,126
/ar/وزارة-الاستثمار-في-المملكة-العربية-السعودية,/ar/blog/وزارة-الاستثمار-في-المملكة-العربية-السعودية,301,ar,blog,article,526
/business-setup-cost-in-saudi-arabia,/blog/business-setup-cost-in-saudi-arabia,301,en,blog,article,271
/Iqama-Issuance-and-Renewal-Services-in-Saudi-Arabia,/blog/Iqama-Issuance-and-Renewal-Services-in-Saudi-Arabia,301,en,blog,article,554
/10-Steps-to-Setting-Up-Your-Business-in-Saudi-Arabia,/blog/10-Steps-to-Setting-Up-Your-Business-in-Saudi-Arabia,301,en,blog,article,350
/foreign-business-ownership-in-saudi-arabia,/blog/foreign-business-ownership-in-saudi-arabia,301,en,blog,article,292
/2034-World-Cup,/blog/2034-World-Cup,301,en,blog,article,138
/Setup-a-business-in-Riyadh,/blog/Setup-a-business-in-Riyadh,301,en,blog,article,205
/about-Absher-platform,/blog/about-Absher-platform,301,en,blog,article,369
/Accommodation-and-food-service-activities,/blog/Accommodation-and-food-service-activities,301,en,blog,article,151
/Administrative-activities-and-support-services-in-Saudi-Arabia,/blog/Administrative-activities-and-support-services-in-Saudi-Arabia,301,en,blog,article,160
/Advanced-Business-Operations-in-Saudi-Arabia,/blog/Advanced-Business-Operations-in-Saudi-Arabia,301,en,blog,article,545
/ajeer-paper-in-saudi-arabia,/blog/ajeer-paper-in-saudi-arabia,301,en,blog,article,345
/Al-Soudah,/blog/Al-Soudah,301,en,blog,article,203
/Al-Ula,/blog/Al-Ula,301,en,blog,article,200
/Guide-to-Amending-the-MISA-Investment-License,/blog/Guide-to-Amending-the-MISA-Investment-License,301,en,blog,article,541
/Entertainment-and-Recreation-Activity-in-Saudi-Arabia,/blog/Entertainment-and-Recreation-Activity-in-Saudi-Arabia,301,en,blog,article,157
/Attested-Translation-Services-Saudi-Arabia,/blog/Attested-Translation-Services-Saudi-Arabia,301,en,blog,article,653
/balady-platform-saudi-arabia-guide,/blog/balady-platform-saudi-arabia-guide,301,en,blog,article,587
/Become-a-Supplier-in-Saudi-Arabia,/blog/Become-a-Supplier-in-Saudi-Arabia,301,en,blog,article,214
/Benefits-of-a-Branch-of-Foreign-Company-in-Saudi-Arabia,/blog/Benefits-of-a-Branch-of-Foreign-Company-in-Saudi-Arabia,301,en,blog,article,529
/hr-and-payroll-management-in-Saudi,/blog/hr-and-payroll-management-in-Saudi,301,en,blog,article,500
/Bilateral-relations-between-Saudi-Arabia-and-India,/blog/Bilateral-relations-between-Saudi-Arabia-and-India,301,en,blog,article,168
/Branch-License-Company-in-Saudi-Arabia,/blog/Branch-License-Company-in-Saudi-Arabia,301,en,blog,article,263
/branch-license-in-saudi-arabia-2025-guide,/blog/branch-license-in-saudi-arabia-2025-guide,301,en,blog,article,231
/Future-of-Business-Setup-in-Saudi-Arabia,/blog/Future-of-Business-Setup-in-Saudi-Arabia,301,en,blog,article,212
/Business-Activities-Agriculture-and-Forestry-in-Saudi-Arabia,/blog/Business-Activities-Agriculture-and-Forestry-in-Saudi-Arabia,301,en,blog,article,164
/Business-activities-in-saudi-arabia-investment-sovereignty,/blog/Business-activities-in-saudi-arabia-investment-sovereignty,301,en,blog,article,142
/business-consultancy-services-strategic-guide,/blog/business-consultancy-services-strategic-guide,301,en,blog,article,628
/business-etiquette-comprehensive-guide-saudi-arabia,/blog/business-etiquette-comprehensive-guide-saudi-arabia,301,en,blog,article,591
/business-in-saudi-arabia-for-foreigners,/blog/business-in-saudi-arabia-for-foreigners,301,en,blog,article,279
/business-open-in-saudi-arabia-sovereign-guide,/blog/business-open-in-saudi-arabia-sovereign-guide,301,en,blog,article,641
/Business-Operations-in-Saudi-Arabia,/blog/Business-Operations-in-Saudi-Arabia,301,en,blog,article,544
/business-opportunities-saudi-arabia-comprehensive-guide,/blog/business-opportunities-saudi-arabia-comprehensive-guide,301,en,blog,article,619
/Business-Setup-Companies-in-Saudi-Arabia,/blog/Business-Setup-Companies-in-Saudi-Arabia,301,en,blog,article,360
/business-setup-company-strategic-guide,/blog/business-setup-company-strategic-guide,301,en,blog,article,629
/business-setup-consultants-in-saudi-arabia-sovereign-investment-support,/blog/business-setup-consultants-in-saudi-arabia-sovereign-investment-support,301,en,blog,article,646
/Business-Setup-for-Foreigners-in-Saudi-Arabia,/blog/Business-Setup-for-Foreigners-in-Saudi-Arabia,301,en,blog,article,204
/business-setup-in-saudi-arabia-comprehensive-guide,/blog/business-setup-in-saudi-arabia-comprehensive-guide,301,en,blog,article,603
/business-setup-in-saudi-arabia,/blog/business-setup-in-saudi-arabia,301,en,blog,article,237
/business-setup-process-in-ksa-sovereign-guide,/blog/business-setup-process-in-ksa-sovereign-guide,301,en,blog,article,642
/business-setup-process-in-saudi-arabia,/blog/business-setup-process-in-saudi-arabia,301,en,blog,article,298
/business-setup-service-strategic-guide,/blog/business-setup-service-strategic-guide,301,en,blog,article,630
/Business-Startup-in-Saudi-Arabia,/blog/Business-Startup-in-Saudi-Arabia,301,en,blog,article,504
/business-visa-in-saudi-arabia-comprehensive-guide,/blog/business-visa-in-saudi-arabia-comprehensive-guide,301,en,blog,article,600
/calculating-setup-and-renewal-costs-saudi-arabia-encyclopedia,/blog/calculating-setup-and-renewal-costs-saudi-arabia-encyclopedia,301,en,blog,article,592
/can-expats-start-business-in-saudi-arabia,/blog/can-expats-start-business-in-saudi-arabia,301,en,blog,article,344
/can-foreigners-do-business-in-saudi-arabia,/blog/can-foreigners-do-business-in-saudi-arabia,301,en,blog,article,290
/cash-flows-in-saudi-arabia-financial-guide,/blog/cash-flows-in-saudi-arabia-financial-guide,301,en,blog,article,580
/chamber-of-commerce-certificate-saudi-arabia,/blog/chamber-of-commerce-certificate-saudi-arabia,301,en,blog,article,321
/Chambers-of-Commerce-in-Saudi-Arabia,/blog/Chambers-of-Commerce-in-Saudi-Arabia,301,en,blog,article,173
/Chinese-Investments-in-Saudi-Arabia,/blog/Chinese-Investments-in-Saudi-Arabia,301,en,blog,article,220
/hr-solutions-saudi-arabia,/blog/hr-solutions-saudi-arabia,301,en,blog,article,631
/commercial-business-setup-ksa-comprehensive-guide,/blog/commercial-business-setup-ksa-comprehensive-guide,301,en,blog,article,609
/Commercial-License-Saudi-Arabia,/blog/Commercial-License-Saudi-Arabia,301,en,blog,article,518
/commercial-registration-saudi-arabia-get-started,/blog/commercial-registration-saudi-arabia-get-started,301,en,blog,article,257
/Commercial-Registration-Renewal,/blog/Commercial-Registration-Renewal,301,en,blog,article,556
/Commercial-Service-Offices-in-Saudi-Arabia,/blog/Commercial-Service-Offices-in-Saudi-Arabia,301,en,blog,article,564
/business-setup,/blog/business-setup,301,en,blog,article,126
/company-formation-in-ksa,/blog/company-formation-in-ksa,301,en,blog,article,265
/Guide-to-Company-Formation-in-Saudi-Arabia,/blog/Guide-to-Company-Formation-in-Saudi-Arabia,301,en,blog,article,557
/Company-Formation-in-Saudi-Arabia-Guide,/blog/Company-Formation-in-Saudi-Arabia-Guide,301,en,blog,article,351
/Best-company-formation-in-saudi-arabia,/blog/Best-company-formation-in-saudi-arabia,301,en,blog,article,255
/company-red-or-green,/blog/company-red-or-green,301,en,blog,article,318
/company-registration-in-saudi-arabia-comprehensive-guide,/blog/company-registration-in-saudi-arabia-comprehensive-guide,301,en,blog,article,604
/Register-Your-Company-in-Saudi-Arabia/ksa,/blog/Register-Your-Company-in-Saudi-Arabia/ksa,301,en,blog,article,119
/company-registration-in-saudi-arabia,/blog/company-registration-in-saudi-arabia,301,en,blog,article,250
/company-set-up-in-saudi-arabia-strategy,/blog/company-set-up-in-saudi-arabia-strategy,301,en,blog,article,598
/company-setup-riyadh-comprehensive-guide,/blog/company-setup-riyadh-comprehensive-guide,301,en,blog,article,622
/company-setup-in-saudi-arabia-comprehensive-guide,/blog/company-setup-in-saudi-arabia-comprehensive-guide,301,en,blog,article,599
/company-set-up-in-saudi-arabia,/blog/company-set-up-in-saudi-arabia,301,en,blog,article,261
/company-setup-services,/blog/company-setup-services,301,en,blog,article,512
/doing-business-guide-ksa,/blog/doing-business-guide-ksa,301,en,blog,article,343
/comprehensive-development-rights-saudi-arabia-guide,/blog/comprehensive-development-rights-saudi-arabia-guide,301,en,blog,article,585
/modon-industrial-cities-sovereign-guide,/blog/modon-industrial-cities-sovereign-guide,301,en,blog,article,636
/senaei-industrial-platform-sovereign-guide,/blog/senaei-industrial-platform-sovereign-guide,301,en,blog,article,637
/Construction-activity-in-Saudi-Arabia,/blog/Construction-activity-in-Saudi-Arabia,301,en,blog,article,156
/consulting-firm-saudi-arabia-investors-comprehensive-guide,/blog/consulting-firm-saudi-arabia-investors-comprehensive-guide,301,en,blog,article,621
/consulting-license-saudi-arabia-legal-management-consultant-guide,/blog/consulting-license-saudi-arabia-legal-management-consultant-guide,301,en,blog,article,574
/Contractor-Program-in-Saudi-Arabia,/blog/Contractor-Program-in-Saudi-Arabia,301,en,blog,article,211
/cost-of-opening-a-company-in-saudi-arabia,/blog/cost-of-opening-a-company-in-saudi-arabia,301,en,blog,article,295
/Cost-of-starting-a-business-in-Saudi-Arabia-2026,/blog/Cost-of-starting-a-business-in-Saudi-Arabia-2026,301,en,blog,article,561
/create-company-in-saudi-arabia,/blog/create-company-in-saudi-arabia,301,en,blog,article,239
/Saudization-And-Nitaqat-System,/blog/Saudization-And-Nitaqat-System,301,en,blog,article,135
/Branch-of-a-Foreign-Company-in-Saudi-Arabia,/blog/Branch-of-a-Foreign-Company-in-Saudi-Arabia,301,en,blog,article,197
/Direct-Foreign-investments-in-Saudi-Arabia,/blog/Direct-Foreign-investments-in-Saudi-Arabia,301,en,blog,article,221
/document-authentication-saudi-arabia-guide,/blog/document-authentication-saudi-arabia-guide,301,en,blog,article,632
/Doing-business-in-ksa,/blog/Doing-business-in-ksa,301,en,blog,article,517
/Doing-Business-in-Saudi-Arabia-Guide,/blog/Doing-Business-in-Saudi-Arabia-Guide,301,en,blog,article,508
/Doing-Business-in-Saudi-Arabia,/blog/Doing-Business-in-Saudi-Arabia,301,en,blog,article,505
/driving-licence-categories,/blog/driving-licence-categories,301,en,blog,article,317
/driving-license-process-in-saudi-arabia,/blog/driving-license-process-in-saudi-arabia,301,en,blog,article,314
/ecommerce-in-saudi-arabia,/blog/ecommerce-in-saudi-arabia,301,en,blog,article,319
/Eastern-Province-Municipality-signs-investment-contracts-worth-600-million-riyals,/blog/Eastern-Province-Municipality-signs-investment-contracts-worth-600-million-riyals,301,en,blog,article,219
/Education-in-Saudi-Arabia,/blog/Education-in-Saudi-Arabia,301,en,blog,article,153
/ejar-platform-saudi-arabia-guide,/blog/ejar-platform-saudi-arabia-guide,301,en,blog,article,593
/Electricity-and-Air-Gas-Activities-in-Saudi-Arabia,/blog/Electricity-and-Air-Gas-Activities-in-Saudi-Arabia,301,en,blog,article,167
/Empowering-Saudi-Arabia’s-SMEs,/blog/Empowering-Saudi-Arabia’s-SMEs,301,en,blog,article,213
/Enhancing-Employee-Experience-Through-HR-Services,/blog/Enhancing-Employee-Experience-Through-HR-Services,301,en,blog,article,136
/entrepreneur-license-saudi-arabia,/blog/entrepreneur-license-saudi-arabia,301,en,blog,article,337
/establish-company-in-saudi-arabia,/blog/establish-company-in-saudi-arabia,301,en,blog,article,302
/establishing-a-company-in-saudi-arabia-comprehensive-guide,/blog/establishing-a-company-in-saudi-arabia-comprehensive-guide,301,en,blog,article,610
/branch-setup-in-saudi-arabia,/blog/branch-setup-in-saudi-arabia,301,en,blog,article,267
/about-Etimad-Platform,/blog/about-Etimad-Platform,301,en,blog,article,366
/Everything-about-investing-in-Saudi-Arabia,/blog/Everything-about-investing-in-Saudi-Arabia,301,en,blog,article,198
/car-license,/blog/car-license,301,en,blog,article,310
/Expand-Your-Business-in-Saudi-Arabia,/blog/Expand-Your-Business-in-Saudi-Arabia,301,en,blog,article,519
/industries-in-saudi-arabia,/blog/industries-in-saudi-arabia,301,en,blog,article,303
/bank-account-in-saudi,/blog/bank-account-in-saudi,301,en,blog,article,353
/facilitating-sovereign-financial-procedures-saudi-arabia-guide,/blog/facilitating-sovereign-financial-procedures-saudi-arabia-guide,301,en,blog,article,589
/about-Fasah-Platform,/blog/about-Fasah-Platform,301,en,blog,article,358
/Business-Document-Translation-Saudi-Arabia,/blog/Business-Document-Translation-Saudi-Arabia,301,en,blog,article,522
/Financial-and-insurance-activities-in-Saudi-Arabia,/blog/Financial-and-insurance-activities-in-Saudi-Arabia,301,en,blog,article,161
/foreign-direct-investment-ksa-regulations-comprehensive-guide-2026,/blog/foreign-direct-investment-ksa-regulations-comprehensive-guide-2026,301,en,blog,article,578
/foreign-investment-in-saudi-arabia-sovereign-growth-fdi-guide,/blog/foreign-investment-in-saudi-arabia-sovereign-growth-fdi-guide,301,en,blog,article,647
/foreign-investment-license,/blog/foreign-investment-license,301,en,blog,article,652
/free-zone-company-in-saudi-arabia,/blog/free-zone-company-in-saudi-arabia,301,en,blog,article,260
/free-zones-license-in-saudi-arabia,/blog/free-zones-license-in-saudi-arabia,301,en,blog,article,236
/freedom-of-ownership-in-saudi-arabia-investors-guide,/blog/freedom-of-ownership-in-saudi-arabia-investors-guide,301,en,blog,article,579
/Fueling-Saudi-Arabia’s-Manufacturing-Future,/blog/Fueling-Saudi-Arabia’s-Manufacturing-Future,301,en,blog,article,210
/Future-Trends-in-Corporate-Responsibility-Practices,/blog/Future-Trends-in-Corporate-Responsibility-Practices,301,en,blog,article,530
/General-Organization-for-Social-Insurance,/blog/General-Organization-for-Social-Insurance,301,en,blog,article,178
/about-General-Organization-for-Social-Insurance-in-Saudi-Arabia,/blog/about-General-Organization-for-Social-Insurance-in-Saudi-Arabia,301,en,blog,article,364
/new-rules-for-iqama-renewal,/blog/new-rules-for-iqama-renewal,301,en,blog,article,324
/Giga-projects-in-Saudi-Arabia,/blog/Giga-projects-in-Saudi-Arabia,301,en,blog,article,207
/foreign-company-registration-in-saudi-arabia,/blog/foreign-company-registration-in-saudi-arabia,301,en,blog,article,268
/how-to-setup-a-foreign-branch-in-saudi,/blog/how-to-setup-a-foreign-branch-in-saudi,301,en,blog,article,264
/Articles-of-Association-in-Saudi-Arabia,/blog/Articles-of-Association-in-Saudi-Arabia,301,en,blog,article,559
/MISA-Investment-License-Renewal,/blog/MISA-Investment-License-Renewal,301,en,blog,article,540
/income-tax-saudi-arabia,/blog/income-tax-saudi-arabia,301,en,blog,article,333
/commercial-registration-fees-in-saudi-arabia,/blog/commercial-registration-fees-in-saudi-arabia,301,en,blog,article,291
/setting-up-a-company-in-Saudi-Arabia,/blog/setting-up-a-company-in-Saudi-Arabia,301,en,blog,article,246
/opening-a-company-in-saudi-arabia,/blog/opening-a-company-in-saudi-arabia,301,en,blog,article,282
/gcc-company-saudi-arabia,/blog/gcc-company-saudi-arabia,301,en,blog,article,320
/hr-outsourcing-companies-in-ksa,/blog/hr-outsourcing-companies-in-ksa,301,en,blog,article,515
/Hr-Tech-Saudi-Arabia,/blog/Hr-Tech-Saudi-Arabia,301,en,blog,article,509
/driving-license-ksa,/blog/driving-license-ksa,301,en,blog,article,326
/How-to-Apply-for-Saudi-Residency,/blog/How-to-Apply-for-Saudi-Residency,301,en,blog,article,537
/how-to-apply-for-saudi-visa-comprehensive-guide,/blog/how-to-apply-for-saudi-visa-comprehensive-guide,301,en,blog,article,626
/how-to-choose-investment-consultant-saudi-arabia,/blog/how-to-choose-investment-consultant-saudi-arabia,301,en,blog,article,644
/business-license-in-saudi-arabia,/blog/business-license-in-saudi-arabia,301,en,blog,article,281
/gosi-certificate,/blog/gosi-certificate,301,en,blog,article,311
/how-to-get-business-license-in-saudi-arabia,/blog/how-to-get-business-license-in-saudi-arabia,301,en,blog,article,278
/commercial-license-in-saudi-arabia,/blog/commercial-license-in-saudi-arabia,301,en,blog,article,274
/cr,/blog/cr,301,en,blog,article,315
/How-to-Obtain-a-Transportation-and-Storage-License-in-Saudi-Arabia,/blog/How-to-Obtain-a-Transportation-and-Storage-License-in-Saudi-Arabia,301,en,blog,article,150
/open-business-in-saudi-arabia,/blog/open-business-in-saudi-arabia,301,en,blog,article,284
/foreign-company-branch-in-saudi-arabia,/blog/foreign-company-branch-in-saudi-arabia,301,en,blog,article,280
/register-a-company-in-Saudi-Arabia,/blog/register-a-company-in-Saudi-Arabia,301,en,blog,article,273
/vat-license-in-saudi-arabia,/blog/vat-license-in-saudi-arabia,301,en,blog,article,339
/how-to-set-up-a-business-in-saudi-arabia,/blog/how-to-set-up-a-business-in-saudi-arabia,301,en,blog,article,254
/how-to-start-a-business-in-saudi-arabia,/blog/how-to-start-a-business-in-saudi-arabia,301,en,blog,article,299
/how-to-start-a-small-business-in-saudi-arabia,/blog/how-to-start-a-small-business-in-saudi-arabia,301,en,blog,article,297
/hr-companies-in-riyadh,/blog/hr-companies-in-riyadh,301,en,blog,article,560
/hr-services,/blog/hr-services,301,en,blog,article,127
/HR-Outsourcing-Company-in-Saudi-Arabia,/blog/HR-Outsourcing-Company-in-Saudi-Arabia,301,en,blog,article,648
/HR-Outsourcing-in-Saudi-Arabia,/blog/HR-Outsourcing-in-Saudi-Arabia,301,en,blog,article,563
/HR-software-comparison-Saudi-Arabia,/blog/HR-software-comparison-Saudi-Arabia,301,en,blog,article,527
/HR-System-KSA,/blog/HR-System-KSA,301,en,blog,article,651
/Human-health-and-social-work-activities-in-Saudi-Arabia,/blog/Human-health-and-social-work-activities-in-Saudi-Arabia,301,en,blog,article,165
/import-export-saudi-arabia,/blog/import-export-saudi-arabia,301,en,blog,article,655
/Incorporating-a-Company-in-Saudi-Arabia,/blog/Incorporating-a-Company-in-Saudi-Arabia,301,en,blog,article,543
/industrial-cities-saudi-arabia-comprehensive-guide,/blog/industrial-cities-saudi-arabia-comprehensive-guide,301,en,blog,article,615
/industrial-license-saudi-arabia,/blog/industrial-license-saudi-arabia,301,en,blog,article,336
/industrial-licenses-and-cities-saudi-arabia-guide,/blog/industrial-licenses-and-cities-saudi-arabia-guide,301,en,blog,article,635
/Information-and-Communications-Activity-License-in-Saudi-Arabia,/blog/Information-and-Communications-Activity-License-in-Saudi-Arabia,301,en,blog,article,152
/Setting-Up-Business-In-Saudi-Arabia,/blog/Setting-Up-Business-In-Saudi-Arabia,301,en,blog,article,507
/instant-license-issuance-saudi-arabia-guide,/blog/instant-license-issuance-saudi-arabia-guide,301,en,blog,article,590
/insurance-brokerage-license-saudi-arabia-guide,/blog/insurance-brokerage-license-saudi-arabia-guide,301,en,blog,article,584
/Integrated-Logistics-Special-Bonded-Zone,/blog/Integrated-Logistics-Special-Bonded-Zone,301,en,blog,article,571
/invest-in-saudi-arabia-comprehensive-encyclopedic-guide,/blog/invest-in-saudi-arabia-comprehensive-encyclopedic-guide,301,en,blog,article,602
/type-license,/blog/type-license,301,en,blog,article,7
/investment-data-services-strategic-guide,/blog/investment-data-services-strategic-guide,301,en,blog,article,625
/Investment-for-foreigners-is-now-allowed-in-Mecca-and-Medina,/blog/Investment-for-foreigners-is-now-allowed-in-Mecca-and-Medina,301,en,blog,article,217
/invest-in-saudi-arabia-company-formation,/blog/invest-in-saudi-arabia-company-formation,301,en,blog,article,573
/Investment-Licenses,/blog/Investment-Licenses,301,en,blog,article,524
/Investment-Opportunities-in-Saudi-Arabia,/blog/Investment-Opportunities-in-Saudi-Arabia,301,en,blog,article,137
/Investment-Projects-Between-Saudi-Arabia-and-the-USA,/blog/Investment-Projects-Between-Saudi-Arabia-and-the-USA,301,en,blog,article,222
/investment-systems-in-saudi-arabia-guide,/blog/investment-systems-in-saudi-arabia-guide,301,en,blog,article,581
/investor-license-in-saudi-arabia,/blog/investor-license-in-saudi-arabia,301,en,blog,article,227
/investor-visa-in-saudi-arabia,/blog/investor-visa-in-saudi-arabia,301,en,blog,article,342
/issuing-general-manager-visa-via-qiwa-guide,/blog/issuing-general-manager-visa-via-qiwa-guide,301,en,blog,article,634
/Jazan-Special-Economic-free-Zone,/blog/Jazan-Special-Economic-free-Zone,301,en,blog,article,195
/how-to-start-llc-in-saudi,/blog/how-to-start-llc-in-saudi,301,en,blog,article,312
/King-Abdullah-Economic-city,/blog/King-Abdullah-Economic-city,301,en,blog,article,192
/King-Salman-Energy-Park-Project,/blog/King-Salman-Energy-Park-Project,301,en,blog,article,147
/saudization,/blog/saudization,301,en,blog,article,308
/CEER-Electric-Car-Manufacturing-Company-in-Saudi-Arabia,/blog/CEER-Electric-Car-Manufacturing-Company-in-Saudi-Arabia,301,en,blog,article,148
/LEAP-2025,/blog/LEAP-2025,301,en,blog,article,133
/legal-consultant-in-saudi-arabia-investor-support-2026,/blog/legal-consultant-in-saudi-arabia-investor-support-2026,301,en,blog,article,577
/legal-translation-services-in-saudi-arabia,/blog/legal-translation-services-in-saudi-arabia,301,en,blog,article,606
/licence-saudi-arabia,/blog/licence-saudi-arabia,301,en,blog,article,327
/license-investment-saudi-arabia-comprehensive-guide,/blog/license-investment-saudi-arabia-comprehensive-guide,301,en,blog,article,616
/license-investor-saudi-arabia-comprehensive-guide,/blog/license-investor-saudi-arabia-comprehensive-guide,301,en,blog,article,613
/living-in-saudi-arabia-sovereignty-and-welfare,/blog/living-in-saudi-arabia-sovereignty-and-welfare,301,en,blog,article,654
/llc-company-formation-saudi,/blog/llc-company-formation-saudi,301,en,blog,article,276
/manpower-supply-company-in-Saudi-Arabia,/blog/manpower-supply-company-in-Saudi-Arabia,301,en,blog,article,521
/Manufacturing-activity-in-Saudi-Arabia,/blog/Manufacturing-activity-in-Saudi-Arabia,301,en,blog,article,143
/market-entry-strategy-in-KSA,/blog/market-entry-strategy-in-KSA,301,en,blog,article,572
/about-Mazaya-Platform,/blog/about-Mazaya-Platform,301,en,blog,article,361
/Ministry-of-Commerce-in-Saudi-Arabia,/blog/Ministry-of-Commerce-in-Saudi-Arabia,301,en,blog,article,565
/ministry-of-investment-(misa),/blog/ministry-of-investment-(misa),301,en,blog,article,536
/Ministry-of-Investment-in-Saudi-Arabia,/blog/Ministry-of-Investment-in-Saudi-Arabia,301,en,blog,article,526
/misa-business-licensing-in-saudi-arabia,/blog/misa-business-licensing-in-saudi-arabia,301,en,blog,article,306
/MISA-Investment-License,/blog/MISA-Investment-License,301,en,blog,article,576
/MISA-Investor-License,/blog/MISA-Investor-License,301,en,blog,article,511
/misa-license-saudi-arabia-comprehensive-guide,/blog/misa-license-saudi-arabia-comprehensive-guide,301,en,blog,article,608
/misa-license-in-saudi-arabia,/blog/misa-license-in-saudi-arabia,301,en,blog,article,514
/misa-license-requirements,/blog/misa-license-requirements,301,en,blog,article,503
/MISA-License-Saudi-Arabia,/blog/MISA-License-Saudi-Arabia,301,en,blog,article,649
/misa-setup-consultants-saudi-arabia-comprehensive-guide,/blog/misa-setup-consultants-saudi-arabia-comprehensive-guide,301,en,blog,article,617
/about-MIZA,/blog/about-MIZA,301,en,blog,article,362
/about-MODON,/blog/about-MODON,301,en,blog,article,367
/HR-Governance-in-Saudi-Arabia,/blog/HR-Governance-in-Saudi-Arabia,301,en,blog,article,553
/Outsourced-HR-and-Operational-Support,/blog/Outsourced-HR-and-Operational-Support,301,en,blog,article,552
/about-Mudad-Platform,/blog/about-Mudad-Platform,301,en,blog,article,356
/muqeem-portal-registration,/blog/muqeem-portal-registration,301,en,blog,article,325
/MUSAHAMA-Program,/blog/MUSAHAMA-Program,301,en,blog,article,209
/what-neom,/blog/what-neom,301,en,blog,article,8
/Notarized-translation-services-in-Saudi-Arabia,/blog/Notarized-translation-services-in-Saudi-Arabia,301,en,blog,article,510
/Nusuk,/blog/Nusuk,301,en,blog,article,171
/industrial-license-in-saudi-arabia,/blog/industrial-license-in-saudi-arabia,301,en,blog,article,331
/open-a-company-in-Saudi-Arabia,/blog/open-a-company-in-Saudi-Arabia,301,en,blog,article,523
/open-branch-company-saudi-arabia-comprehensive-guide,/blog/open-branch-company-saudi-arabia-comprehensive-guide,301,en,blog,article,618
/Open-Branch-company-in-Saudi-Arabia,/blog/Open-Branch-company-in-Saudi-Arabia,301,en,blog,article,288
/open-business-in-saudi-arabia-comprehensive-guide,/blog/open-business-in-saudi-arabia-comprehensive-guide,301,en,blog,article,612
/open-company-in-saudi,/blog/open-company-in-saudi,301,en,blog,article,650
/Open-a-bank-account-in-Saudi-Arabia,/blog/Open-a-bank-account-in-Saudi-Arabia,301,en,blog,article,188
/opening-bank-account-saudi-arabia-investors-guide-2026,/blog/opening-bank-account-saudi-arabia-investors-guide-2026,301,en,blog,article,575
/service-activities-in-Saudi-Arabia,/blog/service-activities-in-Saudi-Arabia,301,en,blog,article,158
/payroll-management-ksa,/blog/payroll-management-ksa,301,en,blog,article,513
/business-ideas-in-saudi-arabia,/blog/business-ideas-in-saudi-arabia,301,en,blog,article,305
/PRO-Services-in-Saudi-Arabia-for-Foreign-Companies,/blog/PRO-Services-in-Saudi-Arabia-for-Foreign-Companies,301,en,blog,article,548
/Government-Relations-Services,/blog/Government-Relations-Services,301,en,blog,article,549
/professional-accreditation-program-in-saudi-arabia,/blog/professional-accreditation-program-in-saudi-arabia,301,en,blog,article,347
/professional-licenses-saudi-arabia-guide,/blog/professional-licenses-saudi-arabia-guide,301,en,blog,article,588
/professional-staff-saudi-arabia-management-guide,/blog/professional-staff-saudi-arabia-management-guide,301,en,blog,article,586
/scientific-and-technical-activities-in-Saudi-Arabia,/blog/scientific-and-technical-activities-in-Saudi-Arabia,301,en,blog,article,159
/Mandatory-Social-Security-in-Saudi-Arabia,/blog/Mandatory-Social-Security-in-Saudi-Arabia,301,en,blog,article,166
/Public-Investment-Fund-Meaning-Strategy-and-Global-Impact,/blog/Public-Investment-Fund-Meaning-Strategy-and-Global-Impact,301,en,blog,article,538
/Qiddiya-Project,/blog/Qiddiya-Project,301,en,blog,article,201
/about-Qiwa-Platform,/blog/about-Qiwa-Platform,301,en,blog,article,355
/qiwa-platform-sovereign-encyclopedia,/blog/qiwa-platform-sovereign-encyclopedia,301,en,blog,article,633
/Quality-of-Life-in-Saudi-Arabia,/blog/Quality-of-Life-in-Saudi-Arabia,301,en,blog,article,170
/Ras-Al-Khair-SEZ,/blog/Ras-Al-Khair-SEZ,301,en,blog,article,191
/Real-estate-activities-in-Saudi-Arabia,/blog/Real-estate-activities-in-Saudi-Arabia,301,en,blog,article,162
/real-estate-developer-license-saudi-arabia-guide,/blog/real-estate-developer-license-saudi-arabia-guide,301,en,blog,article,583
/employee-outsourcing-saudi,/blog/employee-outsourcing-saudi,301,en,blog,article,506
/Regional-Headquarters-in-Saudi-Arabia,/blog/Regional-Headquarters-in-Saudi-Arabia,301,en,blog,article,558
/register-a-business-in-saudi-arabia,/blog/register-a-business-in-saudi-arabia,301,en,blog,article,283
/register-a-company-in-jeddah,/blog/register-a-company-in-jeddah,301,en,blog,article,275
/how-to-register-a-company-in-saudi-arabia,/blog/how-to-register-a-company-in-saudi-arabia,301,en,blog,article,269
/register-a-license-in-saudi-arabia,/blog/register-a-license-in-saudi-arabia,301,en,blog,article,259
/register-license-in-saudi-arabia-comprehensive-guide,/blog/register-license-in-saudi-arabia-comprehensive-guide,301,en,blog,article,614
/registering-a-company-in-saudi-arabia,/blog/registering-a-company-in-saudi-arabia,301,en,blog,article,248
/Life-in-Saudi-Arabia,/blog/Life-in-Saudi-Arabia,301,en,blog,article,149
/Remove-the-Wage-Protection-Note,/blog/Remove-the-Wage-Protection-Note,301,en,blog,article,501
/Residency-in-Saudi-Arabia,/blog/Residency-in-Saudi-Arabia,301,en,blog,article,196
/rhq-formation-saudi-arabia-comprehensive-guide,/blog/rhq-formation-saudi-arabia-comprehensive-guide,301,en,blog,article,620
/saudi-arabia-rhq-incentives-requirements-guide,/blog/saudi-arabia-rhq-incentives-requirements-guide,301,en,blog,article,582
/riyadh-company-setup-comprehensive-guide,/blog/riyadh-company-setup-comprehensive-guide,301,en,blog,article,623
/riyadh-industrial-cities-sovereign-guide,/blog/riyadh-industrial-cities-sovereign-guide,301,en,blog,article,639
/Riyadh-Integrated-Special-Logistics-Zone-RISLZ,/blog/Riyadh-Integrated-Special-Logistics-Zone-RISLZ,301,en,blog,article,534
/Investment-Opportunities-and-Business-Setup-in-riyadh,/blog/Investment-Opportunities-and-Business-Setup-in-riyadh,301,en,blog,article,206
/ministry-of-foreign-affairs-saudi-business-encyclopedic-guide,/blog/ministry-of-foreign-affairs-saudi-business-encyclopedic-guide,301,en,blog,article,601
/about-Saber-platform,/blog/about-Saber-platform,301,en,blog,article,368
/sagia-license-saudi-arabia,/blog/sagia-license-saudi-arabia,301,en,blog,article,338
/Saudi-Arabia-and-Italy-Sign-Energy-Cooperation-Agreement,/blog/Saudi-Arabia-and-Italy-Sign-Energy-Cooperation-Agreement,301,en,blog,article,139
/saudi-arabia-business-license,/blog/saudi-arabia-business-license,301,en,blog,article,286
/Saudi-Arabia-Business-Registration,/blog/Saudi-Arabia-Business-Registration,301,en,blog,article,256
/saudi-arabia-commercial-license,/blog/saudi-arabia-commercial-license,301,en,blog,article,277
/saudi-arabia-commercial-register,/blog/saudi-arabia-commercial-register,301,en,blog,article,289
/saudi-arabia-company-formation,/blog/saudi-arabia-company-formation,301,en,blog,article,285
/saudi-arabia-company-incorporation-guide,/blog/saudi-arabia-company-incorporation-guide,301,en,blog,article,595
/company-license-saudi-arabia-sovereign-guide,/blog/company-license-saudi-arabia-sovereign-guide,301,en,blog,article,640
/saudi-arabia-company-registration-process,/blog/saudi-arabia-company-registration-process,301,en,blog,article,300
/Saudi-Arabia-Stock-Market,/blog/Saudi-Arabia-Stock-Market,301,en,blog,article,223
/trade-license,/blog/trade-license,301,en,blog,article,313
/saudi-arabian-investment-strategic-guide,/blog/saudi-arabian-investment-strategic-guide,301,en,blog,article,627
/Saudi-Arabian-Laws,/blog/Saudi-Arabian-Laws,301,en,blog,article,172
/Saudi-Business-Center,/blog/Saudi-Business-Center,301,en,blog,article,354
/saudi-company-incorporation-comprehensive-guide,/blog/saudi-company-incorporation-comprehensive-guide,301,en,blog,article,605
/saudi-company-registration,/blog/saudi-company-registration,301,en,blog,article,270
/saudi-company-setup,/blog/saudi-company-setup,301,en,blog,article,272
/Saudi-Export-Import,/blog/Saudi-Export-Import,301,en,blog,article,499
/about-Saudi-Food-and-Drug-Authority,/blog/about-Saudi-Food-and-Drug-Authority,301,en,blog,article,359
/saudi-freelance-regulations-guide,/blog/saudi-freelance-regulations-guide,301,en,blog,article,594
/Ministry-of-Labor-in-Saudi-Arabia,/blog/Ministry-of-Labor-in-Saudi-Arabia,301,en,blog,article,177
/the-Saudi-National-Address,/blog/the-Saudi-National-Address,301,en,blog,article,186
/about-Saudi-Post-SPL,/blog/about-Saudi-Post-SPL,301,en,blog,article,365
/saudi-premium-residency,/blog/saudi-premium-residency,301,en,blog,article,328
/Saudi-Startup-Business-Program,/blog/Saudi-Startup-Business-Program,301,en,blog,article,175
/vision-2030,/blog/vision-2030,301,en,blog,article,9
/Saudi-Vision-2030-Projects-and-Investor-Opportunities,/blog/Saudi-Vision-2030-Projects-and-Investor-Opportunities,301,en,blog,article,145
/set-up-a-branch-office-in-saudi-arabia-sovereign-guide,/blog/set-up-a-branch-office-in-saudi-arabia-sovereign-guide,301,en,blog,article,643
/set-up-business-in-saudi,/blog/set-up-business-in-saudi,301,en,blog,article,335
/set-up-JSC-in-saudi-arabia,/blog/set-up-JSC-in-saudi-arabia,301,en,blog,article,294
/foreign-branch-setup-in-saudi,/blog/foreign-branch-setup-in-saudi,301,en,blog,article,253
/Setting-Up-A-Business-In-Saudi-Arabia,/blog/Setting-Up-A-Business-In-Saudi-Arabia,301,en,blog,article,258
/setting-up-business-in-ksa-comprehensive-guide,/blog/setting-up-business-in-ksa-comprehensive-guide,301,en,blog,article,611
/setting-up-company-in-saudi-arabia-guide,/blog/setting-up-company-in-saudi-arabia-guide,301,en,blog,article,596
/setting-up-company-in-saudi-arabia,/blog/setting-up-company-in-saudi-arabia,301,en,blog,article,340
/setting-up-company-in-saudi-arabia-ultimate-guide,/blog/setting-up-company-in-saudi-arabia-ultimate-guide,301,en,blog,article,235
/Setting-up-license-in-Saudi-Arabia,/blog/Setting-up-license-in-Saudi-Arabia,301,en,blog,article,229
/business-setup-in-ksa,/blog/business-setup-in-ksa,301,en,blog,article,251
/business-setup-services-in-saudi-arabia,/blog/business-setup-services-in-saudi-arabia,301,en,blog,article,230
/sidf-industrial-fund-financing-sovereign-guide,/blog/sidf-industrial-fund-financing-sovereign-guide,301,en,blog,article,638
/Six-Flags-In-Saudi-Arabia,/blog/Six-Flags-In-Saudi-Arabia,301,en,blog,article,208
/HR-Consultancy-in-Saudi-Arabia,/blog/HR-Consultancy-in-Saudi-Arabia,301,en,blog,article,525
/saudi-arabia-license,/blog/saudi-arabia-license,301,en,blog,article,304
/starting-a-business-in-saudi-arabia,/blog/starting-a-business-in-saudi-arabia,301,en,blog,article,262
/starting-a-company-in-saudi-arabia-guide,/blog/starting-a-company-in-saudi-arabia-guide,301,en,blog,article,597
/starting-a-company-in-saudi-arabia,/blog/starting-a-company-in-saudi-arabia,301,en,blog,article,330
/Starting-commercial-in-Saudi-Arabia,/blog/Starting-commercial-in-Saudi-Arabia,301,en,blog,article,233
/Starting-License-in-Saudi-Arabia,/blog/Starting-License-in-Saudi-Arabia,301,en,blog,article,228
/business-setup-service-in-saudi-arabia,/blog/business-setup-service-in-saudi-arabia,301,en,blog,article,296
/startup-business-investment-opportunities-2026-guide,/blog/startup-business-investment-opportunities-2026-guide,301,en,blog,article,624
/how-to-apply-for-driving-license-in-ksa,/blog/how-to-apply-for-driving-license-in-ksa,301,en,blog,article,323
/Set-Up-Business-in-Saudi-Arabia,/blog/Set-Up-Business-in-Saudi-Arabia,301,en,blog,article,240
/Steps-for-Business-Setup-in-KSA,/blog/Steps-for-Business-Setup-in-KSA,301,en,blog,article,568
/saudi-arabia-company-setup,/blog/saudi-arabia-company-setup,301,en,blog,article,238
/how-to-get-driving-license-in-saudi-arabia,/blog/how-to-get-driving-license-in-saudi-arabia,301,en,blog,article,316
/start-up-company-in-saudi-arabia,/blog/start-up-company-in-saudi-arabia,301,en,blog,article,341
/PRO-and-Government-Relations-Services-in-Saudi-Arabia,/blog/PRO-and-Government-Relations-Services-in-Saudi-Arabia,301,en,blog,article,546
/Saudi-Corporate-Compliance-Services,/blog/Saudi-Corporate-Compliance-Services,301,en,blog,article,550
/Subsidiary-Companies-in-Saudi-Arabia,/blog/Subsidiary-Companies-in-Saudi-Arabia,301,en,blog,article,363
/subsidiary-company-in-saudi-arabia,/blog/subsidiary-company-in-saudi-arabia,301,en,blog,article,234
/Taxes-in-Saudi-Arabia,/blog/Taxes-in-Saudi-Arabia,301,en,blog,article,132
/tax-system-saudi-arabia-wht-vat-cit-guide,/blog/tax-system-saudi-arabia-wht-vat-cit-guide,301,en,blog,article,607
/saudi-arabia-company-incorporation,/blog/saudi-arabia-company-incorporation,301,en,blog,article,266
/Cloud-Computing-Special-Economic-Zone,/blog/Cloud-Computing-Special-Economic-Zone,301,en,blog,article,570
/The-Comprehensive-Guide-to-Saudi-Business-Center,/blog/The-Comprehensive-Guide-to-Saudi-Business-Center,301,en,blog,article,539
/PRO-services-in-Saudi-Arabia,/blog/PRO-services-in-Saudi-Arabia,301,en,blog,article,547
/Investment-Registration-Certificate,/blog/Investment-Registration-Certificate,301,en,blog,article,569
/start-your-branch-in-saudi-arabia,/blog/start-your-branch-in-saudi-arabia,301,en,blog,article,293
/differences-between-the-updated-investment-system-and-the-foreign-investment-system,/blog/differences-between-the-updated-investment-system-and-the-foreign-investment-system,301,en,blog,article,174
/The-National-Investment-Strategy-Shaping-Saudi-Arabia's-Future,/blog/The-National-Investment-Strategy-Shaping-Saudi-Arabia's-Future,301,en,blog,article,215
/The-Saudi-Arabian-Stadiums-Project,/blog/The-Saudi-Arabian-Stadiums-Project,301,en,blog,article,202
/translation-for-visa-application-saudi,/blog/translation-for-visa-application-saudi,301,en,blog,article,645
/types-of-companies-in-saudi-arabia,/blog/types-of-companies-in-saudi-arabia,301,en,blog,article,301
/saudi-business-license,/blog/saudi-business-license,301,en,blog,article,287
/Unlocking-Investment-Opportunities-in-Various-Commercial-Activities-in-Saudi-Arabia,/blog/Unlocking-Investment-Opportunities-in-Various-Commercial-Activities-in-Saudi-Arabia,301,en,blog,article,141
/Company-Formation-in-Saudi,/blog/Company-Formation-in-Saudi,301,en,blog,article,322
/value-added-tax-in-saudi-arabia,/blog/value-added-tax-in-saudi-arabia,301,en,blog,article,329
/vat-registration-in-saudi-arabia,/blog/vat-registration-in-saudi-arabia,301,en,blog,article,334
/Visa-or-entry-permit-for-Hajj-and-Umrah,/blog/Visa-or-entry-permit-for-Hajj-and-Umrah,301,en,blog,article,169
/visa-translation-services-saudi-arabia,/blog/visa-translation-services-saudi-arabia,301,en,blog,article,516
/Visiting-Investor-Visa,/blog/Visiting-Investor-Visa,301,en,blog,article,176
/Wage-Protection-System-in-saudi-arabia,/blog/Wage-Protection-System-in-saudi-arabia,301,en,blog,article,555
/Waste-Management-and-Treatment-License-in-Saudi-Arabia,/blog/Waste-Management-and-Treatment-License-in-Saudi-Arabia,301,en,blog,article,155
/commercial-registration-saudi-arabia,/blog/commercial-registration-saudi-arabia,301,en,blog,article,245
/saudi-company-register,/blog/saudi-company-register,301,en,blog,article,252
/setup-asole-establishment-company-in-saudi,/blog/setup-asole-establishment-company-in-saudi,301,en,blog,article,307
/company-registration-in-ksa,/blog/company-registration-in-ksa,301,en,blog,article,309
/Wholesale-And-Retail-Trade-in-Saudi-Arabia,/blog/Wholesale-And-Retail-Trade-in-Saudi-Arabia,301,en,blog,article,144
/open-company-in-saudi-arabia,/blog/open-company-in-saudi-arabia,301,en,blog,article,247
/why-invest-saudi-arabia-concise-guide-foreign-investors,/blog/why-invest-saudi-arabia-concise-guide-foreign-investors,301,en,blog,article,110
/business-registration-in-saudi-rabia,/blog/business-registration-in-saudi-rabia,301,en,blog,article,244
/work-permit-classification-saudi-arabia,/blog/work-permit-classification-saudi-arabia,301,en,blog,article,656
/Work-Permit-Classification-by-Skill-Categories-in-Saudi-Arabia,/blog/Work-Permit-Classification-by-Skill-Categories-in-Saudi-Arabia,301,en,blog,article,346
/Working-hours-in-Ramadan-in-Saudi-Arabia,/blog/Working-hours-in-Ramadan-in-Saudi-Arabia,301,en,blog,article,216
/Company-Formation-Saudi-Arabia,/blog/Company-Formation-Saudi-Arabia,301,en,blog,article,520
/zakat-and-tax-in-saudi-arabia,/blog/zakat-and-tax-in-saudi-arabia,301,en,blog,article,332
/Zakat-Tax-and-Customs-Authority,/blog/Zakat-Tax-and-Customs-Authority,301,en,blog,article,179
/ZATCA,/blog/ZATCA,301,en,blog,article,551
/Aramco-Recruitment-and-Workforce,/blog/Aramco-Recruitment-and-Workforce,301,en,blog,article,199
/und/Open-a-company-for-Russia,/und/blog/Open-a-company-for-Russia,301,und,blog,article,120
/zh-hans/MISA-许可证续期全攻略,/zh-hans/blog/MISA-许可证续期全攻略,301,zh-hans,blog,article,540
/zh-hans/沙特阿拉伯建筑活动投资主权与承包,/zh-hans/blog/沙特阿拉伯建筑活动投资主权与承包,301,zh-hans,blog,article,156
/zh-hans/2026年沙特阿拉伯设立外国分公司主权指南,/zh-hans/blog/2026年沙特阿拉伯设立外国分公司主权指南,301,zh-hans,blog,article,643
/zh-hans/vision-2030,/zh-hans/blog/vision-2030,301,zh-hans,blog,article,9
/zh-hans/2034-World-Cup,/zh-hans/blog/2034-World-Cup,301,zh-hans,blog,article,138
/zh-hans/why-invest-saudi-arabia-concise-guide-foreign-investors,/zh-hans/blog/why-invest-saudi-arabia-concise-guide-foreign-investors,301,zh-hans,blog,article,110
/zh-hans/en/hr-services,/zh-hans/blog/en/hr-services,301,zh-hans,blog,article,127
/zh-hans/what-neom,/zh-hans/blog/what-neom,301,zh-hans,blog,article,8
/zh-hans/优化人力资源供应以驱动业务增长,/zh-hans/blog/优化人力资源供应以驱动业务增长,301,zh-hans,blog,article,521
/zh-hans/利雅得一体化特设物流区-RISLZ-投资者全方位指南,/zh-hans/blog/利雅得一体化特设物流区-RISLZ-投资者全方位指南,301,zh-hans,blog,article,534
/zh-hans/Register-Your-Company-in-Saudi-Arabia,/zh-hans/blog/Register-Your-Company-in-Saudi-Arabia,301,zh-hans,blog,article,119
/zh-hans/在沙特阿拉伯设立外国公司分公司的优势,/zh-hans/blog/在沙特阿拉伯设立外国公司分公司的优势,301,zh-hans,blog,article,529
/zh-hans/在沙特阿拉伯开设公司,/zh-hans/blog/在沙特阿拉伯开设公司,301,zh-hans,blog,article,523
/zh-hans/如何申请沙特居留权,/zh-hans/blog/如何申请沙特居留权,301,zh-hans,blog,article,537
/zh-hans/沙特出口进出口银行,/zh-hans/blog/沙特出口进出口银行,301,zh-hans,blog,article,499
/zh-hans/沙特化和-Nitaqat-证书,/zh-hans/blog/沙特化和-Nitaqat-证书,301,zh-hans,blog,article,135
/zh-hans/沙特阿拉伯MISA业务许可2026,/zh-hans/blog/沙特阿拉伯MISA业务许可2026,301,zh-hans,blog,article,306
/zh-hans/business-setup-1,/zh-hans/blog/business-setup-1,301,zh-hans,blog,article,126
/zh-hans/沙特阿拉伯投资部,/zh-hans/blog/沙特阿拉伯投资部,301,zh-hans,blog,article,526
/zh-hans/沙特阿拉伯的投资机会,/zh-hans/blog/沙特阿拉伯的投资机会,301,zh-hans,blog,article,137
/zh-hans/Taxes-in-Saudi-Arabia,/zh-hans/blog/Taxes-in-Saudi-Arabia,301,zh-hans,blog,article,132
/zh-hans/投资许可证,/zh-hans/blog/投资许可证,301,zh-hans,blog,article,524
/zh-hans/type-license,/zh-hans/blog/type-license,301,zh-hans,blog,article,7
/zh-hans/tongguorenliziyuanfuwuzengqiangyuangongtiyan,/zh-hans/blog/tongguorenliziyuanfuwuzengqiangyuangongtiyan,301,zh-hans,blog,article,136
/zh-hans/LEAP-2025,/zh-hans/blog/LEAP-2025,301,zh-hans,blog,article,133
/ar/متعدد-المحدودة-تعزز-مكانتها-الاستثمارية-بانضمامها-الرسمي-لمنصة-ميزا-التابعة-لوزارة-الاستثمار-السعودية,/ar/news/متعدد-المحدودة-تعزز-مكانتها-الاستثمارية-بانضمامها-الرسمي-لمنصة-ميزا-التابعة-لوزارة-الاستثمار-السعودية,301,ar,news,news,528
/ar/انضمام-شركة-متعدد-المحدودة-لمنصة-ميزا,/ar/news/انضمام-شركة-متعدد-المحدودة-لمنصة-ميزا,301,ar,news,news,532
/ar/شراكة-متعدد-المحدودة-وشركة-سلو-شان-المحدودة-في-قطاع-التعدين,/ar/news/شراكة-متعدد-المحدودة-وشركة-سلو-شان-المحدودة-في-قطاع-التعدين,301,ar,news,news,531
/ar/مشروع-منصة-متعدد-الرقمية,/ar/news/مشروع-منصة-متعدد-الرقمية,301,ar,news,news,533
/Landmark-Strategic-Alliance-Motaded-Ltd,/news/Landmark-Strategic-Alliance-Motaded-Ltd,301,en,news,news,531
/Mandatory-Electronic-Transfer-of-Domestic-Workers-Salaries-in-Saudi-Arabia,/news/Mandatory-Electronic-Transfer-of-Domestic-Workers-Salaries-in-Saudi-Arabia,301,en,news,news,567
/Reveals-Motaded-Digital-Platform-Project,/news/Reveals-Motaded-Digital-Platform-Project,301,en,news,news,533
/Motaded-announced-its-official-enrollment-in-the-Miza,/news/Motaded-announced-its-official-enrollment-in-the-Miza,301,en,news,news,532
/Motaded-Ltd-Unveils-Its-Comprehensive-Digital-Portal-A-Strategic-Pillar-for-Transparency-and-Digital-Leadership-in-the-Saudi-Market,/news/Motaded-Ltd-Unveils-Its-Comprehensive-Digital-Portal-A-Strategic-Pillar-for-Transparency-and-Digital-Leadership-in-the-Saudi-Market,301,en,news,news,528
/Increases-Saudization-in-Engineering-and-Procurement,/news/Increases-Saudization-in-Engineering-and-Procurement,301,en,news,news,566
/ar/set-your-company-saudi-arabia-motaded,/ar/services/set-your-company-saudi-arabia-motaded,301,ar,services,page,93
/ar/إدارة-الرواتب-والتحويل-البنكي-عبر-مدد,/ar/services/إدارة-الرواتب-والتحويل-البنكي-عبر-مدد,301,ar,services,page,486
/ar/work-permit-management,/ar/services/work-permit-management,301,ar,services,page,489
/ar/إصدار-أو-تجديد-رخصة-العمل,/ar/services/إصدار-أو-تجديد-رخصة-العمل,301,ar,services,page,445
/ar/إصدار-الإقامة-للمدير-العام-أو-اصدار-الاقامة-للمستثمرالأجنبي,/ar/services/إصدار-الإقامة-للمدير-العام-أو-اصدار-الاقامة-للمستثمرالأجنبي,301,ar,services,page,430
/ar/visa-issuance,/ar/services/visa-issuance,301,ar,services,page,97
/ar/إصدار-تأشيرات-العمل-الفورية,/ar/services/إصدار-تأشيرات-العمل-الفورية,301,ar,services,page,487
/ar/إصدار-تأشيرة-المدير-العام-أو-المستثمر,/ar/services/إصدار-تأشيرة-المدير-العام-أو-المستثمر,301,ar,services,page,417
/ar/إصدار-تقارير-الالتزام-والمخالفات,/ar/services/إصدار-تقارير-الالتزام-والمخالفات,301,ar,services,page,488
/ar/إصدار-شهادة-التأمينات-الاجتماعية,/ar/services/إصدار-شهادة-التأمينات-الاجتماعية,301,ar,services,page,461
/ar/إصدار-شهادة-توطين,/ar/services/إصدار-شهادة-توطين,301,ar,services,page,459
/ar/إصدار-وتجديد-الإقامة-عبر-منصة-مقيم,/ar/services/إصدار-وتجديد-الإقامة-عبر-منصة-مقيم,301,ar,services,page,477
/ar/إضافة-رقم-مستورد-ضمن-منفذ-جديد,/ar/services/إضافة-رقم-مستورد-ضمن-منفذ-جديد,301,ar,services,page,480
/ar/اشتراك-و-تجديد-الغرفة-التجارية,/ar/services/اشتراك-و-تجديد-الغرفة-التجارية,301,ar,services,page,413
/ar/الحصول-على-ترخيص-الاستثمار-الأجنبي,/ar/services/الحصول-على-ترخيص-الاستثمار-الأجنبي,301,ar,services,page,408
/ar/اعتماد-لوائح-تنظيم-العمل,/ar/services/اعتماد-لوائح-تنظيم-العمل,301,ar,services,page,485
/ar/premium-residency-saudi-arabia,/ar/services/premium-residency-saudi-arabia,301,ar,services,page,96
/ar/الاشتراك-في-منصة-التأمينات-الاجتماعية,/ar/services/الاشتراك-في-منصة-التأمينات-الاجتماعية,301,ar,services,page,421
/ar/البوابة-الاستراتيجية-لشركة-متعدد-المحدودة,/ar/services/البوابة-الاستراتيجية-لشركة-متعدد-المحدودة,301,ar,services,page,406
/ar/التدقيق-الخارجي,/ar/services/التدقيق-الخارجي,301,ar,services,page,450
/ar/التدقيق-الداخلي,/ar/services/التدقيق-الداخلي,301,ar,services,page,451
/ar/التسجيل-الإلكتروني-للمستورد-المصدر,/ar/services/التسجيل-الإلكتروني-للمستورد-المصدر,301,ar,services,page,471
/ar/التسجيل-الإلكتروني-للمستورد-و-المصدر,/ar/services/التسجيل-الإلكتروني-للمستورد-و-المصدر,301,ar,services,page,478
/ar/الخدمات-الاستشارية,/ar/services/الخدمات-الاستشارية,301,ar,services,page,99
/ar/الزكاة,/ar/services/الزكاة,301,ar,services,page,449
/ar/legal-policy,/ar/services/legal-policy,301,ar,services,page,111
/ar/الشركاء-السعوديون,/ar/services/الشركاء-السعوديون,301,ar,services,page,100
/ar/العنوان-الافتراضي,/ar/services/العنوان-الافتراضي,301,ar,services,page,497
/ar/المكاتب-المجهزة,/ar/services/المكاتب-المجهزة,301,ar,services,page,493
/ar/special-economic-zones-saudi-arabia,/ar/services/special-economic-zones-saudi-arabia,301,ar,services,page,128
/ar/free-zones-ksa,/ar/services/free-zones-ksa,301,ar,services,page,65
/ar/تأشيرة-خروج-وعودة-أو-خروج-نهائي,/ar/services/تأشيرة-خروج-وعودة-أو-خروج-نهائي,301,ar,services,page,479
/ar/تحديث-بيانات-جواز-سفر-الموظف,/ar/services/تحديث-بيانات-جواز-سفر-الموظف,301,ar,services,page,484
/ar/تدقيق-المخزون-الجرد,/ar/services/تدقيق-المخزون-الجرد,301,ar,services,page,452
/ar/rhq-license-mena-license,/ar/services/rhq-license-mena-license,301,ar,services,page,83
/ar/تعديل-العنوان-الوطني,/ar/services/تعديل-العنوان-الوطني,301,ar,services,page,447
/ar/تعديل-عقد-التأسيس-للشركة-وتعديل-نوع-الشركة,/ar/services/تعديل-عقد-التأسيس-للشركة-وتعديل-نوع-الشركة,301,ar,services,page,455
/ar/تغيير-المهن-للموظفين,/ar/services/تغيير-المهن-للموظفين,301,ar,services,page,490
/ar/العنوان-الوطني-للشركات,/ar/services/العنوان-الوطني-للشركات,301,ar,services,page,425
/ar/تفعيل-منصة-مدد-لنظام-الرواتب-وحماية-الأجور,/ar/services/تفعيل-منصة-مدد-لنظام-الرواتب-وحماية-الأجور,301,ar,services,page,423
/ar/تفعيل-منصة-مقيم,/ar/services/تفعيل-منصة-مقيم,301,ar,services,page,428
/ar/منصة-قوى,/ar/services/منصة-قوى,301,ar,services,page,415
/ar/تفويض-التأشيرة-عبر-منصة-إنجاز,/ar/services/تفويض-التأشيرة-عبر-منصة-إنجاز,301,ar,services,page,419
/ar/تقرير-مقيم-الشامل-للمنشأة,/ar/services/تقرير-مقيم-الشامل-للمنشأة,301,ar,services,page,483
/ar/تقسيط-مديونية-منشأة-للتأمينات-الاجتماعية,/ar/services/تقسيط-مديونية-منشأة-للتأمينات-الاجتماعية,301,ar,services,page,457
/ar/توثيق-عقود-الموظفين,/ar/services/توثيق-عقود-الموظفين,301,ar,services,page,482
/ar/business-incubators,/ar/services/business-incubators,301,ar,services,page,92
/ar/حجز-الاسم-التجاري,/ar/services/حجز-الاسم-التجاري,301,ar,services,page,409
/ar/career,/ar/services/career,301,ar,services,page,106
/ar/خدمات-إدارة-الرواتب-في-المملكة-العربية-السعودية,/ar/services/خدمات-إدارة-الرواتب-في-المملكة-العربية-السعودية,301,ar,services,page,436
/ar/خدمات-إلغاء-التسجيل-في-ضريبة-القيمة-المضافة-في-المملكة-العربية-السعودية,/ar/services/خدمات-إلغاء-التسجيل-في-ضريبة-القيمة-المضافة-في-المملكة-العربية-السعودية,301,ar,services,page,443
/ar/خدمات-استرداد-ضريبة-القيمة-المضافة-في-المملكة-العربية-السعودية,/ar/services/خدمات-استرداد-ضريبة-القيمة-المضافة-في-المملكة-العربية-السعودية,301,ar,services,page,442
/ar/خدمات-الاستشارات-المتعلقة-بضريبة-القيمة-المضافة-في-المملكة-العربية-السعودية,/ar/services/خدمات-الاستشارات-المتعلقة-بضريبة-القيمة-المضافة-في-المملكة-العربية-السعودية,301,ar,services,page,439
/ar/خدمات-الاستقبال,/ar/services/خدمات-الاستقبال,301,ar,services,page,496
/ar/translation-services,/ar/services/translation-services,301,ar,services,page,98
/ar/خدمات-التسجيل-في-ضريبة-القيمة-المضافة-في-المملكة-العربية-السعودية,/ar/services/خدمات-التسجيل-في-ضريبة-القيمة-المضافة-في-المملكة-العربية-السعودية,301,ar,services,page,440
/ar/pro-gro-services-streamline-your-saudi-business-setup,/ar/services/pro-gro-services-streamline-your-saudi-business-setup,301,ar,services,page,94
/ar/خدمات-المحاسبة-و-مسك-الدفاتر,/ar/services/خدمات-المحاسبة-و-مسك-الدفاتر,301,ar,services,page,434
/ar/national-address-and-office-service,/ar/services/national-address-and-office-service,301,ar,services,page,129
/ar/خدمات-الموارد-البشرية,/ar/services/خدمات-الموارد-البشرية,301,ar,services,page,90
/ar/خدمات-تسوية-ومعالجة-القيود-المحاسبية-المتراكمة-في-السعودية,/ar/services/خدمات-تسوية-ومعالجة-القيود-المحاسبية-المتراكمة-في-السعودية,301,ar,services,page,437
/ar/خدمات-تقديم-إقرارات-ضريبة-القيمة-المضافة-في-المملكة-العربية-السعودية,/ar/services/خدمات-تقديم-إقرارات-ضريبة-القيمة-المضافة-في-المملكة-العربية-السعودية,301,ar,services,page,441
/ar/خدمات-ضريبة-الاستقطاع,/ar/services/خدمات-ضريبة-الاستقطاع,301,ar,services,page,444
/ar/خدمات-مراجعة-الحسابات-في-المملكة-العربية-السعودية,/ar/services/خدمات-مراجعة-الحسابات-في-المملكة-العربية-السعودية,301,ar,services,page,438
/ar/vision-2030a,/ar/services/vision-2030a,301,ar,services,page,105
/ar/ربط-الحساب-البنكي-في-منصة-مدد,/ar/services/ربط-الحساب-البنكي-في-منصة-مدد,301,ar,services,page,491
/ar/رفع-ملفات-حماية-الأجور-لمنصة-مدد,/ar/services/رفع-ملفات-حماية-الأجور-لمنصة-مدد,301,ar,services,page,492
/ar/privacy-policy,/ar/services/privacy-policy,301,ar,services,page,108
/ar/صياغة-وتوثيق-عقد-التأسيس-للشركات,/ar/services/صياغة-وتوثيق-عقد-التأسيس-للشركات,301,ar,services,page,411
/ar/ضريبة-الشركات,/ar/services/ضريبة-الشركات,301,ar,services,page,448
/ar/غرف-الاجتماعات,/ar/services/غرف-الاجتماعات,301,ar,services,page,494
/ar/فتح-حساب-بنكي-للشركات,/ar/services/فتح-حساب-بنكي-للشركات,301,ar,services,page,432
/ar/قاعة-المؤتمرات,/ar/services/قاعة-المؤتمرات,301,ar,services,page,495
/ar/swhy-invest-saudi-arabia-concise-guide-foreign-investors,/ar/services/swhy-invest-saudi-arabia-concise-guide-foreign-investors,301,ar,services,page,70
/ar/مساحات-العمل-المشترك,/ar/services/مساحات-العمل-المشترك,301,ar,services,page,91
/ar/about-us,/ar/services/about-us,301,ar,services,page,103
/ar/other-legal-information,/ar/services/other-legal-information,301,ar,services,page,112
/ar/who-we-are,/ar/services/who-we-are,301,ar,services,page,71
/ar/نقل-الخدمات-عبر-منصة-مقيم,/ar/services/نقل-الخدمات-عبر-منصة-مقيم,301,ar,services,page,481
/ar/نقل-خدمات-موظف,/ar/services/نقل-خدمات-موظف,301,ar,services,page,498
/ar/teype-license,/ar/services/teype-license,301,ar,services,page,107
/free-zones-ksa,/services/free-zones-ksa,301,en,services,page,65
/about-us,/services/about-us,301,en,services,page,103
/accounting-catch-services-saudi-arabia,/services/accounting-catch-services-saudi-arabia,301,en,services,page,463
/accounts-review-services-saudi-arabia,/services/accounts-review-services-saudi-arabia,301,en,services,page,464
/adding-importer-number-new-port,/services/adding-importer-number-new-port,301,en,services,page,480
/amending-entity-type-articles-association-and-company-type,/services/amending-entity-type-articles-association-and-company-type,301,en,services,page,456
/amending-misa-investment-license,/services/amending-misa-investment-license,301,en,services,page,542
/approval-work-organization-bylaws,/services/approval-work-organization-bylaws,301,en,services,page,485
/Articles-of-Association,/services/Articles-of-Association,301,en,services,page,412
/Branch-business-in-Saudi-Arabia,/services/Branch-business-in-Saudi-Arabia,301,en,services,page,180
/branch-license-in-saudi-arabia,/services/branch-license-in-saudi-arabia,301,en,services,page,183
/consultation-services,/services/consultation-services,301,en,services,page,99
/business-incubators,/services/business-incubators,301,en,services,page,92
/business-setup,/services/business-setup,301,en,services,page,1
/career,/services/career,301,en,services,page,106
/Chamber-of-Commerce,/services/Chamber-of-Commerce,301,en,services,page,414
/changing-occupations-qiwa,/services/changing-occupations-qiwa,301,en,services,page,490
/Commercial-Name-Reservation,/services/Commercial-Name-Reservation,301,en,services,page,410
/company-formation-in-saudi-arabia,/services/company-formation-in-saudi-arabia,301,en,services,page,182
/conference-halls,/services/conference-halls,301,en,services,page,495
/corporate-bank-account-opening,/services/corporate-bank-account-opening,301,en,services,page,433
/corporate-tax,/services/corporate-tax,301,en,services,page,472
/coworking-spaces,/services/coworking-spaces,301,en,services,page,91
/documenting-employee-contracts,/services/documenting-employee-contracts,301,en,services,page,482
/electronic-registration-importers-and-exporters,/services/electronic-registration-importers-and-exporters,301,en,services,page,478
/employee-transfer-service,/services/employee-transfer-service,301,en,services,page,498
/exit-re-entry-final-exit-visa,/services/exit-re-entry-final-exit-visa,301,en,services,page,479
/external-audit,/services/external-audit,301,en,services,page,474
/General-Manager-or-Investor-Visa-Issuance,/services/General-Manager-or-Investor-Visa-Issuance,301,en,services,page,418
/home,/services/home,301,en,services,page,5
/investment-license-in-saudi-arabia,/services/investment-license-in-saudi-arabia,301,en,services,page,184
/hr-services,/services/hr-services,301,en,services,page,90
/instalment-arrangement-gosi-debts,/services/instalment-arrangement-gosi-debts,301,en,services,page,458
/internal-audit,/services/internal-audit,301,en,services,page,475
/inventory-stock-audit,/services/inventory-stock-audit,301,en,services,page,476
/issuance-gosi-certificate,/services/issuance-gosi-certificate,301,en,services,page,462
/issuance-saudization-certificate,/services/issuance-saudization-certificate,301,en,services,page,460
/issuing-residence-permit-general-manager-or-issuing-residence-permit-foreign-investor,/services/issuing-residence-permit-general-manager-or-issuing-residence-permit-foreign-investor,301,en,services,page,431
/issuing-and-renewing-residency-iqama,/services/issuing-and-renewing-residency-iqama,301,en,services,page,477
/issuing-compliance-and-violation-reports,/services/issuing-compliance-and-violation-reports,301,en,services,page,488
/issuing-instant-work-visas,/services/issuing-instant-work-visas,301,en,services,page,487
/issuing-or-renewing-work-permit,/services/issuing-or-renewing-work-permit,301,en,services,page,446
/Jazan's-Special-Economic-Zone,/services/Jazan's-Special-Economic-Zone,301,en,services,page,194
/legal-policy,/services/legal-policy,301,en,services,page,111
/linking-bank-account-mudad-platform,/services/linking-bank-account-mudad-platform,301,en,services,page,491
/meeting-rooms,/services/meeting-rooms,301,en,services,page,494
/mudad-platform-activation-payroll-and-wage-protection-system-wps,/services/mudad-platform-activation-payroll-and-wage-protection-system-wps,301,en,services,page,424
/muqeem-comprehensive-report-establishment,/services/muqeem-comprehensive-report-establishment,301,en,services,page,483
/muqeem-platform-activation,/services/muqeem-platform-activation,301,en,services,page,429
/national-address-activation-companies-and-providing-virtual-address,/services/national-address-activation-companies-and-providing-virtual-address,301,en,services,page,426
/national-address-and-office-service,/services/national-address-and-office-service,301,en,services,page,129
/bank-account-in-saudi-arabia,/services/bank-account-in-saudi-arabia,301,en,services,page,187
/other-legal-information,/services/other-legal-information,301,en,services,page,112
/payroll-management-and-bank-transfer-mudad,/services/payroll-management-and-bank-transfer-mudad,301,en,services,page,486
/payroll-management-services-saudi-arabia,/services/payroll-management-services-saudi-arabia,301,en,services,page,453
/premium-residency-saudi-arabia,/services/premium-residency-saudi-arabia,301,en,services,page,96
/privacy-policy,/services/privacy-policy,301,en,services,page,108
/pro-gro-services-streamline-your-saudi-business-setup,/services/pro-gro-services-streamline-your-saudi-business-setup,301,en,services,page,94
/Qiwa-Platform,/services/Qiwa-Platform,301,en,services,page,416
/Ras-AlKhair-SEZ,/services/Ras-AlKhair-SEZ,301,en,services,page,190
/reception-services,/services/reception-services,301,en,services,page,496
/rhq-license-mena-license,/services/rhq-license-mena-license,301,en,services,page,83
/saudi-partners,/services/saudi-partners,301,en,services,page,100
/serviced-offices,/services/serviced-offices,301,en,services,page,493
/set-your-company-saudi-arabia-motaded,/services/set-your-company-saudi-arabia-motaded,301,en,services,page,93
/Social-Insurance-GOSI-Platform-Subscription-and-Certificate-Issuance,/services/Social-Insurance-GOSI-Platform-Subscription-and-Certificate-Issuance,301,en,services,page,422
/special-economic-zones-saudi-arabia,/services/special-economic-zones-saudi-arabia,301,en,services,page,128
/King-Abdullah-Economic-City-KAEC,/services/King-Abdullah-Economic-City-KAEC,301,en,services,page,193
/saudi-national-address,/services/saudi-national-address,301,en,services,page,185
/transfer-services-muqeem,/services/transfer-services-muqeem,301,en,services,page,481
/translation-services,/services/translation-services,301,en,services,page,98
/updating-employee-passport-data,/services/updating-employee-passport-data,301,en,services,page,484
/updating-national-address,/services/updating-national-address,301,en,services,page,454
/uploading-wage-protection-files-txt-mudad,/services/uploading-wage-protection-files-txt-mudad,301,en,services,page,492
/vat-advisory-services-saudi-arabia,/services/vat-advisory-services-saudi-arabia,301,en,services,page,465
/vat-deregistration-services-saudi-arabia,/services/vat-deregistration-services-saudi-arabia,301,en,services,page,469
/vat-filing-services-saudi-arabia,/services/vat-filing-services-saudi-arabia,301,en,services,page,467
/vat-refund-services-saudi-arabia,/services/vat-refund-services-saudi-arabia,301,en,services,page,468
/vat-registration-services-saudi-arabia,/services/vat-registration-services-saudi-arabia,301,en,services,page,466
/virtual-address,/services/virtual-address,301,en,services,page,497
/Visa-authorization-via-the-Enjaz-platform,/services/Visa-authorization-via-the-Enjaz-platform,301,en,services,page,420
/visa-issuance,/services/visa-issuance,301,en,services,page,97
/who-we-are,/services/who-we-are,301,en,services,page,71
/Why-Invest-in-Saudi-Arabia,/services/Why-Invest-in-Saudi-Arabia,301,en,services,page,70
/withholding-tax-wht-services,/services/withholding-tax-wht-services,301,en,services,page,470
/work-permit-management,/services/work-permit-management,301,en,services,page,489
/zakat,/services/zakat,301,en,services,page,473
/zh-hans/weihetouzishatealabowaiguotouzizhejianmingzhinan,/zh-hans/services/weihetouzishatealabowaiguotouzizhejianmingzhinan,301,zh-hans,services,page,70
/zh-hans/business-incubators,/zh-hans/services/business-incubators,301,zh-hans,services,page,92
/zh-hans/about-us,/zh-hans/services/about-us,301,zh-hans,services,page,103
/zh-hans/other-legal-information,/zh-hans/services/other-legal-information,301,zh-hans,services,page,112
/zh-hans/consultation-services,/zh-hans/services/consultation-services,301,zh-hans,services,page,99
/zh-hans/national-address-and-office-service,/zh-hans/services/national-address-and-office-service,301,zh-hans,services,page,129
/zh-hans/business-setup,/zh-hans/services/business-setup,301,zh-hans,services,page,1
/zh-hans/rhq-license-mena-license,/zh-hans/services/rhq-license-mena-license,301,zh-hans,services,page,83
/zh-hans/who-we-are,/zh-hans/services/who-we-are,301,zh-hans,services,page,71
/zh-hans/investment-opportunities,/zh-hans/services/investment-opportunities,301,zh-hans,services,page,118
/zh-hans/saudi-partners,/zh-hans/services/saudi-partners,301,zh-hans,services,page,100
/zh-hans/pro-gro-services-streamline-your-saudi-business-setup,/zh-hans/services/pro-gro-services-streamline-your-saudi-business-setup,301,zh-hans,services,page,94
/zh-hans/hr-services,/zh-hans/services/hr-services,301,zh-hans,services,page,90
/zh-hans/special-economic-zones-saudi-arabia,/zh-hans/services/special-economic-zones-saudi-arabia,301,zh-hans,services,page,128
/zh-hans/free-zones-ksa,/zh-hans/services/free-zones-ksa,301,zh-hans,services,page,65
/zh-hans/premium-residency-saudi-arabia,/zh-hans/services/premium-residency-saudi-arabia,301,zh-hans,services,page,96
/zh-hans/legal-policy,/zh-hans/services/legal-policy,301,zh-hans,services,page,111
/zh-hans/visa-issuance,/zh-hans/services/visa-issuance,301,zh-hans,services,page,97
/zh-hans/translation-services,/zh-hans/services/translation-services,301,zh-hans,services,page,98
/zh-hans/career,/zh-hans/services/career,301,zh-hans,services,page,106
/zh-hans/coworking-spaces,/zh-hans/services/coworking-spaces,301,zh-hans,services,page,91
/zh-hans/set-your-company-saudi-arabia-motaded,/zh-hans/services/set-your-company-saudi-arabia-motaded,301,zh-hans,services,page,93
/zh-hans/privacy-policy,/zh-hans/services/privacy-policy,301,zh-hans,services,page,108