nid,type,section,langcode,title,from_path,to_path
501,article,blog,ar,إزالة ملاحظة حماية الأجور,/ar/إزالة-ملاحظة-حماية-الأجور,/ar/blog/إزالة-ملاحظة-حماية-الأجور
241,article,blog,ar,إعداد مشروع تجاري في السعودية بسهولة حسب القوانين المحلية,/ar/إعداد-مشروع-تجاري-في-السعودية,/ar/blog/إعداد-مشروع-تجاري-في-السعودية
242,article,blog,ar,ابدأ مشروعك الآن - خطوات إنشاء شركة في السعودية بشكل قانوني,/ar/إنشاء-شركة-في-السعودية,/ar/blog/إنشاء-شركة-في-السعودية
196,article,blog,ar,الإقامة ورخص العمل في السعودية 2026 | دليل السيادة والامتثال المالي - متعدد,/ar/تكاليف-الإقامة-ورخص-العمل-في-السعودية-سيادة-الامتثال-والتطور-الإجرائي,/ar/blog/تكاليف-الإقامة-ورخص-العمل-في-السعودية-سيادة-الامتثال-والتطور-الإجرائي
530,article,blog,ar,الاتجاهات المستقبلية في ممارسات المسؤولية المؤسسية,/ar/الاتجاهات-المستقبلية-في-ممارسات-المسؤولية-المؤسسية,/ar/blog/الاتجاهات-المستقبلية-في-ممارسات-المسؤولية-المؤسسية
402,article,blog,ar,الاعتماد المهني في السعودية,/ar/برنامج-الاعتماد-المهني,/ar/blog/برنامج-الاعتماد-المهني
635,article,blog,ar,التراخيص والمدن الصناعية في السعودية 2026 | إلغاء المقابل المالي - متعدد,/ar/التراخيص-والمدن-الصناعية-في-السعودية-إلغاء-المقابل-المالي-متعدد,/ar/blog/التراخيص-والمدن-الصناعية-في-السعودية-إلغاء-المقابل-المالي-متعدد
226,article,blog,ar,الحصول على ترخيص بدء العمل في السعودية,/ar/الحصول-على-ترخيص-بدء-العمل-في-السعودية,/ar/blog/الحصول-على-ترخيص-بدء-العمل-في-السعودية
149,article,blog,ar,الحياة في المملكة العربية السعودية,/ar/Life-in-Saudi-Arabia,/ar/blog/Life-in-Saudi-Arabia
642,article,blog,ar,الخارطة التنفيذية للاستثمار: دليل تأسيس الأعمال في السعودية 2026,/ar/دليل-تأسيس-الأعمال-في-السعودية,/ar/blog/دليل-تأسيس-الأعمال-في-السعودية
539,article,blog,ar,"الدليل الشامل للمركز السعودي للأعمال (SBC) 2026: خارطة طريق الاستثمار وتأسيس الشركات برعاية ""متعدد المحدودة""",/ar/الدليل-الشامل-للمركز-السعودي-للأعمال,/ar/blog/الدليل-الشامل-للمركز-السعودي-للأعمال
132,article,blog,ar,الضرائب في السعودية 2026 | دليل السيادة الضريبية والزكاة - متعدد,/ar/الضرائب-في-السعودية-سيادة-الامتثال-والزكاة,/ar/blog/الضرائب-في-السعودية-سيادة-الامتثال-والزكاة
186,article,blog,ar,العنوان الوطني السعودي (سبل) 2026 | دليل السيادة المكانية والامتثال - متعدد,/ar/العنوان-الوطني-السعودي-سيادة-المكان-والتطور-اللوجستي,/ar/blog/العنوان-الوطني-السعودي-سيادة-المكان-والتطور-اللوجستي
127,article,blog,ar,الموارد البشرية في السعودية 2026 | دليل السيادة الإجرائية والتحول الرقمي - متعدد,/ar/دليل-الموارد-البشرية-في-السعودية-السيادة-الإجرائية-2026,/ar/blog/دليل-الموارد-البشرية-في-السعودية-السيادة-الإجرائية-2026
224,article,blog,ar,بدء النشاط التجاري في السعودية,/ar/بدء-النشاط-التجاري-في-السعودية,/ar/blog/بدء-النشاط-التجاري-في-السعودية
499,article,blog,ar,بنك التصدير والاستيراد السعودي,/ar/بنك-التصدير-والاستيراد-السعودي,/ar/blog/بنك-التصدير-والاستيراد-السعودي
641,article,blog,ar,بوابة السيادة الاقتصادية: الدليل الموسوعي لفتح الأعمال في السعودية 2026,/ar/business-open-in-saudi-arabia-sovereign-guide,/ar/blog/business-open-in-saudi-arabia-sovereign-guide
267,article,blog,ar,تأسيس فرع شركة أجنبية في السعودية 2026 | دليل السيادة الإجرائية - متعدد,/ar/تأسيس-فرع-شركة-أجنبية-في-السعودية-دليل-السيادة-الإجرائية,/ar/blog/تأسيس-فرع-شركة-أجنبية-في-السعودية-دليل-السيادة-الإجرائية
643,article,blog,ar,تأسيس فرع شركة أجنبية في السعودية 2026 | دليل الفروع - متعدد,/ar/تأسيس-فرع-شركة-أجنبية-في-السعودية-2026-دليل-سيادي,/ar/blog/تأسيس-فرع-شركة-أجنبية-في-السعودية-2026-دليل-سيادي
524,article,blog,ar,تراخيص الاستثمار,/ar/تراخيص-الاستثمار,/ar/blog/تراخيص-الاستثمار
7,article,blog,ar,تراخيص الاستثمار والأعمال في السعودية 2026 | الأطروحة الشاملة - متعدد,/ar/الدليل-الموسوعي-لتراخيص-الأعمال-السيادة-الاستثمارية,/ar/blog/الدليل-الموسوعي-لتراخيص-الأعمال-السيادة-الاستثمارية
283,article,blog,ar,تسجيل الأعمال في السعودية 2026 | دليل التأسيس وبدء الشركات - متعدد,/ar/تسجيل-الأعمال-في-السعودية-تأسيس-وبدء-الشركات,/ar/blog/تسجيل-الأعمال-في-السعودية-تأسيس-وبدء-الشركات
136,article,blog,ar,تعزيز تجربة الموظف من خلال خدمات الموارد البشرية,/ar/tzyz-tjrbt-almwzf-mn-khlal-khdmat-almward-albshryt,/ar/blog/tzyz-tjrbt-almwzf-mn-khlal-khdmat-almward-albshryt
521,article,blog,ar,توريد القوى العاملة,/ar/توريد-القوى-العاملة,/ar/blog/توريد-القوى-العاملة
225,article,blog,ar,خدمات تأسيس الشركات في السعودية,/ar/خدمات-تأسيس-الشركات-في-السعودية,/ar/blog/خدمات-تأسيس-الشركات-في-السعودية
636,article,blog,ar,"دليل ""مدن"" الصناعي 2026 الشامل | التراخيص والتمويل - متعدد",/ar/دليل-مدن-الصناعي-الشامل-التراخيص-والتمويل-متعدد,/ar/blog/دليل-مدن-الصناعي-الشامل-التراخيص-والتمويل-متعدد
639,article,blog,ar,دليل المدن الصناعية بالرياض 2026 | افتح شركتك في الرياض - متعدد,/ar/دليل-المدن-الصناعية-بالرياض-2026-افتح-شركتك-في-الرياض-متعدد,/ar/blog/دليل-المدن-الصناعية-بالرياض-2026-افتح-شركتك-في-الرياض-متعدد
534,article,blog,ar,دليل المستثمر الشامل حول منطقة الرياض المتكاملة اللوجستية الخاصة,/ar/دليل-المستثمر-الشامل-حول-منطقة-الرياض-المتكاملة-اللوجستية-الخاصة,/ar/blog/دليل-المستثمر-الشامل-حول-منطقة-الرياض-المتكاملة-اللوجستية-الخاصة
543,article,blog,ar,"دليل تأسيس الشركات في السعودية 2026: خارطة الطريق المتكاملة برعاية ""متعدد المحدودة""",/ar/تأسيس-الشركات-في-السعودية,/ar/blog/تأسيس-الشركات-في-السعودية
540,article,blog,ar,"دليل تجديد ترخيص وزارة الاستثمار (MISA) 2026: الشروط، الإجراءات، وحلول ""متعدد المحدودة"" للامتثال الكامل",/ar/دليل-تجديد-ترخيص-وزارة-الاستثمار,/ar/blog/دليل-تجديد-ترخيص-وزارة-الاستثمار
541,article,blog,ar,"دليل تعديل ترخيص وزارة الاستثمار (MISA) 2026: كيف تواكب نمو أعمالك في السعودية مع ""متعدد المحدودة (Motaded)""؟",/ar/Guide-to-Amending-the-MISA-Investment-License,/ar/blog/Guide-to-Amending-the-MISA-Investment-License
638,article,blog,ar,دليل تمويل SIDF الصناعي 2026 | القروض والاشتراطات - متعدد,/ar/دليل-تمويل-SIDF-الصناعي-القروض-والاشتراطات-متعدد,/ar/blog/دليل-تمويل-SIDF-الصناعي-القروض-والاشتراطات-متعدد
544,article,blog,ar,"دليل عمليات الأعمال في المملكة العربية السعودية 2026: الاستراتيجية التشغيلية والامتثال مع ""متعدد المحدودة""",/ar/عمليات-الأعمال-في-المملكة-العربية-السعودية,/ar/blog/عمليات-الأعمال-في-المملكة-العربية-السعودية
637,article,blog,ar,دليل منصة صناعي 2026 الشامل | التراخيص والإعفاءات - متعدد,/ar/دليل-منصة-صناعي-الشامل-التراخيص-والإعفاءات-متعدد,/ar/blog/دليل-منصة-صناعي-الشامل-التراخيص-والإعفاءات-متعدد
9,article,blog,ar,رؤية السعودية 2030,/ar/رؤية-السعودية-2030,/ar/blog/رؤية-السعودية-2030
306,article,blog,ar,رخصة استثمار وزارة الاستثمار السعودية 2026 | دليل الاستثمار الكامل - متعدد,/ar/رخصة-استثمار-وزارة-الاستثمار-السعودية-السيادة-الاستثمارية,/ar/blog/رخصة-استثمار-وزارة-الاستثمار-السعودية-السيادة-الاستثمارية
119,article,blog,ar,سجل شركتك في المملكة العربية السعودية,/ar/Register-Your-Company-in-Saudi-Arabia,/ar/blog/Register-Your-Company-in-Saudi-Arabia
640,article,blog,ar,سيادة الاستثمار: الدليل الموسوعي الشامل لتراخيص الشركات في السعودية 2026 - متعدد,/ar/الدليل-الموسوعي-الشامل-لتراخيص-الشركات-في-السعودية,/ar/blog/الدليل-الموسوعي-الشامل-لتراخيص-الشركات-في-السعودية
135,article,blog,ar,شهادة السعودة ونطاقات,/ar/شهادة-السعودة-ونطاقات,/ar/blog/شهادة-السعودة-ونطاقات
523,article,blog,ar,فتح شركة في المملكة العربية السعودية,/ar/فتح-شركة-في-المملكة-العربية-السعودية,/ar/blog/فتح-شركة-في-المملكة-العربية-السعودية
141,article,blog,ar,فتح فرص الاستثمار في مختلف الأنشطة التجارية في المملكة العربية السعودية: دليل شامل,/ar/Unlocking-Investment-Opportunities-in-Various-Commercial-Activities-in-Saudi-Arabia,/ar/blog/Unlocking-Investment-Opportunities-in-Various-Commercial-Activities-in-Saudi-Arabia
137,article,blog,ar,فرص الاستثمار في المملكة العربية السعودية,/ar/فرص-الاستثمار-في-المملكة-العربية-السعودية,/ar/blog/فرص-الاستثمار-في-المملكة-العربية-السعودية
137,article,blog,ar,فرص الاستثمار في المملكة العربية السعودية,/ar/فرص-الاستثمار-في-المملكة-العربية-السعودية,/ar/blog/فرص-الاستثمار-في-المملكة-العربية-السعودية
133,article,blog,ar,قفزة 2025,/ar/LEAP-2025,/ar/blog/LEAP-2025
172,article,blog,ar,قوانين المملكة العربية السعودية,/ar/Saudi-Arabian-Laws,/ar/blog/Saudi-Arabian-Laws
138,article,blog,ar,كأس العالم 2034,/ar/2034-World-Cup,/ar/blog/2034-World-Cup
644,article,blog,ar,كيف تختار مستشار الاستثمار في السعودية 2026 | دليل المستشارين - متعدد,/ar/دليل-اختيار-مستشار-الاستثمار-في-السعودية,/ar/blog/دليل-اختيار-مستشار-الاستثمار-في-السعودية
537,article,blog,ar,كيفية التقدم بطلب للحصول على الإقامة السعودية,/ar/كيفية-التقدم-بطلب-للحصول-على-الإقامة-السعودية,/ar/blog/كيفية-التقدم-بطلب-للحصول-على-الإقامة-السعودية
249,article,blog,ar,كيفية تأسيس شركة في السعودية: دليلك الشامل للبدء خطوة بخطوة,/ar/تأسيس-شركة-فى-السعودية,/ar/blog/تأسيس-شركة-فى-السعودية
110,article,blog,ar,لماذا الاستثمار في السعودية؟ دليل موجز للمستثمرين الأجانب,/ar/why-invest-saudi-arabia-concise-guide-foreign-investors,/ar/blog/why-invest-saudi-arabia-concise-guide-foreign-investors
8,article,blog,ar,ما هي نيوم؟,/ar/what-neom,/ar/blog/what-neom
192,article,blog,ar,مدينة الملك عبدالله الاقتصادية 2026: الدليل الموسوعي للاستثمار الاستراتيجي والتمكين الملياري في السعودية,/ar/مدينة-الملك-عبدالله-الاقتصادية-سيادة-الاستثمار-والتطور-اللوجستي,/ar/blog/مدينة-الملك-عبدالله-الاقتصادية-سيادة-الاستثمار-والتطور-اللوجستي
529,article,blog,ar,مزايا فرع لشركة أجنبية في المملكة العربية السعودية,/ar/مزايا-فرع-لشركة-أجنبية-في-المملكة-العربية-السعودية,/ar/blog/مزايا-فرع-لشركة-أجنبية-في-المملكة-العربية-السعودية
646,article,blog,ar,مستشارو تأسيس الأعمال في السعودية 2026 | دعم الاستثمار السيادي - متعدد,/ar/مستشارو-تأسيس-الأعمال-في-السعودية-دعم-الاستثمار-السيادي,/ar/blog/مستشارو-تأسيس-الأعمال-في-السعودية-دعم-الاستثمار-السيادي
538,article,blog,ar,معنى صندوق الاستثمارات العامة، استراتيجيته، وتأثيره العالمي,/ar/معنى-صندوق-الاستثمارات-العامة-استراتيجيته-وتأثيره-العالمي,/ar/blog/معنى-صندوق-الاستثمارات-العامة-استراتيجيته-وتأثيره-العالمي
191,article,blog,ar,منطقة رأس الخير الاقتصادية الخاصة 2026 | دليل السيادة والتمكين البحري - متعدد,/ar/رأس-الخير-الاقتصادية-الخاصة-سيادة-الاستثمار-البحري,/ar/blog/رأس-الخير-الاقتصادية-الخاصة-سيادة-الاستثمار-البحري
156,article,blog,ar,نشاط المقاولات والإنشاءات في السعودية 2026 | دليل السيادة الإنشائية والاستثمار - متعدد,/ar/نشاط-المقاولات-والإنشاءات-في-السعودية-سيادة-الاستثمار,/ar/blog/نشاط-المقاولات-والإنشاءات-في-السعودية-سيادة-الاستثمار
126,article,blog,ar,نظرة عامة على عملية تأسيس الشركة في المملكة العربية السعودية,/ar/business-setup,/ar/blog/business-setup
526,article,blog,ar,وزارة الاستثمار في المملكة العربية السعودية,/ar/وزارة-الاستثمار-في-المملكة-العربية-السعودية,/ar/blog/وزارة-الاستثمار-في-المملكة-العربية-السعودية
271,article,blog,en,Check the business setup cost in Saudi Arabia for investing,/business-setup-cost-in-saudi-arabia,/blog/business-setup-cost-in-saudi-arabia
554,article,blog,en,Iqama Issuance and Renewal Services in Saudi Arabia,/Iqama-Issuance-and-Renewal-Services-in-Saudi-Arabia,/blog/Iqama-Issuance-and-Renewal-Services-in-Saudi-Arabia
350,article,blog,en,10 Steps to Setting Up Your Business in Saudi Arabia,/10-Steps-to-Setting-Up-Your-Business-in-Saudi-Arabia,/blog/10-Steps-to-Setting-Up-Your-Business-in-Saudi-Arabia
292,article,blog,en,100% Foreign Business Ownership in Saudi Arabia: No Partner,/foreign-business-ownership-in-saudi-arabia,/blog/foreign-business-ownership-in-saudi-arabia
138,article,blog,en,2034 World Cup,/2034-World-Cup,/blog/2034-World-Cup
205,article,blog,en,A Hub for Diverse Business Ventures in RIUADH,/Setup-a-business-in-Riyadh,/blog/Setup-a-business-in-Riyadh
369,article,blog,en,Absher,/about-Absher-platform,/blog/about-Absher-platform
151,article,blog,en,Accommodation and food service activities,/Accommodation-and-food-service-activities,/blog/Accommodation-and-food-service-activities
160,article,blog,en,Administrative activities and support services in Saudi Arabia,/Administrative-activities-and-support-services-in-Saudi-Arabia,/blog/Administrative-activities-and-support-services-in-Saudi-Arabia
545,article,blog,en,Advanced Business Operations in Saudi Arabia 2026: Motaded’s Guide to Excellence and Growth,/Advanced-Business-Operations-in-Saudi-Arabia,/blog/Advanced-Business-Operations-in-Saudi-Arabia
345,article,blog,en,Ajeer Paper in Saudi Arabia: Temporary Work Authorization,/ajeer-paper-in-saudi-arabia,/blog/ajeer-paper-in-saudi-arabia
203,article,blog,en,Al-Soudah,/Al-Soudah,/blog/Al-Soudah
200,article,blog,en,Al-Ula: A Gateway to Investment Opportunities in Saudi Arabia,/Al-Ula,/blog/Al-Ula
541,article,blog,en,Amending the MISA Investment License,/Guide-to-Amending-the-MISA-Investment-License,/blog/Guide-to-Amending-the-MISA-Investment-License
157,article,blog,en,"Arts, Entertainment and Recreation Activity in Saudi Arabia",/Entertainment-and-Recreation-Activity-in-Saudi-Arabia,/blog/Entertainment-and-Recreation-Activity-in-Saudi-Arabia
653,article,blog,en,Attested Translation Services Saudi Arabia for Official Use,/Attested-Translation-Services-Saudi-Arabia,/blog/Attested-Translation-Services-Saudi-Arabia
587,article,blog,en,Balady Platform in Saudi Arabia 2026 | Motaded Licensing Guide Saudi Arabia,/balady-platform-saudi-arabia-guide,/blog/balady-platform-saudi-arabia-guide
214,article,blog,en,Become a Supplier in Saudi Arabia,/Become-a-Supplier-in-Saudi-Arabia,/blog/Become-a-Supplier-in-Saudi-Arabia
529,article,blog,en,Benefits of a Branch of Foreign Company in Saudi Arabia,/Benefits-of-a-Branch-of-Foreign-Company-in-Saudi-Arabia,/blog/Benefits-of-a-Branch-of-Foreign-Company-in-Saudi-Arabia
500,article,blog,en,Best Practices HR and Payroll Management in Saudi Arabia,/hr-and-payroll-management-in-Saudi,/blog/hr-and-payroll-management-in-Saudi
168,article,blog,en,Bilateral relations between Saudi Arabia and India,/Bilateral-relations-between-Saudi-Arabia-and-India,/blog/Bilateral-relations-between-Saudi-Arabia-and-India
263,article,blog,en,Branch License Company in Saudi Arabia: Key Insights,/Branch-License-Company-in-Saudi-Arabia,/blog/Branch-License-Company-in-Saudi-Arabia
231,article,blog,en,Branch License in Saudi Arabia | Complete 2025 Guide,/branch-license-in-saudi-arabia-2025-guide,/blog/branch-license-in-saudi-arabia-2025-guide
212,article,blog,en,Bridging Opportunities: The PIF Private Sector Forum and the Future of Business Setup in Saudi Arabia,/Future-of-Business-Setup-in-Saudi-Arabia,/blog/Future-of-Business-Setup-in-Saudi-Arabia
164,article,blog,en,"Business Activities Agriculture, Forestry and Fishing in Saudi Arabia",/Business-Activities-Agriculture-and-Forestry-in-Saudi-Arabia,/blog/Business-Activities-Agriculture-and-Forestry-in-Saudi-Arabia
142,article,blog,en,Business Activities in Saudi Arabia 2026 | Investment Sovereignty Guide - Motaded,/Business-activities-in-saudi-arabia-investment-sovereignty,/blog/Business-activities-in-saudi-arabia-investment-sovereignty
628,article,blog,en,Business Consultancy Services 2026 | Strategic Guide - Motaded,/business-consultancy-services-strategic-guide,/blog/business-consultancy-services-strategic-guide
591,article,blog,en,Business Etiquette and Meetings in Saudi Arabia 2026 | Motaded,/business-etiquette-comprehensive-guide-saudi-arabia,/blog/business-etiquette-comprehensive-guide-saudi-arabia
279,article,blog,en,Business in Saudi Arabia for Foreigners: Opening Doorways,/business-in-saudi-arabia-for-foreigners,/blog/business-in-saudi-arabia-for-foreigners
641,article,blog,en,Business Open in Saudi Guide 2026 | Opening a Business - Motaded,/business-open-in-saudi-arabia-sovereign-guide,/blog/business-open-in-saudi-arabia-sovereign-guide
544,article,blog,en,Business Operations in Saudi Arabia,/Business-Operations-in-Saudi-Arabia,/blog/Business-Operations-in-Saudi-Arabia
619,article,blog,en,Business Opportunities in Saudi Arabia 2026 | Investment Guide - Motaded,/business-opportunities-saudi-arabia-comprehensive-guide,/blog/business-opportunities-saudi-arabia-comprehensive-guide
360,article,blog,en,Business Setup Companies in Saudi Arabia,/Business-Setup-Companies-in-Saudi-Arabia,/blog/Business-Setup-Companies-in-Saudi-Arabia
629,article,blog,en,Business Setup Company 2026 | Strategic Guide - Motaded,/business-setup-company-strategic-guide,/blog/business-setup-company-strategic-guide
646,article,blog,en,Business Setup Consultants in Saudi Arabia 2026 | Sovereign Investment Support - Motaded,/business-setup-consultants-in-saudi-arabia-sovereign-investment-support,/blog/business-setup-consultants-in-saudi-arabia-sovereign-investment-support
204,article,blog,en,Business Setup for Foreigners in Saudi Arabia,/Business-Setup-for-Foreigners-in-Saudi-Arabia,/blog/Business-Setup-for-Foreigners-in-Saudi-Arabia
603,article,blog,en,Business Setup in Saudi Arabia 2026 | Comprehensive Guide - Motaded,/business-setup-in-saudi-arabia-comprehensive-guide,/blog/business-setup-in-saudi-arabia-comprehensive-guide
237,article,blog,en,"Business Setup in Saudi Arabia: A Complete Guide to Legal Requirements, Benefits, and Steps",/business-setup-in-saudi-arabia,/blog/business-setup-in-saudi-arabia
642,article,blog,en,Business Setup Process in KSA Guide 2026 | Establishment Path - Motaded,/business-setup-process-in-ksa-sovereign-guide,/blog/business-setup-process-in-ksa-sovereign-guide
298,article,blog,en,Business Setup Process in Saudi Arabia: Step-by-Step Guide,/business-setup-process-in-saudi-arabia,/blog/business-setup-process-in-saudi-arabia
630,article,blog,en,Business Setup Service 2026 | Strategic Guide - Motaded,/business-setup-service-strategic-guide,/blog/business-setup-service-strategic-guide
504,article,blog,en,Business Startup in Saudi Arabia: Grow with Full Support,/Business-Startup-in-Saudi-Arabia,/blog/Business-Startup-in-Saudi-Arabia
600,article,blog,en,Business Visa in Saudi Arabia 2026 | Regulations & Statistics Guide - Motaded,/business-visa-in-saudi-arabia-comprehensive-guide,/blog/business-visa-in-saudi-arabia-comprehensive-guide
592,article,blog,en,Calculating Setup and Renewal Costs in Saudi Arabia 2026 | Motaded,/calculating-setup-and-renewal-costs-saudi-arabia-encyclopedia,/blog/calculating-setup-and-renewal-costs-saudi-arabia-encyclopedia
344,article,blog,en,Can Expats Start Business in Saudi Arabia: Full Legal Guide,/can-expats-start-business-in-saudi-arabia,/blog/can-expats-start-business-in-saudi-arabia
290,article,blog,en,"Can Foreigners Do Business in Saudi Arabia? Yes, Start Here",/can-foreigners-do-business-in-saudi-arabia,/blog/can-foreigners-do-business-in-saudi-arabia
580,article,blog,en,Cash Flows in Saudi Arabia 2026 | Liquidity Management with Motaded in Saudi Arabia,/cash-flows-in-saudi-arabia-financial-guide,/blog/cash-flows-in-saudi-arabia-financial-guide
321,article,blog,en,Chamber of commerce certificate Saudi Arabia: Uses,/chamber-of-commerce-certificate-saudi-arabia,/blog/chamber-of-commerce-certificate-saudi-arabia
173,article,blog,en,Chambers of Commerce in Saudi Arabia 2026 | Investment Sovereignty & Attestation Guide - Motaded,/Chambers-of-Commerce-in-Saudi-Arabia,/blog/Chambers-of-Commerce-in-Saudi-Arabia
220,article,blog,en,Chinese Investments in Saudi Arabia,/Chinese-Investments-in-Saudi-Arabia,/blog/Chinese-Investments-in-Saudi-Arabia
631,article,blog,en,Choosing Right hr solutions saudi arabia for Your Company,/hr-solutions-saudi-arabia,/blog/hr-solutions-saudi-arabia
609,article,blog,en,Commercial Business Setup KSA 2026 | Comprehensive Guide - Motaded,/commercial-business-setup-ksa-comprehensive-guide,/blog/commercial-business-setup-ksa-comprehensive-guide
518,article,blog,en,"Commercial License Saudi Arabia: Requirements, Types & Costs",/Commercial-License-Saudi-Arabia,/blog/Commercial-License-Saudi-Arabia
257,article,blog,en,Commercial Registration in Saudi Arabia: Get Started,/commercial-registration-saudi-arabia-get-started,/blog/commercial-registration-saudi-arabia-get-started
556,article,blog,en,Commercial Registration Renewal in Saudi Arabia 2026,/Commercial-Registration-Renewal,/blog/Commercial-Registration-Renewal
564,article,blog,en,Commercial Service Offices in Saudi Arabia,/Commercial-Service-Offices-in-Saudi-Arabia,/blog/Commercial-Service-Offices-in-Saudi-Arabia
126,article,blog,en,Company Formation and Investment Licensing Saudi Arabia 2026 | Procedural Sovereignty Guide - Motaded,/business-setup,/blog/business-setup
265,article,blog,en,"Company Formation in KSA: Steps, Licenses & Ownership Guide",/company-formation-in-ksa,/blog/company-formation-in-ksa
557,article,blog,en,Company Formation in Saudi Arabia,/Guide-to-Company-Formation-in-Saudi-Arabia,/blog/Guide-to-Company-Formation-in-Saudi-Arabia
351,article,blog,en,Company Formation in Saudi Arabia: A Comprehensive Guide for Investors,/Company-Formation-in-Saudi-Arabia-Guide,/blog/Company-Formation-in-Saudi-Arabia-Guide
255,article,blog,en,Company Formation in Saudi Arabia: Your Path to Success,/Best-company-formation-in-saudi-arabia,/blog/Best-company-formation-in-saudi-arabia
318,article,blog,en,"Company Red or Green Status: Compliance, and Business Impact",/company-red-or-green,/blog/company-red-or-green
604,article,blog,en,Company Registration in Saudi Arabia 2026 | Comprehensive Guide - Motaded,/company-registration-in-saudi-arabia-comprehensive-guide,/blog/company-registration-in-saudi-arabia-comprehensive-guide
119,article,blog,en,Company Registration in Saudi Arabia 2026 | Licensing & Procedural Sovereignty Guide - Motaded,/Register-Your-Company-in-Saudi-Arabia/ksa,/blog/Register-Your-Company-in-Saudi-Arabia/ksa
250,article,blog,en,Company Registration in Saudi Arabia – Fast & Hassle-Free,/company-registration-in-saudi-arabia,/blog/company-registration-in-saudi-arabia
598,article,blog,en,Company Set up in Saudi Arabia Strategy 2026 | Motaded’s Growth Guide,/company-set-up-in-saudi-arabia-strategy,/blog/company-set-up-in-saudi-arabia-strategy
622,article,blog,en,Company Setup in Riyadh 2026 | Strategic Guide - Motaded,/company-setup-riyadh-comprehensive-guide,/blog/company-setup-riyadh-comprehensive-guide
599,article,blog,en,Company Setup in Saudi Arabia 2026 | Compliance & Statistics Guide - Motaded,/company-setup-in-saudi-arabia-comprehensive-guide,/blog/company-setup-in-saudi-arabia-comprehensive-guide
261,article,blog,en,Company Setup in Saudi Arabia: Unlock Business Opportunities,/company-set-up-in-saudi-arabia,/blog/company-set-up-in-saudi-arabia
512,article,blog,en,Company Setup Services Turn Saudi Rules Into Opportunities,/company-setup-services,/blog/company-setup-services
343,article,blog,en,Complete Doing Business Guide KSA for Entrepreneurs,/doing-business-guide-ksa,/blog/doing-business-guide-ksa
585,article,blog,en,Comprehensive Development Rights in Saudi Arabia 2026 | Motaded Saudi Arabia,/comprehensive-development-rights-saudi-arabia-guide,/blog/comprehensive-development-rights-saudi-arabia-guide
636,article,blog,en,Comprehensive MODON Industrial Guide 2026 | Licenses & Financing - Motaded,/modon-industrial-cities-sovereign-guide,/blog/modon-industrial-cities-sovereign-guide
637,article,blog,en,Comprehensive Senaei Platform Guide 2026 | Licenses & Exemptions - Motaded,/senaei-industrial-platform-sovereign-guide,/blog/senaei-industrial-platform-sovereign-guide
156,article,blog,en,Construction Activity in Saudi Arabia 2026 | Investment Sovereignty & Contracting Guide - Motaded,/Construction-activity-in-Saudi-Arabia,/blog/Construction-activity-in-Saudi-Arabia
621,article,blog,en,Consulting Firm in Saudi Arabia for Investors 2026,/consulting-firm-saudi-arabia-investors-comprehensive-guide,/blog/consulting-firm-saudi-arabia-investors-comprehensive-guide
574,article,blog,en,Consulting License in Saudi Arabia 2026 | Motaded: Legal & Management Consultant,/consulting-license-saudi-arabia-legal-management-consultant-guide,/blog/consulting-license-saudi-arabia-legal-management-consultant-guide
211,article,blog,en,Contractor Program in Saudi Arabia,/Contractor-Program-in-Saudi-Arabia,/blog/Contractor-Program-in-Saudi-Arabia
295,article,blog,en,Cost of Opening a Company in Saudi Arabia: Full 2026 Guide - Motaded,/cost-of-opening-a-company-in-saudi-arabia,/blog/cost-of-opening-a-company-in-saudi-arabia
561,article,blog,en,Cost of starting a business in Saudi Arabia 2026,/Cost-of-starting-a-business-in-Saudi-Arabia-2026,/blog/Cost-of-starting-a-business-in-Saudi-Arabia-2026
239,article,blog,en,Create company in Saudi Arabia,/create-company-in-saudi-arabia,/blog/create-company-in-saudi-arabia
135,article,blog,en,Developed Nitaqat System Saudi Arabia 2026 | Localization Sovereignty Guide - Motaded,/Saudization-And-Nitaqat-System,/blog/Saudization-And-Nitaqat-System
197,article,blog,en,Difference Between Opening a Subsidiary Limited Liability Company and a Branch of a Foreign Company in Saudi Arabia,/Branch-of-a-Foreign-Company-in-Saudi-Arabia,/blog/Branch-of-a-Foreign-Company-in-Saudi-Arabia
221,article,blog,en,Direct Foreign Investments in Saudi Arabia,/Direct-Foreign-investments-in-Saudi-Arabia,/blog/Direct-Foreign-investments-in-Saudi-Arabia
632,article,blog,en,Document Authentication for Company Setup 2026 | Investor Guide - Motaded,/document-authentication-saudi-arabia-guide,/blog/document-authentication-saudi-arabia-guide
517,article,blog,en,Doing business in ksa: what investors need to know first,/Doing-business-in-ksa,/blog/Doing-business-in-ksa
508,article,blog,en,Doing Business in Saudi Arabia Guide: Your Step-by-Step Path,/Doing-Business-in-Saudi-Arabia-Guide,/blog/Doing-Business-in-Saudi-Arabia-Guide
505,article,blog,en,Doing Business in Saudi Arabia is Your Next Big Opportunity,/Doing-Business-in-Saudi-Arabia,/blog/Doing-Business-in-Saudi-Arabia
317,article,blog,en,"Driving Licence Categories Saudi Arabia: Rules, Eligibility",/driving-licence-categories,/blog/driving-licence-categories
314,article,blog,en,"Driving License Process in Saudi Arabia: Steps, Rules",/driving-license-process-in-saudi-arabia,/blog/driving-license-process-in-saudi-arabia
319,article,blog,en,"E commerce in Saudi Arabia: Insights, and Key Drivers",/ecommerce-in-saudi-arabia,/blog/ecommerce-in-saudi-arabia
219,article,blog,en,Eastern Province Municipality signs investment contracts worth 600 million riyals,/Eastern-Province-Municipality-signs-investment-contracts-worth-600-million-riyals,/blog/Eastern-Province-Municipality-signs-investment-contracts-worth-600-million-riyals
153,article,blog,en,Education in Saudi Arabia,/Education-in-Saudi-Arabia,/blog/Education-in-Saudi-Arabia
593,article,blog,en,Ejar Platform in Saudi Arabia 2026 | Real Estate Documentation Guide - Motaded,/ejar-platform-saudi-arabia-guide,/blog/ejar-platform-saudi-arabia-guide
167,article,blog,en,"Electricity, Gas, Steam and Air Conditioning Supply Activities in Saudi Arabia",/Electricity-and-Air-Gas-Activities-in-Saudi-Arabia,/blog/Electricity-and-Air-Gas-Activities-in-Saudi-Arabia
213,article,blog,en,Empowering Saudi Arabia’s SMEs: An In-Depth Look at Portfolio Companies SME Programs,/Empowering-Saudi-Arabia’s-SMEs,/blog/Empowering-Saudi-Arabia’s-SMEs
136,article,blog,en,Enhancing Employee Experience Through HR Services,/Enhancing-Employee-Experience-Through-HR-Services,/blog/Enhancing-Employee-Experience-Through-HR-Services
337,article,blog,en,Entrepreneur License in Saudi Arabia 2026 | Sovereignty & Innovation Guide - Motaded,/entrepreneur-license-saudi-arabia,/blog/entrepreneur-license-saudi-arabia
302,article,blog,en,Establish Company in Saudi Arabia: Business Setup Guidance,/establish-company-in-saudi-arabia,/blog/establish-company-in-saudi-arabia
610,article,blog,en,Establishing a Company in Saudi Arabia 2026 | Comprehensive Guide - Motaded,/establishing-a-company-in-saudi-arabia-comprehensive-guide,/blog/establishing-a-company-in-saudi-arabia-comprehensive-guide
267,article,blog,en,Establishing a Foreign Company Branch in Saudi Arabia 2026 | Full Guide - Motaded,/branch-setup-in-saudi-arabia,/blog/branch-setup-in-saudi-arabia
366,article,blog,en,"Etimad Platform 2026 | Guide for Login, Registration & Tenders - Motaded",/about-Etimad-Platform,/blog/about-Etimad-Platform
198,article,blog,en,Everything about investing in Saudi Arabia,/Everything-about-investing-in-Saudi-Arabia,/blog/Everything-about-investing-in-Saudi-Arabia
310,article,blog,en,Everything You Need to Know About Getting a Car License,/car-license,/blog/car-license
519,article,blog,en,Expand Your Business in Saudi Arabia: Grow Smart and Fast,/Expand-Your-Business-in-Saudi-Arabia,/blog/Expand-Your-Business-in-Saudi-Arabia
303,article,blog,en,Explore Promising Industries in Saudi Arabia for UAE Firms,/industries-in-saudi-arabia,/blog/industries-in-saudi-arabia
353,article,blog,en,Exploring the Saudi Banking Sector,/bank-account-in-saudi,/blog/bank-account-in-saudi
589,article,blog,en,Facilitating Sovereign Financial Procedures in Saudi Arabia | Motaded,/facilitating-sovereign-financial-procedures-saudi-arabia-guide,/blog/facilitating-sovereign-financial-procedures-saudi-arabia-guide
358,article,blog,en,Fasah Platform 2026 | Sovereign Logistics & Customs Guide - Motaded,/about-Fasah-Platform,/blog/about-Fasah-Platform
522,article,blog,en,"Fast, Accurate Business Document Translation Saudi Arabia",/Business-Document-Translation-Saudi-Arabia,/blog/Business-Document-Translation-Saudi-Arabia
161,article,blog,en,Financial and insurance activities in Saudi Arabia,/Financial-and-insurance-activities-in-Saudi-Arabia,/blog/Financial-and-insurance-activities-in-Saudi-Arabia
578,article,blog,en,Foreign Direct Investment KSA Regulations 2026 | Motaded in Saudi Arabia,/foreign-direct-investment-ksa-regulations-comprehensive-guide-2026,/blog/foreign-direct-investment-ksa-regulations-comprehensive-guide-2026
647,article,blog,en,Foreign Investment in Saudi Arabia 2026 | Sovereign Growth & FDI - Motaded,/foreign-investment-in-saudi-arabia-sovereign-growth-fdi-guide,/blog/foreign-investment-in-saudi-arabia-sovereign-growth-fdi-guide
652,article,blog,en,Foreign Investment License in Saudi Arabia: Complete Guide,/foreign-investment-license,/blog/foreign-investment-license
260,article,blog,en,Free Zone Company in Saudi Arabia: Maximize Your Business,/free-zone-company-in-saudi-arabia,/blog/free-zone-company-in-saudi-arabia
236,article,blog,en,Free Zones License in Saudi Arabia: A Comprehensive Guide,/free-zones-license-in-saudi-arabia,/blog/free-zones-license-in-saudi-arabia
579,article,blog,en,Freedom of Ownership in Saudi Arabia 2026 | 100% Foreign Ownership with Motaded,/freedom-of-ownership-in-saudi-arabia-investors-guide,/blog/freedom-of-ownership-in-saudi-arabia-investors-guide
210,article,blog,en,Fueling Saudi Arabia’s Manufacturing Future,/Fueling-Saudi-Arabia’s-Manufacturing-Future,/blog/Fueling-Saudi-Arabia’s-Manufacturing-Future
530,article,blog,en,Future Trends in Corporate Responsibility Practices,/Future-Trends-in-Corporate-Responsibility-Practices,/blog/Future-Trends-in-Corporate-Responsibility-Practices
178,article,blog,en,General Organization for Social Insurance 2026 | Sovereignty & Compliance Guide - Motaded,/General-Organization-for-Social-Insurance,/blog/General-Organization-for-Social-Insurance
364,article,blog,en,General Organization for Social Insurance in Saudi Arabia,/about-General-Organization-for-Social-Insurance-in-Saudi-Arabia,/blog/about-General-Organization-for-Social-Insurance-in-Saudi-Arabia
324,article,blog,en,Get New Rules for Iqama Renewal in Saudi Arabia 2025,/new-rules-for-iqama-renewal,/blog/new-rules-for-iqama-renewal
207,article,blog,en,Giga projects in Saudi Arabia,/Giga-projects-in-Saudi-Arabia,/blog/Giga-projects-in-Saudi-Arabia
268,article,blog,en,Guide for foreign company registration in Saudi Arabia,/foreign-company-registration-in-saudi-arabia,/blog/foreign-company-registration-in-saudi-arabia
264,article,blog,en,Guide on how to setup a foreign branch in saudi,/how-to-setup-a-foreign-branch-in-saudi,/blog/how-to-setup-a-foreign-branch-in-saudi
559,article,blog,en,Guide to Managing Company Articles of Association in Saudi Arabia 2026,/Articles-of-Association-in-Saudi-Arabia,/blog/Articles-of-Association-in-Saudi-Arabia
540,article,blog,en,Guide to Renewing the MISA Investment License,/MISA-Investment-License-Renewal,/blog/MISA-Investment-License-Renewal
333,article,blog,en,Guide to Understanding Income Tax Saudi Arabia Policies,/income-tax-saudi-arabia,/blog/income-tax-saudi-arabia
291,article,blog,en,Guiding For Commercial Registration Fees in Saudi Arabia,/commercial-registration-fees-in-saudi-arabia,/blog/commercial-registration-fees-in-saudi-arabia
246,article,blog,en,How about setting up a company in Saudi Arabia?,/setting-up-a-company-in-Saudi-Arabia,/blog/setting-up-a-company-in-Saudi-Arabia
282,article,blog,en,How are investors opening a company in saudi arabia?,/opening-a-company-in-saudi-arabia,/blog/opening-a-company-in-saudi-arabia
320,article,blog,en,How Can Motaded Support gcc company Saudi Arabia in market?,/gcc-company-saudi-arabia,/blog/gcc-company-saudi-arabia
515,article,blog,en,How HR Outsourcing Companies in KSA Ensure Compliance,/hr-outsourcing-companies-in-ksa,/blog/hr-outsourcing-companies-in-ksa
509,article,blog,en,How Hr Tech Saudi Arabia Is Redefining Workforce Management,/Hr-Tech-Saudi-Arabia,/blog/Hr-Tech-Saudi-Arabia
326,article,blog,en,How to Apply for a Driving License KSA: Complete Guide,/driving-license-ksa,/blog/driving-license-ksa
537,article,blog,en,How to Apply for Saudi Residency,/How-to-Apply-for-Saudi-Residency,/blog/How-to-Apply-for-Saudi-Residency
626,article,blog,en,How to Apply for Saudi Visa 2026 | Strategic Guide - Motaded,/how-to-apply-for-saudi-visa-comprehensive-guide,/blog/how-to-apply-for-saudi-visa-comprehensive-guide
644,article,blog,en,How to Choose an Investment Consultant in Saudi Arabia 2026 | Guide - Motaded,/how-to-choose-investment-consultant-saudi-arabia,/blog/how-to-choose-investment-consultant-saudi-arabia
281,article,blog,en,How to Get a Business License in Saudi Arabia Rapidly,/business-license-in-saudi-arabia,/blog/business-license-in-saudi-arabia
311,article,blog,en,How to Get a GOSI Certificate: A Step-by-Step Guide,/gosi-certificate,/blog/gosi-certificate
278,article,blog,en,how to get business license in Saudi Arabia with steps?,/how-to-get-business-license-in-saudi-arabia,/blog/how-to-get-business-license-in-saudi-arabia
274,article,blog,en,How to Obtain a Commercial License in Saudi Arabia Easily,/commercial-license-in-saudi-arabia,/blog/commercial-license-in-saudi-arabia
315,article,blog,en,How to Obtain a Commercial Registration in Saudi Arabia(CR),/cr,/blog/cr
150,article,blog,en,How to Obtain a Transportation and Storage License in Saudi Arabia,/How-to-Obtain-a-Transportation-and-Storage-License-in-Saudi-Arabia,/blog/How-to-Obtain-a-Transportation-and-Storage-License-in-Saudi-Arabia
284,article,blog,en,"How to Open  Business in Saudi Arabia: Your Complete, Human Guide",/open-business-in-saudi-arabia,/blog/open-business-in-saudi-arabia
280,article,blog,en,How to Open a Foreign Company Branch in Saudi Arabia,/foreign-company-branch-in-saudi-arabia,/blog/foreign-company-branch-in-saudi-arabia
273,article,blog,en,How to Register a Company in Saudi Arabia: a Complete Guide!,/register-a-company-in-Saudi-Arabia,/blog/register-a-company-in-Saudi-Arabia
339,article,blog,en,How to Register for a VAT License in Saudi Arabia Easily,/vat-license-in-saudi-arabia,/blog/vat-license-in-saudi-arabia
254,article,blog,en,How To Set Up a Business in Saudi Arabia: 5-Golden Steps,/how-to-set-up-a-business-in-saudi-arabia,/blog/how-to-set-up-a-business-in-saudi-arabia
299,article,blog,en,How to Start a Business in Saudi Arabia: A Step-by-Step Guide,/how-to-start-a-business-in-saudi-arabia,/blog/how-to-start-a-business-in-saudi-arabia
297,article,blog,en,How to start a small business in saudi arabia easily today!,/how-to-start-a-small-business-in-saudi-arabia,/blog/how-to-start-a-small-business-in-saudi-arabia
560,article,blog,en,HR Companies in Riyadh: Streamline Recruitment & Compliance,/hr-companies-in-riyadh,/blog/hr-companies-in-riyadh
127,article,blog,en,HR in Saudi Arabia 2026 | Procedural Sovereignty & Digital Transformation Guide - Motaded,/hr-services,/blog/hr-services
648,article,blog,en,HR Outsourcing Company in Saudi Arabia You Can Trust,/HR-Outsourcing-Company-in-Saudi-Arabia,/blog/HR-Outsourcing-Company-in-Saudi-Arabia
563,article,blog,en,HR Outsourcing in Saudi Arabia,/HR-Outsourcing-in-Saudi-Arabia,/blog/HR-Outsourcing-in-Saudi-Arabia
527,article,blog,en,HR Software Comparison Saudi Arabia – Top Systems,/HR-software-comparison-Saudi-Arabia,/blog/HR-software-comparison-Saudi-Arabia
651,article,blog,en,HR System KSA: A Complete Guide to Workforce Management,/HR-System-KSA,/blog/HR-System-KSA
165,article,blog,en,Human health and social work activities in Saudi Arabia,/Human-health-and-social-work-activities-in-Saudi-Arabia,/blog/Human-health-and-social-work-activities-in-Saudi-Arabia
655,article,blog,en,Import and Export in Saudi Arabia 2026 | Sovereign Guide & Financing - Motaded,/import-export-saudi-arabia,/blog/import-export-saudi-arabia
543,article,blog,en,Incorporating a Company in Saudi Arabia 2026: The Definitive Strategic Guide for Global Investors,/Incorporating-a-Company-in-Saudi-Arabia,/blog/Incorporating-a-Company-in-Saudi-Arabia
615,article,blog,en,Industrial Cities in Saudi Arabia 2026 | Comprehensive Investment Guide - Motaded,/industrial-cities-saudi-arabia-comprehensive-guide,/blog/industrial-cities-saudi-arabia-comprehensive-guide
336,article,blog,en,Industrial License in Saudi Arabia 2026 | Sovereignty & Manufacturing Guide - Motaded,/industrial-license-saudi-arabia,/blog/industrial-license-saudi-arabia
635,article,blog,en,Industrial Licenses and Cities in Saudi Arabia 2026 | Fee Cancellation - Motaded,/industrial-licenses-and-cities-saudi-arabia-guide,/blog/industrial-licenses-and-cities-saudi-arabia-guide
152,article,blog,en,Information and Communications Activity License in Saudi Arabia,/Information-and-Communications-Activity-License-in-Saudi-Arabia,/blog/Information-and-Communications-Activity-License-in-Saudi-Arabia
507,article,blog,en,Inside The Real Process: Setting Up Business In Saudi Arabia,/Setting-Up-Business-In-Saudi-Arabia,/blog/Setting-Up-Business-In-Saudi-Arabia
590,article,blog,en,Instant License Issuance in Saudi Arabia | Motaded Saudi Arabia,/instant-license-issuance-saudi-arabia-guide,/blog/instant-license-issuance-saudi-arabia-guide
584,article,blog,en,Insurance Brokerage License in Saudi Arabia 2026 | Motaded Saudi Arabia,/insurance-brokerage-license-saudi-arabia-guide,/blog/insurance-brokerage-license-saudi-arabia-guide
571,article,blog,en,Integrated Logistics Special Bonded Zone,/Integrated-Logistics-Special-Bonded-Zone,/blog/Integrated-Logistics-Special-Bonded-Zone
602,article,blog,en,Invest in Saudi Arabia 2026 | Comprehensive Investment & Fees Guide - Motaded,/invest-in-saudi-arabia-comprehensive-encyclopedic-guide,/blog/invest-in-saudi-arabia-comprehensive-encyclopedic-guide
7,article,blog,en,Investment and Business Licenses in Saudi Arabia 2026 | Comprehensive Thesis - Motaded,/type-license,/blog/type-license
625,article,blog,en,Investment Data Services 2026 | Strategic Guide - Motaded,/investment-data-services-strategic-guide,/blog/investment-data-services-strategic-guide
217,article,blog,en,Investment for foreigners is now allowed in Mecca and Medina,/Investment-for-foreigners-is-now-allowed-in-Mecca-and-Medina,/blog/Investment-for-foreigners-is-now-allowed-in-Mecca-and-Medina
573,article,blog,en,Investment License in Saudi Arabia 2026 | The Ultimate Guide by Motaded,/invest-in-saudi-arabia-company-formation,/blog/invest-in-saudi-arabia-company-formation
524,article,blog,en,Investment Licenses: Key for Business Success,/Investment-Licenses,/blog/Investment-Licenses
137,article,blog,en,Investment Opportunities in Saudi Arabia,/Investment-Opportunities-in-Saudi-Arabia,/blog/Investment-Opportunities-in-Saudi-Arabia
222,article,blog,en,Investment Projects Between Saudi Arabia and the USA,/Investment-Projects-Between-Saudi-Arabia-and-the-USA,/blog/Investment-Projects-Between-Saudi-Arabia-and-the-USA
581,article,blog,en,Investment Systems in Saudi Arabia 2026 | Motaded Guide in Saudi Arabia,/investment-systems-in-saudi-arabia-guide,/blog/investment-systems-in-saudi-arabia-guide
227,article,blog,en,Investor License in Saudi Arabia 2026 | Company Formation & Sovereignty - Motaded,/investor-license-in-saudi-arabia,/blog/investor-license-in-saudi-arabia
342,article,blog,en,Investor Visa in Saudi Arabia: Unlock Business Opportunities,/investor-visa-in-saudi-arabia,/blog/investor-visa-in-saudi-arabia
634,article,blog,en,Issuing General Manager Visa via Qiwa 2026 | Investor Guide - Motaded,/issuing-general-manager-visa-via-qiwa-guide,/blog/issuing-general-manager-visa-via-qiwa-guide
195,article,blog,en,Jazan's Special Economic Zone,/Jazan-Special-Economic-free-Zone,/blog/Jazan-Special-Economic-free-Zone
312,article,blog,en,Key Features of how to start  llc in saudi Regulations 2025,/how-to-start-llc-in-saudi,/blog/how-to-start-llc-in-saudi
192,article,blog,en,King Abdullah Economic City (KAEC) 2026 | Investment Sovereignty & Empowerment Guide - Motaded,/King-Abdullah-Economic-city,/blog/King-Abdullah-Economic-city
147,article,blog,en,King Salman Energy Park Project,/King-Salman-Energy-Park-Project,/blog/King-Salman-Energy-Park-Project
308,article,blog,en,Latest Saudization Rules| A Guide for UAE Companies,/saudization,/blog/saudization
148,article,blog,en,Launch of CEER Electric Car Manufacturing Company in Saudi Arabia,/CEER-Electric-Car-Manufacturing-Company-in-Saudi-Arabia,/blog/CEER-Electric-Car-Manufacturing-Company-in-Saudi-Arabia
133,article,blog,en,LEAP 2025,/LEAP-2025,/blog/LEAP-2025
577,article,blog,en,Legal Consultant in Saudi Arabia 2026 | Motaded Services for Investors in Saudi Arabia,/legal-consultant-in-saudi-arabia-investor-support-2026,/blog/legal-consultant-in-saudi-arabia-investor-support-2026
606,article,blog,en,Legal Translation Services in Saudi Arabia for Business,/legal-translation-services-in-saudi-arabia,/blog/legal-translation-services-in-saudi-arabia
327,article,blog,en,"Licence Saudi Arabia: Types, Process & Business Use",/licence-saudi-arabia,/blog/licence-saudi-arabia
616,article,blog,en,License Investment Saudi Arabia 2026 | Comprehensive Guide - Motaded,/license-investment-saudi-arabia-comprehensive-guide,/blog/license-investment-saudi-arabia-comprehensive-guide
613,article,blog,en,License Investor Saudi 2026 | Comprehensive Incorporation Guide - Motaded,/license-investor-saudi-arabia-comprehensive-guide,/blog/license-investor-saudi-arabia-comprehensive-guide
654,article,blog,en,Living in Saudi Arabia 2026 | Living Sovereignty & Quality of Life Guide - Motaded,/living-in-saudi-arabia-sovereignty-and-welfare,/blog/living-in-saudi-arabia-sovereignty-and-welfare
276,article,blog,en,LLC Company Formation Saudi: An Easy Guide for Investors,/llc-company-formation-saudi,/blog/llc-company-formation-saudi
521,article,blog,en,Manpower Supply for Business,/manpower-supply-company-in-Saudi-Arabia,/blog/manpower-supply-company-in-Saudi-Arabia
143,article,blog,en,Manufacturing Activity in Saudi Arabia 2026 | Productive Sovereignty Guide - Motaded,/Manufacturing-activity-in-Saudi-Arabia,/blog/Manufacturing-activity-in-Saudi-Arabia
572,article,blog,en,Market Entry Strategy in KSA,/market-entry-strategy-in-KSA,/blog/market-entry-strategy-in-KSA
361,article,blog,en,Mazaya Platform,/about-Mazaya-Platform,/blog/about-Mazaya-Platform
565,article,blog,en,Ministry of Commerce in Saudi Arabia,/Ministry-of-Commerce-in-Saudi-Arabia,/blog/Ministry-of-Commerce-in-Saudi-Arabia
536,article,blog,en,"Ministry of Investment (MISA): Vision, Sectors, Services",/ministry-of-investment-(misa),/blog/ministry-of-investment-(misa)
526,article,blog,en,Ministry of Investment in Saudi Arabia MISA,/Ministry-of-Investment-in-Saudi-Arabia,/blog/Ministry-of-Investment-in-Saudi-Arabia
306,article,blog,en,MISA Business Licensing Saudi Arabia 2026 | Full Investment Guide - Motaded,/misa-business-licensing-in-saudi-arabia,/blog/misa-business-licensing-in-saudi-arabia
576,article,blog,en,MISA Investment License: Smart Start for Business in Saudi,/MISA-Investment-License,/blog/MISA-Investment-License
511,article,blog,en,"MISA Investor License: Requirements, Cost, and Benefits",/MISA-Investor-License,/blog/MISA-Investor-License
608,article,blog,en,MISA License 2026 | Comprehensive Incorporation Guide - Motaded,/misa-license-saudi-arabia-comprehensive-guide,/blog/misa-license-saudi-arabia-comprehensive-guide
514,article,blog,en,MISA License in Saudi Arabia: Requirements and Process,/misa-license-in-saudi-arabia,/blog/misa-license-in-saudi-arabia
503,article,blog,en,misa license requirements and How to Obtain It Easily,/misa-license-requirements,/blog/misa-license-requirements
649,article,blog,en,"MISA License Saudi Arabia: Types, Steps, and Renewal",/MISA-License-Saudi-Arabia,/blog/MISA-License-Saudi-Arabia
617,article,blog,en,MISA Setup Consultants 2026 | Comprehensive Guide - Motaded,/misa-setup-consultants-saudi-arabia-comprehensive-guide,/blog/misa-setup-consultants-saudi-arabia-comprehensive-guide
362,article,blog,en,MIZA Platform 2026 | Sovereign Investor Empowerment Guide - Motaded,/about-MIZA,/blog/about-MIZA
367,article,blog,en,MODON,/about-MODON,/blog/about-MODON
553,article,blog,en,Motaded Guide to Re-Engineering HR Governance in Saudi Arabia 2026,/HR-Governance-in-Saudi-Arabia,/blog/HR-Governance-in-Saudi-Arabia
552,article,blog,en,Motaded’s Guide to Outsourced HR and Operational Support for Cost Reduction in Saudi Arabia 2026,/Outsourced-HR-and-Operational-Support,/blog/Outsourced-HR-and-Operational-Support
356,article,blog,en,Mudad Platform & Wage Protection System Saudi Arabia 2026 | Sovereign Compliance - Motaded,/about-Mudad-Platform,/blog/about-Mudad-Platform
325,article,blog,en,Muqeem Portal Registration: Step-by-Step Guide for Expats,/muqeem-portal-registration,/blog/muqeem-portal-registration
209,article,blog,en,MUSAHAMA Program,/MUSAHAMA-Program,/blog/MUSAHAMA-Program
8,article,blog,en,NEOM,/what-neom,/blog/what-neom
510,article,blog,en,Notarized translation services in Saudi Arabia for startups!,/Notarized-translation-services-in-Saudi-Arabia,/blog/Notarized-translation-services-in-Saudi-Arabia
171,article,blog,en,Nusuk,/Nusuk,/blog/Nusuk
331,article,blog,en,Obtain Industrial License Saudi Arabia for Manufacturing,/industrial-license-in-saudi-arabia,/blog/industrial-license-in-saudi-arabia
523,article,blog,en,Open a company in Saudi Arabia,/open-a-company-in-Saudi-Arabia,/blog/open-a-company-in-Saudi-Arabia
618,article,blog,en,Open Branch Company in Saudi Arabia 2026 | Foreign Branch Guide - Motaded,/open-branch-company-saudi-arabia-comprehensive-guide,/blog/open-branch-company-saudi-arabia-comprehensive-guide
288,article,blog,en,Open Branch Company in Saudi Arabia 2026 | Sovereignty & Empowerment Guide - Motaded,/Open-Branch-company-in-Saudi-Arabia,/blog/Open-Branch-company-in-Saudi-Arabia
612,article,blog,en,Open business in Saudi Arabia 2026 | Comprehensive Guide - Motaded,/open-business-in-saudi-arabia-comprehensive-guide,/blog/open-business-in-saudi-arabia-comprehensive-guide
650,article,blog,en,Open Company in Saudi Arabia: Business Setup Guide,/open-company-in-saudi,/blog/open-company-in-saudi
188,article,blog,en,Opening a Bank Account in Saudi Arabia 2026 | Sovereignty & Financial Guide - Motaded,/Open-a-bank-account-in-Saudi-Arabia,/blog/Open-a-bank-account-in-Saudi-Arabia
575,article,blog,en,Opening a Bank Account in Saudi Arabia for Investors 2026 | Motaded in Saudi Arabia,/opening-bank-account-saudi-arabia-investors-guide-2026,/blog/opening-bank-account-saudi-arabia-investors-guide-2026
158,article,blog,en,Other service activities in Saudi Arabia,/service-activities-in-Saudi-Arabia,/blog/service-activities-in-Saudi-Arabia
513,article,blog,en,Payroll Management KSA: Expert Services for Saudi Businesses,/payroll-management-ksa,/blog/payroll-management-ksa
305,article,blog,en,Practical business ideas in Saudi Arabia for expansion 2025,/business-ideas-in-saudi-arabia,/blog/business-ideas-in-saudi-arabia
548,article,blog,en,PRO Services in Saudi Arabia for Foreign Companies,/PRO-Services-in-Saudi-Arabia-for-Foreign-Companies,/blog/PRO-Services-in-Saudi-Arabia-for-Foreign-Companies
549,article,blog,en,Procedural Intelligence in Government Relations Services (GRS) 2026: The Motaded Guide to Dominating the Saudi Market,/Government-Relations-Services,/blog/Government-Relations-Services
347,article,blog,en,Professional Accreditation Program in Saudi Arabia 2026 | Sovereignty & Skill Guide - Motaded,/professional-accreditation-program-in-saudi-arabia,/blog/professional-accreditation-program-in-saudi-arabia
588,article,blog,en,Professional Licenses in Saudi Arabia 2026 | Motaded Saudi Arabia,/professional-licenses-saudi-arabia-guide,/blog/professional-licenses-saudi-arabia-guide
586,article,blog,en,Professional Staff in Saudi Arabia 2026 | Motaded Saudi Arabia,/professional-staff-saudi-arabia-management-guide,/blog/professional-staff-saudi-arabia-management-guide
159,article,blog,en,"Professional, scientific and technical activities in Saudi Arabia",/scientific-and-technical-activities-in-Saudi-Arabia,/blog/scientific-and-technical-activities-in-Saudi-Arabia
166,article,blog,en,Public Administration and Defense Activities; Mandatory Social Security in Saudi Arabia,/Mandatory-Social-Security-in-Saudi-Arabia,/blog/Mandatory-Social-Security-in-Saudi-Arabia
538,article,blog,en,Public Investment Fund,/Public-Investment-Fund-Meaning-Strategy-and-Global-Impact,/blog/Public-Investment-Fund-Meaning-Strategy-and-Global-Impact
201,article,blog,en,Qiddiya Project: A Gateway to Investment Opportunities in Saudi Arabia,/Qiddiya-Project,/blog/Qiddiya-Project
355,article,blog,en,Qiwa Platform 2026 | Sovereign Labor & Compliance Guide - Motaded,/about-Qiwa-Platform,/blog/about-Qiwa-Platform
633,article,blog,en,Qiwa Platform Encyclopedia 2026 | Saudi Labor Market Management - Motaded,/qiwa-platform-sovereign-encyclopedia,/blog/qiwa-platform-sovereign-encyclopedia
170,article,blog,en,Quality of Life in Saudi Arabia,/Quality-of-Life-in-Saudi-Arabia,/blog/Quality-of-Life-in-Saudi-Arabia
191,article,blog,en,Ras Al-Khair Special Economic Zone 2026 | Maritime Sovereignty & Empowerment Guide - Motaded,/Ras-Al-Khair-SEZ,/blog/Ras-Al-Khair-SEZ
162,article,blog,en,Real estate activities in Saudi Arabia,/Real-estate-activities-in-Saudi-Arabia,/blog/Real-estate-activities-in-Saudi-Arabia
583,article,blog,en,Real Estate Developer License in Saudi Arabia 2026 | Motaded Saudi Arabia,/real-estate-developer-license-saudi-arabia-guide,/blog/real-estate-developer-license-saudi-arabia-guide
506,article,blog,en,Reduce Costs & Hassle: Expert Employee Outsourcing Saudi,/employee-outsourcing-saudi,/blog/employee-outsourcing-saudi
558,article,blog,en,Regional Headquarters in Saudi Arabia RHQ,/Regional-Headquarters-in-Saudi-Arabia,/blog/Regional-Headquarters-in-Saudi-Arabia
283,article,blog,en,Register a Business in Saudi Arabia 2026 | Start Company Guide - Motaded,/register-a-business-in-saudi-arabia,/blog/register-a-business-in-saudi-arabia
275,article,blog,en,Register a Company in Jeddah: A Step-by-Step Guide,/register-a-company-in-jeddah,/blog/register-a-company-in-jeddah
269,article,blog,en,Register a Company in Saudi Arabia 2026 | Sovereign Billion-Dollar Guide - Motaded,/how-to-register-a-company-in-saudi-arabia,/blog/how-to-register-a-company-in-saudi-arabia
259,article,blog,en,Register a License in Saudi Arabia: A Step-by-Step Guide,/register-a-license-in-saudi-arabia,/blog/register-a-license-in-saudi-arabia
614,article,blog,en,Register License in Saudi Arabia 2026 | Comprehensive Guide - Motaded,/register-license-in-saudi-arabia-comprehensive-guide,/blog/register-license-in-saudi-arabia-comprehensive-guide
248,article,blog,en,Registering a Company in Saudi Arabia: Step-by-Step Guide,/registering-a-company-in-saudi-arabia,/blog/registering-a-company-in-saudi-arabia
149,article,blog,en,Relocating & Living in Saudi Arabia 2026 | Living Sovereignty Guide - Motaded,/Life-in-Saudi-Arabia,/blog/Life-in-Saudi-Arabia
501,article,blog,en,Removing the Wage Protection Note,/Remove-the-Wage-Protection-Note,/blog/Remove-the-Wage-Protection-Note
196,article,blog,en,Residency and Work Permit Costs in Saudi Arabia 2026 | Sovereignty & Compliance Guide - Motaded,/Residency-in-Saudi-Arabia,/blog/Residency-in-Saudi-Arabia
620,article,blog,en,RHQ Formation Saudi Arabia 2026 | Regional Headquarters Guide - Motaded,/rhq-formation-saudi-arabia-comprehensive-guide,/blog/rhq-formation-saudi-arabia-comprehensive-guide
582,article,blog,en,RHQ Program Requirements KSA 2026 | Saudi Arabia RHQ incentives | Motaded,/saudi-arabia-rhq-incentives-requirements-guide,/blog/saudi-arabia-rhq-incentives-requirements-guide
623,article,blog,en,Riyadh Company Setup 2026 | Strategic Guide - Motaded,/riyadh-company-setup-comprehensive-guide,/blog/riyadh-company-setup-comprehensive-guide
639,article,blog,en,Riyadh Industrial Cities Guide 2026 | Open Your Company in Riyadh - Motaded,/riyadh-industrial-cities-sovereign-guide,/blog/riyadh-industrial-cities-sovereign-guide
534,article,blog,en,Riyadh Integrated Special Logistics Zone,/Riyadh-Integrated-Special-Logistics-Zone-RISLZ,/blog/Riyadh-Integrated-Special-Logistics-Zone-RISLZ
206,article,blog,en,Riyadh: A Comprehensive Guide to Investment Opportunities and Business Setup,/Investment-Opportunities-and-Business-Setup-in-riyadh,/blog/Investment-Opportunities-and-Business-Setup-in-riyadh
601,article,blog,en,Role of Saudi Ministry of Foreign Affairs (MOFA) in Investment 2026 - Motaded,/ministry-of-foreign-affairs-saudi-business-encyclopedic-guide,/blog/ministry-of-foreign-affairs-saudi-business-encyclopedic-guide
368,article,blog,en,Saber Platform 2026 | Guide for Conformity Certificates & Registration - Motaded,/about-Saber-platform,/blog/about-Saber-platform
338,article,blog,en,SAGIA Investment License in Saudi Arabia 2026 | Sovereignty & Empowerment Guide - Motaded,/sagia-license-saudi-arabia,/blog/sagia-license-saudi-arabia
139,article,blog,en,Saudi Arabia and Italy Sign Energy Cooperation Agreement: A New Era in Renewable Technologies,/Saudi-Arabia-and-Italy-Sign-Energy-Cooperation-Agreement,/blog/Saudi-Arabia-and-Italy-Sign-Energy-Cooperation-Agreement
286,article,blog,en,Saudi Arabia business license: What You Need to Know,/saudi-arabia-business-license,/blog/saudi-arabia-business-license
256,article,blog,en,Saudi Arabia Business Registration,/Saudi-Arabia-Business-Registration,/blog/Saudi-Arabia-Business-Registration
277,article,blog,en,Saudi Arabia Commercial License: Full Guide to Start Your Business,/saudi-arabia-commercial-license,/blog/saudi-arabia-commercial-license
289,article,blog,en,Saudi Arabia Commercial Register: Guide to Business Success,/saudi-arabia-commercial-register,/blog/saudi-arabia-commercial-register
285,article,blog,en,Saudi Arabia Company Formation: Your Friendly Guide to Starting a Business in the Kingdom,/saudi-arabia-company-formation,/blog/saudi-arabia-company-formation
595,article,blog,en,Saudi Arabia Company Incorporation 2026 | Setup & Compliance Guide - Motaded,/saudi-arabia-company-incorporation-guide,/blog/saudi-arabia-company-incorporation-guide
640,article,blog,en,Saudi Arabia Company Licensing Guide 2026 | Open Your Company in Riyadh - Motaded,/company-license-saudi-arabia-sovereign-guide,/blog/company-license-saudi-arabia-sovereign-guide
300,article,blog,en,Saudi Arabia Company Registration – UAE 7-Step Guide,/saudi-arabia-company-registration-process,/blog/saudi-arabia-company-registration-process
223,article,blog,en,Saudi Arabia Stock Market,/Saudi-Arabia-Stock-Market,/blog/Saudi-Arabia-Stock-Market
313,article,blog,en,"Saudi Arabia Trade License 2025: Costs, Types, and Process",/trade-license,/blog/trade-license
627,article,blog,en,Saudi Arabian Investment 2026 | Strategic Guide - Motaded,/saudi-arabian-investment-strategic-guide,/blog/saudi-arabian-investment-strategic-guide
172,article,blog,en,Saudi Arabian Laws,/Saudi-Arabian-Laws,/blog/Saudi-Arabian-Laws
354,article,blog,en,Saudi Business Center SBC 2026 | Sovereign Procedural Guide - Motaded,/Saudi-Business-Center,/blog/Saudi-Business-Center
605,article,blog,en,Saudi Company Incorporation 2026 | Comprehensive Guide - Motaded,/saudi-company-incorporation-comprehensive-guide,/blog/saudi-company-incorporation-comprehensive-guide
270,article,blog,en,Saudi Company Registration Guide | Simple Steps to Launch,/saudi-company-registration,/blog/saudi-company-registration
272,article,blog,en,Saudi Company Setup: Expert Guidance For Starting a Business,/saudi-company-setup,/blog/saudi-company-setup
499,article,blog,en,Saudi Export-Import,/Saudi-Export-Import,/blog/Saudi-Export-Import
359,article,blog,en,Saudi Food and Drug Authority 2026 | Sovereign & Compliance Guide - Motaded,/about-Saudi-Food-and-Drug-Authority,/blog/about-Saudi-Food-and-Drug-Authority
594,article,blog,en,Saudi Freelance Regulations 2026 | Motaded Incubator & Ministerial Decree,/saudi-freelance-regulations-guide,/blog/saudi-freelance-regulations-guide
177,article,blog,en,Saudi Ministry of Human Resources 2026 | Labor Sovereignty & Qiwa Guide - Motaded,/Ministry-of-Labor-in-Saudi-Arabia,/blog/Ministry-of-Labor-in-Saudi-Arabia
186,article,blog,en,Saudi National Address (SPL) 2026 | Sovereignty & Compliance Guide - Motaded,/the-Saudi-National-Address,/blog/the-Saudi-National-Address
365,article,blog,en,Saudi Post SPL,/about-Saudi-Post-SPL,/blog/about-Saudi-Post-SPL
328,article,blog,en,"Saudi Premium Residency: Eligibility, Benefits, Investment",/saudi-premium-residency,/blog/saudi-premium-residency
175,article,blog,en,Saudi Startup Business Program 2026 | Investment Sovereignty & Innovation Guide - Motaded,/Saudi-Startup-Business-Program,/blog/Saudi-Startup-Business-Program
9,article,blog,en,"Saudi Vision 2030 in 2026 | Transformation, Achievements & Economic Sovereignty - Motaded",/vision-2030,/blog/vision-2030
145,article,blog,en,Saudi Vision 2030 Projects and Investor Opportunities,/Saudi-Vision-2030-Projects-and-Investor-Opportunities,/blog/Saudi-Vision-2030-Projects-and-Investor-Opportunities
643,article,blog,en,Set up a Branch Office in Saudi Arabia 2026 | Branch Guide - Motaded,/set-up-a-branch-office-in-saudi-arabia-sovereign-guide,/blog/set-up-a-branch-office-in-saudi-arabia-sovereign-guide
335,article,blog,en,Set Up Business in Saudi with Expert Guidance and Ease,/set-up-business-in-saudi,/blog/set-up-business-in-saudi
294,article,blog,en,Set Up JSC in Saudi Arabia and Dominate Your Sector,/set-up-JSC-in-saudi-arabia,/blog/set-up-JSC-in-saudi-arabia
253,article,blog,en,Set Up Your Foreign Branch in Saudi Arabia Today: 2025 Guide,/foreign-branch-setup-in-saudi,/blog/foreign-branch-setup-in-saudi
258,article,blog,en,Setting Up A Business In Saudi Arabia,/Setting-Up-A-Business-In-Saudi-Arabia,/blog/Setting-Up-A-Business-In-Saudi-Arabia
611,article,blog,en,Setting up business in KSA 2026 | Comprehensive Incorporation Guide - Motaded,/setting-up-business-in-ksa-comprehensive-guide,/blog/setting-up-business-in-ksa-comprehensive-guide
596,article,blog,en,Setting up company in Saudi Arabia 2026 | Statistics & Fees Guide - Motaded,/setting-up-company-in-saudi-arabia-guide,/blog/setting-up-company-in-saudi-arabia-guide
340,article,blog,en,Setting Up Company in Saudi Arabia Made Easy and Legal,/setting-up-company-in-saudi-arabia,/blog/setting-up-company-in-saudi-arabia
235,article,blog,en,Setting up Company in Saudi Arabia: The Ultimate Guide,/setting-up-company-in-saudi-arabia-ultimate-guide,/blog/setting-up-company-in-saudi-arabia-ultimate-guide
229,article,blog,en,Setting up license in Saudi Arabia and Licensing Requirements,/Setting-up-license-in-Saudi-Arabia,/blog/Setting-up-license-in-Saudi-Arabia
251,article,blog,en,Setup Company in Saudi Arabia 2026 | Sovereign Investment Guide - Motaded,/business-setup-in-ksa,/blog/business-setup-in-ksa
230,article,blog,en,Setup Your Business in Saudi Arabia with Expert Support,/business-setup-services-in-saudi-arabia,/blog/business-setup-services-in-saudi-arabia
638,article,blog,en,SIDF Industrial Financing Guide 2026 | Loans & Requirements - Motaded,/sidf-industrial-fund-financing-sovereign-guide,/blog/sidf-industrial-fund-financing-sovereign-guide
208,article,blog,en,Six Flags In Saudi Arabia,/Six-Flags-In-Saudi-Arabia,/blog/Six-Flags-In-Saudi-Arabia
525,article,blog,en,Smart Strategies for Choosing HR Consultancy in Saudi Arabia,/HR-Consultancy-in-Saudi-Arabia,/blog/HR-Consultancy-in-Saudi-Arabia
304,article,blog,en,Start a Business in KSA with a Saudi Arabia license Today,/saudi-arabia-license,/blog/saudi-arabia-license
262,article,blog,en,Starting a Business in Saudi Arabia: Setup Process Guide,/starting-a-business-in-saudi-arabia,/blog/starting-a-business-in-saudi-arabia
597,article,blog,en,Starting a company in Saudi Arabia 2026 | Fees & Statistics Guide - Motaded,/starting-a-company-in-saudi-arabia-guide,/blog/starting-a-company-in-saudi-arabia-guide
330,article,blog,en,Starting a Company in Saudi Arabia: Complete Setup Guide,/starting-a-company-in-saudi-arabia,/blog/starting-a-company-in-saudi-arabia
233,article,blog,en,Starting commercial in Saudi Arabia,/Starting-commercial-in-Saudi-Arabia,/blog/Starting-commercial-in-Saudi-Arabia
228,article,blog,en,Starting License in Saudi Arabia,/Starting-License-in-Saudi-Arabia,/blog/Starting-License-in-Saudi-Arabia
296,article,blog,en,Starting with Business Setup Service in Saudi Arabia Now!,/business-setup-service-in-saudi-arabia,/blog/business-setup-service-in-saudi-arabia
624,article,blog,en,Startup Business Investment Opportunities 2026,/startup-business-investment-opportunities-2026-guide,/blog/startup-business-investment-opportunities-2026-guide
323,article,blog,en,Step-by-Step Guide: how to apply for driving license in ksa,/how-to-apply-for-driving-license-in-ksa,/blog/how-to-apply-for-driving-license-in-ksa
240,article,blog,en,Step-by-Step Process of how to set up business in saudi,/Set-Up-Business-in-Saudi-Arabia,/blog/Set-Up-Business-in-Saudi-Arabia
568,article,blog,en,Steps for Business Setup in KSA,/Steps-for-Business-Setup-in-KSA,/blog/Steps-for-Business-Setup-in-KSA
238,article,blog,en,Steps for Saudi Arabia company setup with Motaded,/saudi-arabia-company-setup,/blog/saudi-arabia-company-setup
316,article,blog,en,Steps to how to get driving license in Saudi arabia,/how-to-get-driving-license-in-saudi-arabia,/blog/how-to-get-driving-license-in-saudi-arabia
341,article,blog,en,Steps to Launch Start Up Company in Saudi Arabia Today,/start-up-company-in-saudi-arabia,/blog/start-up-company-in-saudi-arabia
546,article,blog,en,Strategic Guide to PRO & Government Relations Services in Saudi Arabia 2026: How Motaded Ensures Total Corporate Compliance,/PRO-and-Government-Relations-Services-in-Saudi-Arabia,/blog/PRO-and-Government-Relations-Services-in-Saudi-Arabia
550,article,blog,en,Strategic Guide to Saudi Corporate Compliance Services 2026,/Saudi-Corporate-Compliance-Services,/blog/Saudi-Corporate-Compliance-Services
363,article,blog,en,Subsidiary Companies in Saudi Arabia 2026 | Structural Sovereignty Guide - Motaded,/Subsidiary-Companies-in-Saudi-Arabia,/blog/Subsidiary-Companies-in-Saudi-Arabia
234,article,blog,en,Subsidiary Company in Saudi Arabia: A Comprehensive Guide,/subsidiary-company-in-saudi-arabia,/blog/subsidiary-company-in-saudi-arabia
132,article,blog,en,Taxation in Saudi Arabia 2026 | Investment Sovereignty & Zakat Guide - Motaded,/Taxes-in-Saudi-Arabia,/blog/Taxes-in-Saudi-Arabia
607,article,blog,en,"Taxes in Saudi Arabia 2026 | Comprehensive Guide to WHT, VAT, CIT - Motaded",/tax-system-saudi-arabia-wht-vat-cit-guide,/blog/tax-system-saudi-arabia-wht-vat-cit-guide
266,article,blog,en,The advantages of Saudi Arabia company incorporation,/saudi-arabia-company-incorporation,/blog/saudi-arabia-company-incorporation
570,article,blog,en,The Cloud Computing Special Economic Zone and Saudi Arabia’s SEZ Network,/Cloud-Computing-Special-Economic-Zone,/blog/Cloud-Computing-Special-Economic-Zone
539,article,blog,en,"The Comprehensive Guide to Saudi Business Center (SBC) 2026: A Strategic Roadmap for Company Formation by ""Motaded  Limited""",/The-Comprehensive-Guide-to-Saudi-Business-Center,/blog/The-Comprehensive-Guide-to-Saudi-Business-Center
547,article,blog,en,The Integrated Strategy for Government Relations (PRO services in Saudi Arabia) and Operational Compliance for Companies in Saudi Arabia 2026: The Motaded Investor’s Guide,/PRO-services-in-Saudi-Arabia,/blog/PRO-services-in-Saudi-Arabia
569,article,blog,en,The Investment Registration Certificate IRC,/Investment-Registration-Certificate,/blog/Investment-Registration-Certificate
293,article,blog,en,The Key Steps to Start Your Branch in Saudi Arabia,/start-your-branch-in-saudi-arabia,/blog/start-your-branch-in-saudi-arabia
174,article,blog,en,The most important differences between the updated investment system and the foreign investment system,/differences-between-the-updated-investment-system-and-the-foreign-investment-system,/blog/differences-between-the-updated-investment-system-and-the-foreign-investment-system
215,article,blog,en,The National Investment Strategy: Shaping Saudi Arabia's Future,/The-National-Investment-Strategy-Shaping-Saudi-Arabia's-Future,/blog/The-National-Investment-Strategy-Shaping-Saudi-Arabia's-Future
202,article,blog,en,The Saudi Arabian Stadiums Project: A Major Investment Opportunity for Foreign Companies,/The-Saudi-Arabian-Stadiums-Project,/blog/The-Saudi-Arabian-Stadiums-Project
645,article,blog,en,Translation for visa application Saudi: Key Insights,/translation-for-visa-application-saudi,/blog/translation-for-visa-application-saudi
301,article,blog,en,Types of Companies in Saudi Arabia: Guidance for Experts,/types-of-companies-in-saudi-arabia,/blog/types-of-companies-in-saudi-arabia
287,article,blog,en,"Types, Costs & How to Get a Saudi Business License Easily",/saudi-business-license,/blog/saudi-business-license
141,article,blog,en,Unlocking Investment Opportunities in Various Commercial Activities in Saudi Arabia: A Comprehensive Guide,/Unlocking-Investment-Opportunities-in-Various-Commercial-Activities-in-Saudi-Arabia,/blog/Unlocking-Investment-Opportunities-in-Various-Commercial-Activities-in-Saudi-Arabia
322,article,blog,en,Unveiling Untapped Potential: Company Formation in Saudi Arabia Under Vision 2030,/Company-Formation-in-Saudi,/blog/Company-Formation-in-Saudi
329,article,blog,en,"Value Added Tax in Saudi Arabia: Rates, Rules, and Compliance",/value-added-tax-in-saudi-arabia,/blog/value-added-tax-in-saudi-arabia
334,article,blog,en,VAT Registration in Saudi Arabia: Businesses and Compliance,/vat-registration-in-saudi-arabia,/blog/vat-registration-in-saudi-arabia
169,article,blog,en,Visa or entry permit for Hajj and Umrah,/Visa-or-entry-permit-for-Hajj-and-Umrah,/blog/Visa-or-entry-permit-for-Hajj-and-Umrah
516,article,blog,en,Visa translation services Saudi Arabia for smooth approval,/visa-translation-services-saudi-arabia,/blog/visa-translation-services-saudi-arabia
176,article,blog,en,Visiting Investor Visa,/Visiting-Investor-Visa,/blog/Visiting-Investor-Visa
555,article,blog,en,Wage Protection System in Saudi Arabia,/Wage-Protection-System-in-saudi-arabia,/blog/Wage-Protection-System-in-saudi-arabia
155,article,blog,en,"Water Supply, Sanitation, Waste Management and Treatment License in Saudi Arabia",/Waste-Management-and-Treatment-License-in-Saudi-Arabia,/blog/Waste-Management-and-Treatment-License-in-Saudi-Arabia
245,article,blog,en,What Are the Benefits Commercial Registration Saudi Arabia?,/commercial-registration-saudi-arabia,/blog/commercial-registration-saudi-arabia
252,article,blog,en,What do I need to know about the Saudi company register?,/saudi-company-register,/blog/saudi-company-register
307,article,blog,en,What is setup a sole establishment company in Saudi?,/setup-asole-establishment-company-in-saudi,/blog/setup-asole-establishment-company-in-saudi
309,article,blog,en,What UAE firms must know about company registration in KSA,/company-registration-in-ksa,/blog/company-registration-in-ksa
144,article,blog,en,Wholesale And Retail Trade: Repair of Motor Vehicles And Motorcycles is the Most Demanded activity in Saudi Arabia,/Wholesale-And-Retail-Trade-in-Saudi-Arabia,/blog/Wholesale-And-Retail-Trade-in-Saudi-Arabia
247,article,blog,en,Why choose Motadad to open company in Saudi Arabia?,/open-company-in-saudi-arabia,/blog/open-company-in-saudi-arabia
110,article,blog,en,Why Invest in Saudi Arabia 2026? | Investment Sovereignty Guide - Motaded,/why-invest-saudi-arabia-concise-guide-foreign-investors,/blog/why-invest-saudi-arabia-concise-guide-foreign-investors
244,article,blog,en,Why should I have business registration in Saudi Arabia?,/business-registration-in-saudi-rabia,/blog/business-registration-in-saudi-rabia
656,article,blog,en,Work Permit Classification Saudi Arabia 2026 | Sovereignty & Compliance Guide - Motaded,/work-permit-classification-saudi-arabia,/blog/work-permit-classification-saudi-arabia
346,article,blog,en,Work Permit System,/Work-Permit-Classification-by-Skill-Categories-in-Saudi-Arabia,/blog/Work-Permit-Classification-by-Skill-Categories-in-Saudi-Arabia
216,article,blog,en,Working hours in Ramadan in Saudi Arabia for the year 2025,/Working-hours-in-Ramadan-in-Saudi-Arabia,/blog/Working-hours-in-Ramadan-in-Saudi-Arabia
520,article,blog,en,Your Smart Guide to Company Formation in Saudi Arabia,/Company-Formation-Saudi-Arabia,/blog/Company-Formation-Saudi-Arabia
332,article,blog,en,Zakat and Tax in Saudi Arabia: Business Compliance Guide,/zakat-and-tax-in-saudi-arabia,/blog/zakat-and-tax-in-saudi-arabia
179,article,blog,en,"Zakat, Tax and Customs Authority (ZATCA) 2026 | Sovereignty & Compliance Guide - Motaded",/Zakat-Tax-and-Customs-Authority,/blog/Zakat-Tax-and-Customs-Authority
551,article,blog,en,ZATCA,/ZATCA,/blog/ZATCA
199,article,blog,en,“Motaded’s Role in Aramco Recruitment and Workforce Solutions in Saudi Arabia”,/Aramco-Recruitment-and-Workforce,/blog/Aramco-Recruitment-and-Workforce
120,article,blog,und,Как получить коммерческую лицензию в Саудовской Аравии: пошаговое руководство 2024,/und/Open-a-company-for-Russia,/und/blog/Open-a-company-for-Russia
540,article,blog,zh-hans,"2026年沙特投资部 (MISA) 许可证续期全攻略：要求、流程及 ""Motaded Limited"" 合规解决方案",/zh-hans/MISA-许可证续期全攻略,/zh-hans/blog/MISA-许可证续期全攻略
156,article,blog,zh-hans,2026年沙特阿拉伯建筑活动 | 投资主权与承包指南 - Motaded,/zh-hans/沙特阿拉伯建筑活动投资主权与承包,/zh-hans/blog/沙特阿拉伯建筑活动投资主权与承包
643,article,blog,zh-hans,2026年沙特阿拉伯设立外国分公司指南 | 分公司设立 - Motaded,/zh-hans/2026年沙特阿拉伯设立外国分公司主权指南,/zh-hans/blog/2026年沙特阿拉伯设立外国分公司主权指南
9,article,blog,zh-hans,2030年愿景,/zh-hans/vision-2030,/zh-hans/blog/vision-2030
138,article,blog,zh-hans,2034年世界杯,/zh-hans/2034-World-Cup,/zh-hans/blog/2034-World-Cup
110,article,blog,zh-hans,为何投资沙特阿拉伯？外国投资者简明指南,/zh-hans/why-invest-saudi-arabia-concise-guide-foreign-investors,/zh-hans/blog/why-invest-saudi-arabia-concise-guide-foreign-investors
127,article,blog,zh-hans,人力资源服务,/zh-hans/en/hr-services,/zh-hans/blog/en/hr-services
8,article,blog,zh-hans,什么是 NEOM？,/zh-hans/what-neom,/zh-hans/blog/what-neom
521,article,blog,zh-hans,优化人力资源供应以驱动业务增长,/zh-hans/优化人力资源供应以驱动业务增长,/zh-hans/blog/优化人力资源供应以驱动业务增长
534,article,blog,zh-hans,利雅得综合特殊物流区,/zh-hans/利雅得一体化特设物流区-RISLZ-投资者全方位指南,/zh-hans/blog/利雅得一体化特设物流区-RISLZ-投资者全方位指南
119,article,blog,zh-hans,在沙特阿拉伯注册您的公司,/zh-hans/Register-Your-Company-in-Saudi-Arabia,/zh-hans/blog/Register-Your-Company-in-Saudi-Arabia
529,article,blog,zh-hans,在沙特阿拉伯设立外国公司分公司的优势,/zh-hans/在沙特阿拉伯设立外国公司分公司的优势,/zh-hans/blog/在沙特阿拉伯设立外国公司分公司的优势
523,article,blog,zh-hans,如何在沙特阿拉伯开设公司,/zh-hans/在沙特阿拉伯开设公司,/zh-hans/blog/在沙特阿拉伯开设公司
537,article,blog,zh-hans,如何申请沙特居留权,/zh-hans/如何申请沙特居留权,/zh-hans/blog/如何申请沙特居留权
499,article,blog,zh-hans,沙特出口进出口银行,/zh-hans/沙特出口进出口银行,/zh-hans/blog/沙特出口进出口银行
135,article,blog,zh-hans,沙特化和 Nitaqat 证书,/zh-hans/沙特化和-Nitaqat-证书,/zh-hans/blog/沙特化和-Nitaqat-证书
306,article,blog,zh-hans,沙特阿拉伯MISA业务许可2026 | 完整投资指南 - Motaded,/zh-hans/沙特阿拉伯MISA业务许可2026,/zh-hans/blog/沙特阿拉伯MISA业务许可2026
126,article,blog,zh-hans,沙特阿拉伯公司成立流程概述,/zh-hans/business-setup-1,/zh-hans/blog/business-setup-1
526,article,blog,zh-hans,沙特阿拉伯投资部 (MISA),/zh-hans/沙特阿拉伯投资部,/zh-hans/blog/沙特阿拉伯投资部
137,article,blog,zh-hans,沙特阿拉伯的投资机会,/zh-hans/沙特阿拉伯的投资机会,/zh-hans/blog/沙特阿拉伯的投资机会
132,article,blog,zh-hans,沙特阿拉伯的税收,/zh-hans/Taxes-in-Saudi-Arabia,/zh-hans/blog/Taxes-in-Saudi-Arabia
524,article,blog,zh-hans,理解投资执照的重要性及“公司”在简化流程中的作用,/zh-hans/投资许可证,/zh-hans/blog/投资许可证
7,article,blog,zh-hans,许可证类型,/zh-hans/type-license,/zh-hans/blog/type-license
136,article,blog,zh-hans,通过人力资源服务增强员工体验,/zh-hans/tongguorenliziyuanfuwuzengqiangyuangongtiyan,/zh-hans/blog/tongguorenliziyuanfuwuzengqiangyuangongtiyan
133,article,blog,zh-hans,飞跃2025,/zh-hans/LEAP-2025,/zh-hans/blog/LEAP-2025
528,news,news,ar,"""متعدد المحدودة"" تعزز مكانتها الاستثمارية بانضمامها الرسمي لمنصة ""ميزا"" التابعة لوزارة الاستثمار السعودية",/ar/متعدد-المحدودة-تعزز-مكانتها-الاستثمارية-بانضمامها-الرسمي-لمنصة-ميزا-التابعة-لوزارة-الاستثمار-السعودية,/ar/news/متعدد-المحدودة-تعزز-مكانتها-الاستثمارية-بانضمامها-الرسمي-لمنصة-ميزا-التابعة-لوزارة-الاستثمار-السعودية
532,news,news,ar,"انضمام شركة ""متعدد المحدودة"" لمنصة ""ميزا"" (MISA)",/ar/انضمام-شركة-متعدد-المحدودة-لمنصة-ميزا,/ar/news/انضمام-شركة-متعدد-المحدودة-لمنصة-ميزا
531,news,news,ar,"شراكة ""متعدد المحدودة"" وشركة ""سلو شان المحدودة"" في قطاع التعدين",/ar/شراكة-متعدد-المحدودة-وشركة-سلو-شان-المحدودة-في-قطاع-التعدين,/ar/news/شراكة-متعدد-المحدودة-وشركة-سلو-شان-المحدودة-في-قطاع-التعدين
533,news,news,ar,"مشروع ""منصة متعدد الرقمية"" وإطلاقها في 2026",/ar/مشروع-منصة-متعدد-الرقمية,/ar/news/مشروع-منصة-متعدد-الرقمية
531,news,news,en,A Landmark Strategic Alliance: Motaded Ltd. and Slow Shan Ltd. Partner to Revolutionize the Mining Supply Chain Across Saudi Arabia,/Landmark-Strategic-Alliance-Motaded-Ltd,/news/Landmark-Strategic-Alliance-Motaded-Ltd
567,news,news,en,Mandatory Electronic Transfer of Domestic Workers' Salaries in Saudi Arabia,/Mandatory-Electronic-Transfer-of-Domestic-Workers-Salaries-in-Saudi-Arabia,/news/Mandatory-Electronic-Transfer-of-Domestic-Workers-Salaries-in-Saudi-Arabia
533,news,news,en,"Motaded Ltd. Reveals ""Motaded Digital Platform"" Project: Mid-2026 Set as the Launch Date for the Next Revolution in Integrated Services",/Reveals-Motaded-Digital-Platform-Project,/news/Reveals-Motaded-Digital-Platform-Project
532,news,news,en,"Motaded Ltd. Strengthens Investment Standing by Officially Joining the ""Miza"" Platform Under the Ministry of Investment",/Motaded-announced-its-official-enrollment-in-the-Miza,/news/Motaded-announced-its-official-enrollment-in-the-Miza
528,news,news,en,Motaded Ltd. Unveils Its Comprehensive Digital Portal: A Strategic Pillar for Transparency and Digital Leadership in the Saudi Market,/Motaded-Ltd-Unveils-Its-Comprehensive-Digital-Portal-A-Strategic-Pillar-for-Transparency-and-Digital-Leadership-in-the-Saudi-Market,/news/Motaded-Ltd-Unveils-Its-Comprehensive-Digital-Portal-A-Strategic-Pillar-for-Transparency-and-Digital-Leadership-in-the-Saudi-Market
566,news,news,en,Saudi Ministry of HR Increases Saudization in Engineering and Procurement for 2026: A Compliance Guide by Motaded Ltd,/Increases-Saudization-in-Engineering-and-Procurement,/news/Increases-Saudization-in-Engineering-and-Procurement
93,page,services,ar,أسس شركتك في المملكة العربية السعودية مع متعدد,/ar/set-your-company-saudi-arabia-motaded,/ar/services/set-your-company-saudi-arabia-motaded
486,page,services,ar,إدارة الرواتب والتحويل البنكي عبر مدد,/ar/إدارة-الرواتب-والتحويل-البنكي-عبر-مدد,/ar/services/إدارة-الرواتب-والتحويل-البنكي-عبر-مدد
489,page,services,ar,إدارة رخص العمل,/ar/work-permit-management,/ar/services/work-permit-management
445,page,services,ar,إصدار أو تجديد رخصة العمل,/ar/إصدار-أو-تجديد-رخصة-العمل,/ar/services/إصدار-أو-تجديد-رخصة-العمل
430,page,services,ar,إصدار الإقامة للمدير العام أو المستثمر الأجنبي,/ar/إصدار-الإقامة-للمدير-العام-أو-اصدار-الاقامة-للمستثمرالأجنبي,/ar/services/إصدار-الإقامة-للمدير-العام-أو-اصدار-الاقامة-للمستثمرالأجنبي
97,page,services,ar,إصدار التأشيرة,/ar/visa-issuance,/ar/services/visa-issuance
487,page,services,ar,إصدار تأشيرات العمل الفورية,/ar/إصدار-تأشيرات-العمل-الفورية,/ar/services/إصدار-تأشيرات-العمل-الفورية
417,page,services,ar,إصدار تأشيرة المدير العام أو المستثمر,/ar/إصدار-تأشيرة-المدير-العام-أو-المستثمر,/ar/services/إصدار-تأشيرة-المدير-العام-أو-المستثمر
488,page,services,ar,إصدار تقارير الالتزام والمخالفات,/ar/إصدار-تقارير-الالتزام-والمخالفات,/ar/services/إصدار-تقارير-الالتزام-والمخالفات
461,page,services,ar,إصدار شهادة التأمينات الاجتماعية (GOSI),/ar/إصدار-شهادة-التأمينات-الاجتماعية,/ar/services/إصدار-شهادة-التأمينات-الاجتماعية
459,page,services,ar,إصدار شهادة توطين,/ar/إصدار-شهادة-توطين,/ar/services/إصدار-شهادة-توطين
477,page,services,ar,إصدار وتجديد الإقامة عبر منصة مقيم,/ar/إصدار-وتجديد-الإقامة-عبر-منصة-مقيم,/ar/services/إصدار-وتجديد-الإقامة-عبر-منصة-مقيم
480,page,services,ar,إضافة رقم مستورد ضمن منفذ جديد,/ar/إضافة-رقم-مستورد-ضمن-منفذ-جديد,/ar/services/إضافة-رقم-مستورد-ضمن-منفذ-جديد
413,page,services,ar,اشتراك وتجديد الغرفة التجارية,/ar/اشتراك-و-تجديد-الغرفة-التجارية,/ar/services/اشتراك-و-تجديد-الغرفة-التجارية
408,page,services,ar,اصدار ترخيص الاستثمار الأجنبي,/ar/الحصول-على-ترخيص-الاستثمار-الأجنبي,/ar/services/الحصول-على-ترخيص-الاستثمار-الأجنبي
485,page,services,ar,اعتماد لوائح تنظيم العمل (أدلة وسياسات العمل),/ar/اعتماد-لوائح-تنظيم-العمل,/ar/services/اعتماد-لوائح-تنظيم-العمل
96,page,services,ar,الإقامة المميزة في المملكة العربية السعودية,/ar/premium-residency-saudi-arabia,/ar/services/premium-residency-saudi-arabia
421,page,services,ar,الاشتراك في منصة التأمينات الاجتماعية (GOSI) وإصدار الشهادة,/ar/الاشتراك-في-منصة-التأمينات-الاجتماعية,/ar/services/الاشتراك-في-منصة-التأمينات-الاجتماعية
406,page,services,ar,البوابة الاستراتيجية لشركة متعدد المحدودة,/ar/البوابة-الاستراتيجية-لشركة-متعدد-المحدودة,/ar/services/البوابة-الاستراتيجية-لشركة-متعدد-المحدودة
450,page,services,ar,التدقيق الخارجي,/ar/التدقيق-الخارجي,/ar/services/التدقيق-الخارجي
451,page,services,ar,التدقيق الداخلي,/ar/التدقيق-الداخلي,/ar/services/التدقيق-الداخلي
471,page,services,ar,التسجيل الإلكتروني للمستورد/ المصدر,/ar/التسجيل-الإلكتروني-للمستورد-المصدر,/ar/services/التسجيل-الإلكتروني-للمستورد-المصدر
478,page,services,ar,التسجيل الإلكتروني للمستورد/المصدر,/ar/التسجيل-الإلكتروني-للمستورد-و-المصدر,/ar/services/التسجيل-الإلكتروني-للمستورد-و-المصدر
99,page,services,ar,الخدمات الاستشارية,/ar/الخدمات-الاستشارية,/ar/services/الخدمات-الاستشارية
449,page,services,ar,الزكاة,/ar/الزكاة,/ar/services/الزكاة
111,page,services,ar,السياسة القانونية,/ar/legal-policy,/ar/services/legal-policy
100,page,services,ar,الشركاء السعوديون,/ar/الشركاء-السعوديون,/ar/services/الشركاء-السعوديون
497,page,services,ar,العنوان الافتراضي,/ar/العنوان-الافتراضي,/ar/services/العنوان-الافتراضي
493,page,services,ar,المكاتب المجهزة,/ar/المكاتب-المجهزة,/ar/services/المكاتب-المجهزة
128,page,services,ar,المناطق الاقتصادية الخاصة الحرة في السعودية,/ar/special-economic-zones-saudi-arabia,/ar/services/special-economic-zones-saudi-arabia
65,page,services,ar,المناطق الحرة في السعودية,/ar/free-zones-ksa,/ar/services/free-zones-ksa
479,page,services,ar,تأشيرة خروج وعودة / خروج نهائي,/ar/تأشيرة-خروج-وعودة-أو-خروج-نهائي,/ar/services/تأشيرة-خروج-وعودة-أو-خروج-نهائي
484,page,services,ar,تحديث بيانات جواز سفر الموظف,/ar/تحديث-بيانات-جواز-سفر-الموظف,/ar/services/تحديث-بيانات-جواز-سفر-الموظف
452,page,services,ar,تدقيق المخزون / الجرد,/ar/تدقيق-المخزون-الجرد,/ar/services/تدقيق-المخزون-الجرد
83,page,services,ar,ترخيص المقرات الاقليمية (ترخيص منطقة الشرق الأوسط وشمال أفريقيا),/ar/rhq-license-mena-license,/ar/services/rhq-license-mena-license
447,page,services,ar,تعديل العنوان الوطني,/ar/تعديل-العنوان-الوطني,/ar/services/تعديل-العنوان-الوطني
455,page,services,ar,تعديل عقد التأسيس للشركة وتعديل نوع الشركة,/ar/تعديل-عقد-التأسيس-للشركة-وتعديل-نوع-الشركة,/ar/services/تعديل-عقد-التأسيس-للشركة-وتعديل-نوع-الشركة
490,page,services,ar,تغيير المهن للموظفين عبر قوى,/ar/تغيير-المهن-للموظفين,/ar/services/تغيير-المهن-للموظفين
425,page,services,ar,تفعيل العنوان الوطني للشركات وتوفير العنوان الافتراضي,/ar/العنوان-الوطني-للشركات,/ar/services/العنوان-الوطني-للشركات
423,page,services,ar,تفعيل منصة مدد لنظام الرواتب وحماية الأجور,/ar/تفعيل-منصة-مدد-لنظام-الرواتب-وحماية-الأجور,/ar/services/تفعيل-منصة-مدد-لنظام-الرواتب-وحماية-الأجور
428,page,services,ar,تفعيل منصة مقيم,/ar/تفعيل-منصة-مقيم,/ar/services/تفعيل-منصة-مقيم
415,page,services,ar,تفعيل وتسجيل المنشأة في منصة قوى,/ar/منصة-قوى,/ar/services/منصة-قوى
419,page,services,ar,تفويض التأشيرة عبر منصة إنجاز,/ar/تفويض-التأشيرة-عبر-منصة-إنجاز,/ar/services/تفويض-التأشيرة-عبر-منصة-إنجاز
483,page,services,ar,تقرير مقيم الشامل للمنشأة,/ar/تقرير-مقيم-الشامل-للمنشأة,/ar/services/تقرير-مقيم-الشامل-للمنشأة
457,page,services,ar,تقسيط مديونية منشأة للتأمينات الاجتماعية,/ar/تقسيط-مديونية-منشأة-للتأمينات-الاجتماعية,/ar/services/تقسيط-مديونية-منشأة-للتأمينات-الاجتماعية
482,page,services,ar,توثيق عقود الموظفين في منصة قوى,/ar/توثيق-عقود-الموظفين,/ar/services/توثيق-عقود-الموظفين
92,page,services,ar,حاضنات الأعمال,/ar/business-incubators,/ar/services/business-incubators
409,page,services,ar,حجز الاسم التجاري,/ar/حجز-الاسم-التجاري,/ar/services/حجز-الاسم-التجاري
106,page,services,ar,حياة مهنية,/ar/career,/ar/services/career
436,page,services,ar,خدمات إدارة الرواتب في المملكة العربية السعودية,/ar/خدمات-إدارة-الرواتب-في-المملكة-العربية-السعودية,/ar/services/خدمات-إدارة-الرواتب-في-المملكة-العربية-السعودية
443,page,services,ar,خدمات إلغاء التسجيل في ضريبة القيمة المضافة في المملكة العربية السعودية,/ar/خدمات-إلغاء-التسجيل-في-ضريبة-القيمة-المضافة-في-المملكة-العربية-السعودية,/ar/services/خدمات-إلغاء-التسجيل-في-ضريبة-القيمة-المضافة-في-المملكة-العربية-السعودية
442,page,services,ar,خدمات استرداد ضريبة القيمة المضافة في المملكة العربية السعودية,/ar/خدمات-استرداد-ضريبة-القيمة-المضافة-في-المملكة-العربية-السعودية,/ar/services/خدمات-استرداد-ضريبة-القيمة-المضافة-في-المملكة-العربية-السعودية
439,page,services,ar,خدمات الاستشارات المتعلقة بضريبة القيمة المضافة في المملكة العربية السعودية,/ar/خدمات-الاستشارات-المتعلقة-بضريبة-القيمة-المضافة-في-المملكة-العربية-السعودية,/ar/services/خدمات-الاستشارات-المتعلقة-بضريبة-القيمة-المضافة-في-المملكة-العربية-السعودية
496,page,services,ar,خدمات الاستقبال,/ar/خدمات-الاستقبال,/ar/services/خدمات-الاستقبال
98,page,services,ar,خدمات الترجمة,/ar/translation-services,/ar/services/translation-services
440,page,services,ar,خدمات التسجيل في ضريبة القيمة المضافة في المملكة العربية السعودية,/ar/خدمات-التسجيل-في-ضريبة-القيمة-المضافة-في-المملكة-العربية-السعودية,/ar/services/خدمات-التسجيل-في-ضريبة-القيمة-المضافة-في-المملكة-العربية-السعودية
94,page,services,ar,خدمات العلاقات العامة في السعودية و العلاقات الحكومية في السعودية,/ar/pro-gro-services-streamline-your-saudi-business-setup,/ar/services/pro-gro-services-streamline-your-saudi-business-setup
434,page,services,ar,خدمات المحاسبة ومسك الدفاتر,/ar/خدمات-المحاسبة-و-مسك-الدفاتر,/ar/services/خدمات-المحاسبة-و-مسك-الدفاتر
129,page,services,ar,خدمات المكاتب والعنوان الوطني,/ar/national-address-and-office-service,/ar/services/national-address-and-office-service
90,page,services,ar,خدمات الموارد البشرية,/ar/خدمات-الموارد-البشرية,/ar/services/خدمات-الموارد-البشرية
437,page,services,ar,خدمات تسوية ومعالجة القيود المحاسبية المتراكمة في السعودية,/ar/خدمات-تسوية-ومعالجة-القيود-المحاسبية-المتراكمة-في-السعودية,/ar/services/خدمات-تسوية-ومعالجة-القيود-المحاسبية-المتراكمة-في-السعودية
441,page,services,ar,خدمات تقديم إقرارات ضريبة القيمة المضافة في المملكة العربية السعودية,/ar/خدمات-تقديم-إقرارات-ضريبة-القيمة-المضافة-في-المملكة-العربية-السعودية,/ar/services/خدمات-تقديم-إقرارات-ضريبة-القيمة-المضافة-في-المملكة-العربية-السعودية
444,page,services,ar,خدمات ضريبة الاستقطاع,/ar/خدمات-ضريبة-الاستقطاع,/ar/services/خدمات-ضريبة-الاستقطاع
438,page,services,ar,خدمات مراجعة الحسابات في المملكة العربية السعودية,/ar/خدمات-مراجعة-الحسابات-في-المملكة-العربية-السعودية,/ar/services/خدمات-مراجعة-الحسابات-في-المملكة-العربية-السعودية
105,page,services,ar,رؤية 2030,/ar/vision-2030a,/ar/services/vision-2030a
491,page,services,ar,ربط الحساب البنكي في منصة مدد,/ar/ربط-الحساب-البنكي-في-منصة-مدد,/ar/services/ربط-الحساب-البنكي-في-منصة-مدد
492,page,services,ar,رفع ملفات حماية الأجور لمنصة مدد,/ar/رفع-ملفات-حماية-الأجور-لمنصة-مدد,/ar/services/رفع-ملفات-حماية-الأجور-لمنصة-مدد
108,page,services,ar,سياسة الخصوصية,/ar/privacy-policy,/ar/services/privacy-policy
411,page,services,ar,صياغة وتوثيق عقد التأسيس للشركات,/ar/صياغة-وتوثيق-عقد-التأسيس-للشركات,/ar/services/صياغة-وتوثيق-عقد-التأسيس-للشركات
448,page,services,ar,ضريبة الشركات,/ar/ضريبة-الشركات,/ar/services/ضريبة-الشركات
494,page,services,ar,غرف الاجتماعات,/ar/غرف-الاجتماعات,/ar/services/غرف-الاجتماعات
432,page,services,ar,فتح حساب بنكي للشركات,/ar/فتح-حساب-بنكي-للشركات,/ar/services/فتح-حساب-بنكي-للشركات
495,page,services,ar,قاعة المؤتمرات,/ar/قاعة-المؤتمرات,/ar/services/قاعة-المؤتمرات
70,page,services,ar,لماذا الاستثمار في السعودية؟ دليل موجز للمستثمرين الأجانب,/ar/swhy-invest-saudi-arabia-concise-guide-foreign-investors,/ar/services/swhy-invest-saudi-arabia-concise-guide-foreign-investors
91,page,services,ar,مساحات العمل المشترك,/ar/مساحات-العمل-المشترك,/ar/services/مساحات-العمل-المشترك
103,page,services,ar,معلومات عنا,/ar/about-us,/ar/services/about-us
112,page,services,ar,معلومات قانونية أخرى,/ar/other-legal-information,/ar/services/other-legal-information
71,page,services,ar,من نحن,/ar/who-we-are,/ar/services/who-we-are
481,page,services,ar,نقل الخدمات عبر منصة مقيم,/ar/نقل-الخدمات-عبر-منصة-مقيم,/ar/services/نقل-الخدمات-عبر-منصة-مقيم
498,page,services,ar,نقل خدمات موظف (نقل الكفالة),/ar/نقل-خدمات-موظف,/ar/services/نقل-خدمات-موظف
107,page,services,ar,نوع الترخيص,/ar/teype-license,/ar/services/teype-license
65,page,services,en,Free Zones in KSA,/free-zones-ksa,/services/free-zones-ksa
103,page,services,en,About Us,/about-us,/services/about-us
463,page,services,en,Accounting Catch-Up Services in Saudi Arabia,/accounting-catch-services-saudi-arabia,/services/accounting-catch-services-saudi-arabia
464,page,services,en,Accounts Review Services in Saudi Arabia,/accounts-review-services-saudi-arabia,/services/accounts-review-services-saudi-arabia
480,page,services,en,Adding Importer Number at a New Port,/adding-importer-number-new-port,/services/adding-importer-number-new-port
456,page,services,en,"Amending Entity Type, Articles of Association, and Company Type",/amending-entity-type-articles-association-and-company-type,/services/amending-entity-type-articles-association-and-company-type
542,page,services,en,Amending the MISA Investment License,/amending-misa-investment-license,/services/amending-misa-investment-license
485,page,services,en,Approval of Work Organization Bylaws,/approval-work-organization-bylaws,/services/approval-work-organization-bylaws
412,page,services,en,Articles of Association Drafting,/Articles-of-Association,/services/Articles-of-Association
180,page,services,en,Branch business in Saudi Arabia,/Branch-business-in-Saudi-Arabia,/services/Branch-business-in-Saudi-Arabia
183,page,services,en,Branch License in Saudi Arabia,/branch-license-in-saudi-arabia,/services/branch-license-in-saudi-arabia
99,page,services,en,Business Consultancy Services in Saudi Arabia | Motaded Consulting,/consultation-services,/services/consultation-services
92,page,services,en,Business Incubators,/business-incubators,/services/business-incubators
1,page,services,en,Business Setup in Saudi Arabia 2026 | Sovereign Setup Services - Motaded,/business-setup,/services/business-setup
106,page,services,en,Career,/career,/services/career
414,page,services,en,Chamber of Commerce Subscription and Renewal,/Chamber-of-Commerce,/services/Chamber-of-Commerce
490,page,services,en,Changing Occupations via Qiwa,/changing-occupations-qiwa,/services/changing-occupations-qiwa
410,page,services,en,Commercial Name Reservation,/Commercial-Name-Reservation,/services/Commercial-Name-Reservation
182,page,services,en,company formation in saudi arabia,/company-formation-in-saudi-arabia,/services/company-formation-in-saudi-arabia
495,page,services,en,Conference Halls,/conference-halls,/services/conference-halls
433,page,services,en,Corporate Bank Account Opening,/corporate-bank-account-opening,/services/corporate-bank-account-opening
472,page,services,en,CORPORATE TAX,/corporate-tax,/services/corporate-tax
91,page,services,en,Coworking Spaces,/coworking-spaces,/services/coworking-spaces
482,page,services,en,Documenting Employee Contracts,/documenting-employee-contracts,/services/documenting-employee-contracts
478,page,services,en,Electronic Registration for Importers and Exporters,/electronic-registration-importers-and-exporters,/services/electronic-registration-importers-and-exporters
498,page,services,en,Employee Transfer of Service,/employee-transfer-service,/services/employee-transfer-service
479,page,services,en,Exit Re-entry / Final Exit Visa,/exit-re-entry-final-exit-visa,/services/exit-re-entry-final-exit-visa
474,page,services,en,External Audit,/external-audit,/services/external-audit
418,page,services,en,General Manager or Investor Visa Issuance,/General-Manager-or-Investor-Visa-Issuance,/services/General-Manager-or-Investor-Visa-Issuance
5,page,services,en,Home,/home,/services/home
184,page,services,en,How to Obtain an Investment License in Saudi Arabia: A Step-by-Step Guide,/investment-license-in-saudi-arabia,/services/investment-license-in-saudi-arabia
90,page,services,en,HR Services in Saudi Arabia,/hr-services,/services/hr-services
458,page,services,en,Instalment Arrangement for GOSI Debts,/instalment-arrangement-gosi-debts,/services/instalment-arrangement-gosi-debts
475,page,services,en,Internal Audit,/internal-audit,/services/internal-audit
476,page,services,en,Inventory / Stock Audit,/inventory-stock-audit,/services/inventory-stock-audit
462,page,services,en,Issuance of GOSI Certificate,/issuance-gosi-certificate,/services/issuance-gosi-certificate
460,page,services,en,Issuance of Saudization Certificate,/issuance-saudization-certificate,/services/issuance-saudization-certificate
431,page,services,en,Issuing a residence permit for the general manager or issuing a residence permit for a foreign investor,/issuing-residence-permit-general-manager-or-issuing-residence-permit-foreign-investor,/services/issuing-residence-permit-general-manager-or-issuing-residence-permit-foreign-investor
477,page,services,en,Issuing and Renewing Residency (Iqama),/issuing-and-renewing-residency-iqama,/services/issuing-and-renewing-residency-iqama
488,page,services,en,Issuing Compliance and Violation Reports,/issuing-compliance-and-violation-reports,/services/issuing-compliance-and-violation-reports
487,page,services,en,Issuing Instant Work Visas,/issuing-instant-work-visas,/services/issuing-instant-work-visas
446,page,services,en,Issuing or Renewing Work Permit,/issuing-or-renewing-work-permit,/services/issuing-or-renewing-work-permit
194,page,services,en,Jazan's Special Economic Zone,/Jazan's-Special-Economic-Zone,/services/Jazan's-Special-Economic-Zone
111,page,services,en,Legal policy,/legal-policy,/services/legal-policy
491,page,services,en,Linking Bank Account in Mudad Platform,/linking-bank-account-mudad-platform,/services/linking-bank-account-mudad-platform
494,page,services,en,Meeting Rooms,/meeting-rooms,/services/meeting-rooms
424,page,services,en,Mudad Platform Activation for Payroll and Wage Protection System (WPS),/mudad-platform-activation-payroll-and-wage-protection-system-wps,/services/mudad-platform-activation-payroll-and-wage-protection-system-wps
483,page,services,en,Muqeem Comprehensive Report for the Establishment,/muqeem-comprehensive-report-establishment,/services/muqeem-comprehensive-report-establishment
429,page,services,en,Muqeem Platform Activation,/muqeem-platform-activation,/services/muqeem-platform-activation
426,page,services,en,National Address Activation for Companies and Providing Virtual Address,/national-address-activation-companies-and-providing-virtual-address,/services/national-address-activation-companies-and-providing-virtual-address
129,page,services,en,National Address and Office Service,/national-address-and-office-service,/services/national-address-and-office-service
187,page,services,en,Open a bank account in Saudi Arabia,/bank-account-in-saudi-arabia,/services/bank-account-in-saudi-arabia
112,page,services,en,Other legal information,/other-legal-information,/services/other-legal-information
486,page,services,en,Payroll Management and Bank Transfer via Mudad,/payroll-management-and-bank-transfer-mudad,/services/payroll-management-and-bank-transfer-mudad
453,page,services,en,Payroll Management Services in Saudi Arabia,/payroll-management-services-saudi-arabia,/services/payroll-management-services-saudi-arabia
96,page,services,en,Premium Residency in Saudi Arabia,/premium-residency-saudi-arabia,/services/premium-residency-saudi-arabia
108,page,services,en,Privacy Policy,/privacy-policy,/services/privacy-policy
94,page,services,en,PRO & GRO Services in Saudi Arabia,/pro-gro-services-streamline-your-saudi-business-setup,/services/pro-gro-services-streamline-your-saudi-business-setup
416,page,services,en,Qiwa Platform Activation and Registration,/Qiwa-Platform,/services/Qiwa-Platform
190,page,services,en,Ras Al-Khair SEZ,/Ras-AlKhair-SEZ,/services/Ras-AlKhair-SEZ
496,page,services,en,Reception Services,/reception-services,/services/reception-services
83,page,services,en,Regional Headquarters License in Saudi Arabia RHQ 2026 | Sovereign Leadership Guide - Motaded,/rhq-license-mena-license,/services/rhq-license-mena-license
100,page,services,en,Saudi Partners,/saudi-partners,/services/saudi-partners
493,page,services,en,Serviced Offices,/serviced-offices,/services/serviced-offices
93,page,services,en,Set Up Your Company in Saudi Arabia with Motaded,/set-your-company-saudi-arabia-motaded,/services/set-your-company-saudi-arabia-motaded
422,page,services,en,Social Insurance (GOSI) Platform Subscription and Certificate Issuance,/Social-Insurance-GOSI-Platform-Subscription-and-Certificate-Issuance,/services/Social-Insurance-GOSI-Platform-Subscription-and-Certificate-Issuance
128,page,services,en,Special Economic Zones in Saudi Arabia,/special-economic-zones-saudi-arabia,/services/special-economic-zones-saudi-arabia
193,page,services,en,The King Abdullah Economic City (KAEC),/King-Abdullah-Economic-City-KAEC,/services/King-Abdullah-Economic-City-KAEC
185,page,services,en,The Saudi National Address,/saudi-national-address,/services/saudi-national-address
481,page,services,en,Transfer of Services via Muqeem,/transfer-services-muqeem,/services/transfer-services-muqeem
98,page,services,en,Translation Services,/translation-services,/services/translation-services
484,page,services,en,Updating Employee Passport Data,/updating-employee-passport-data,/services/updating-employee-passport-data
454,page,services,en,Updating National Address,/updating-national-address,/services/updating-national-address
492,page,services,en,Uploading Wage Protection Files (txt) to Mudad,/uploading-wage-protection-files-txt-mudad,/services/uploading-wage-protection-files-txt-mudad
465,page,services,en,VAT Advisory Services in Saudi Arabia,/vat-advisory-services-saudi-arabia,/services/vat-advisory-services-saudi-arabia
469,page,services,en,VAT Deregistration Services in Saudi Arabia,/vat-deregistration-services-saudi-arabia,/services/vat-deregistration-services-saudi-arabia
467,page,services,en,VAT Filing Services in Saudi Arabia,/vat-filing-services-saudi-arabia,/services/vat-filing-services-saudi-arabia
468,page,services,en,VAT Refund Services in Saudi Arabia,/vat-refund-services-saudi-arabia,/services/vat-refund-services-saudi-arabia
466,page,services,en,VAT Registration Services in Saudi Arabia,/vat-registration-services-saudi-arabia,/services/vat-registration-services-saudi-arabia
497,page,services,en,Virtual Address,/virtual-address,/services/virtual-address
420,page,services,en,Visa authorization via the Enjaz platform,/Visa-authorization-via-the-Enjaz-platform,/services/Visa-authorization-via-the-Enjaz-platform
97,page,services,en,Visa Issuance,/visa-issuance,/services/visa-issuance
71,page,services,en,Who We Are,/who-we-are,/services/who-we-are
70,page,services,en,Why Invest in Saudi Arabia? A Concise Guide for Foreign Investors,/Why-Invest-in-Saudi-Arabia,/services/Why-Invest-in-Saudi-Arabia
470,page,services,en,WITHHOLDING TAX (WHT) SERVICES,/withholding-tax-wht-services,/services/withholding-tax-wht-services
489,page,services,en,Work Permit Management,/work-permit-management,/services/work-permit-management
473,page,services,en,ZAKAT,/zakat,/services/zakat
70,page,services,zh-hans,为何投资沙特阿拉伯？外国投资者简明指南,/zh-hans/weihetouzishatealabowaiguotouzizhejianmingzhinan,/zh-hans/services/weihetouzishatealabowaiguotouzizhejianmingzhinan
92,page,services,zh-hans,企业孵化器,/zh-hans/business-incubators,/zh-hans/services/business-incubators
103,page,services,zh-hans,关于我们,/zh-hans/about-us,/zh-hans/services/about-us
112,page,services,zh-hans,其他法律信息,/zh-hans/other-legal-information,/zh-hans/services/other-legal-information
99,page,services,zh-hans,咨询服务,/zh-hans/consultation-services,/zh-hans/services/consultation-services
129,page,services,zh-hans,国家地址和办公服务,/zh-hans/national-address-and-office-service,/zh-hans/services/national-address-and-office-service
1,page,services,zh-hans,在沙特阿拉伯设立业务,/zh-hans/business-setup,/zh-hans/services/business-setup
83,page,services,zh-hans,地区总部许可证（中东和北非许可证）,/zh-hans/rhq-license-mena-license,/zh-hans/services/rhq-license-mena-license
71,page,services,zh-hans,我们是谁,/zh-hans/who-we-are,/zh-hans/services/who-we-are
118,page,services,zh-hans,投资机会,/zh-hans/investment-opportunities,/zh-hans/services/investment-opportunities
100,page,services,zh-hans,沙特合作伙伴,/zh-hans/saudi-partners,/zh-hans/services/saudi-partners
94,page,services,zh-hans,沙特阿拉伯的 PRO & GRO 服务,/zh-hans/pro-gro-services-streamline-your-saudi-business-setup,/zh-hans/services/pro-gro-services-streamline-your-saudi-business-setup
90,page,services,zh-hans,沙特阿拉伯的人力资源服务,/zh-hans/hr-services,/zh-hans/services/hr-services
128,page,services,zh-hans,沙特阿拉伯的经济特区,/zh-hans/special-economic-zones-saudi-arabia,/zh-hans/services/special-economic-zones-saudi-arabia
65,page,services,zh-hans,沙特阿拉伯的自由区,/zh-hans/free-zones-ksa,/zh-hans/services/free-zones-ksa
96,page,services,zh-hans,沙特阿拉伯的高级居住,/zh-hans/premium-residency-saudi-arabia,/zh-hans/services/premium-residency-saudi-arabia
111,page,services,zh-hans,法律政策,/zh-hans/legal-policy,/zh-hans/services/legal-policy
97,page,services,zh-hans,签证签发,/zh-hans/visa-issuance,/zh-hans/services/visa-issuance
98,page,services,zh-hans,翻译服务,/zh-hans/translation-services,/zh-hans/services/translation-services
106,page,services,zh-hans,职业,/zh-hans/career,/zh-hans/services/career
91,page,services,zh-hans,联合办公空间,/zh-hans/coworking-spaces,/zh-hans/services/coworking-spaces
93,page,services,zh-hans,通过 莫泰德 在沙特阿拉伯设立您的公司,/zh-hans/set-your-company-saudi-arabia-motaded,/zh-hans/services/set-your-company-saudi-arabia-motaded
108,page,services,zh-hans,隐私政策,/zh-hans/privacy-policy,/zh-hans/services/privacy-policy