nid,type,title,category
659,article,"Riyadh Expo 2030: The Sovereign Master Guide to Location, Participation Mechanisms, Visa Systems, and Future Legacy",Business Support
658,article,"Comprehensive Qiddiya Guide 2026 | Location, Districts, and Key Attractions",Business Support
657,article,Diriyah Projects 2026 | Vendor Registration & Investment Sovereignty - Motaded,Business Support
655,article,Import and Export in Saudi Arabia 2026 | Sovereign Guide & Financing - Motaded,Business Support
654,article,Living in Saudi Arabia 2026 | Living Sovereignty & Quality of Life Guide - Motaded,Business Support
644,article,How to Choose an Investment Consultant in Saudi Arabia 2026 | Guide - Motaded,Business Support
642,article,Business Setup Process in KSA Guide 2026 | Establishment Path - Motaded,Business Support
639,article,Riyadh Industrial Cities Guide 2026 | Open Your Company in Riyadh - Motaded,Business Support
638,article,SIDF Industrial Financing Guide 2026 | Loans & Requirements - Motaded,Business Support
637,article,Comprehensive Senaei Platform Guide 2026 | Licenses & Exemptions - Motaded,Government Relations Services
636,article,Comprehensive MODON Industrial Guide 2026 | Licenses & Financing - Motaded,Government Relations Services
632,article,Document Authentication for Company Setup 2026 | Investor Guide - Motaded,Government Relations Services
625,article,Investment Data Services 2026 | Strategic Guide - Motaded,Business Support
615,article,Industrial Cities in Saudi Arabia 2026 | Comprehensive Investment Guide - Motaded,Business Support
607,article,"Taxes in Saudi Arabia 2026 | Comprehensive Guide to WHT, VAT, CIT - Motaded",Accounting services
601,article,Role of Saudi Ministry of Foreign Affairs (MOFA) in Investment 2026 - Motaded,Government Relations Services
594,article,Saudi Freelance Regulations 2026 | Motaded Incubator & Ministerial Decree,HR Services
593,article,Ejar Platform in Saudi Arabia 2026 | Real Estate Documentation Guide - Motaded,Office space services
592,article,Calculating Setup and Renewal Costs in Saudi Arabia 2026 | Motaded,Accounting services
591,article,Business Etiquette and Meetings in Saudi Arabia 2026 | Motaded,Business Support
589,article,Facilitating Sovereign Financial Procedures in Saudi Arabia | Motaded,Accounting services
587,article,Balady Platform in Saudi Arabia 2026 | Motaded Licensing Guide Saudi Arabia,Government Relations Services
586,article,Professional Staff in Saudi Arabia 2026 | Motaded Saudi Arabia,HR Services
585,article,Comprehensive Development Rights in Saudi Arabia 2026 | Motaded Saudi Arabia,Business Support
580,article,Cash Flows in Saudi Arabia 2026 | Liquidity Management with Motaded in Saudi Arabia,Accounting services
572,article,Market Entry Strategy in KSA,Business Support
571,article,Integrated Logistics Special Bonded Zone,Business Support
570,article,The Cloud Computing Special Economic Zone and Saudi Arabia’s SEZ Network,Business Support
567,news,Mandatory Electronic Transfer of Domestic Workers' Salaries in Saudi Arabia,HR Services
566,news,Saudi Ministry of HR Increases Saudization in Engineering and Procurement for 2026: A Compliance Guide by Motaded Ltd,HR Services
565,article,Ministry of Commerce in Saudi Arabia,Government Relations Services
564,article,Commercial Service Offices in Saudi Arabia,Business Support
563,article,HR Outsourcing in Saudi Arabia,HR Services
560,article,HR Companies in Riyadh: Streamline Recruitment & Compliance,HR Services
559,article,Guide to Managing Company Articles of Association in Saudi Arabia 2026,Government Relations Services
556,article,Commercial Registration Renewal in Saudi Arabia 2026,Government Relations Services
555,article,Wage Protection System in Saudi Arabia,HR Services
554,article, Iqama Issuance and Renewal Services in Saudi Arabia,Residency & Visas
550,article,Strategic Guide to Saudi Corporate Compliance Services 2026,Government Relations Services
547,article,The Integrated Strategy for Government Relations (PRO services in Saudi Arabia) and Operational Compliance for Companies in Saudi Arabia 2026: The Motaded Investor’s Guide,Government Relations Services
545,article,Advanced Business Operations in Saudi Arabia 2026: Motaded’s Guide to Excellence and Growth,Business Support
544,article,Business Operations in Saudi Arabia,Business Support
538,article,Public Investment Fund,Business Support
536,article,"Ministry of Investment (MISA): Vision, Sectors, Services",Government Relations Services
533,news,"Motaded Ltd. Reveals ""Motaded Digital Platform"" Project: Mid-2026 Set as the Launch Date for the Next Revolution in Integrated Services",Business Support
532,news,"Motaded Ltd. Strengthens Investment Standing by Officially Joining the ""Miza"" Platform Under the Ministry of Investment",Business Support
531,news,A Landmark Strategic Alliance: Motaded Ltd. and Slow Shan Ltd. Partner to Revolutionize the Mining Supply Chain Across Saudi Arabia,Business Support
530,article,Future Trends in Corporate Responsibility Practices,Business Support
529,article,Benefits of a Branch of Foreign Company in Saudi Arabia,Business Support
528,news,Motaded Ltd. Unveils Its Comprehensive Digital Portal: A Strategic Pillar for Transparency and Digital Leadership in the Saudi Market,Business Support
527,article,HR Software Comparison Saudi Arabia – Top Systems,HR Services
525,article,Smart Strategies for Choosing HR Consultancy in Saudi Arabia,HR Services
522,article,"Fast, Accurate Business Document Translation Saudi Arabia",Business Support
521,article,Manpower Supply for Business,HR Services
516,article,Visa translation services Saudi Arabia for smooth approval,Residency & Visas
513,article,Payroll Management KSA: Expert Services for Saudi Businesses,HR Services
506,article,Reduce Costs & Hassle: Expert Employee Outsourcing Saudi,HR Services
501,article,Removing the Wage Protection Note ,HR Services
500,article,Best Practices HR and Payroll Management in Saudi Arabia,HR Services
499,article,Saudi Export-Import,Business Support
369,article,Absher,Residency & Visas
368,article,Saber Platform 2026 | Guide for Conformity Certificates & Registration - Motaded,Government Relations Services
367,article,MODON,Business Support
366,article,"Etimad Platform 2026 | Guide for Login, Registration & Tenders - Motaded",Government Relations Services
365,article,Saudi Post SPL,Office space services
362,article,MIZA Platform 2026 | Sovereign Investor Empowerment Guide - Motaded,Government Relations Services
361,article,Mazaya Platform,Business Support
359,article,Saudi Food and Drug Authority 2026 | Sovereign & Compliance Guide - Motaded,Government Relations Services
358,article,Fasah Platform 2026 | Sovereign Logistics & Customs Guide - Motaded,Government Relations Services
356,article,Mudad Platform & Wage Protection System Saudi Arabia 2026 | Sovereign Compliance - Motaded,HR Services
355,article,Qiwa Platform 2026 | Sovereign Labor & Compliance Guide - Motaded,HR Services
353,article,Exploring the Saudi Banking Sector,Accounting services
347,article,Professional Accreditation Program in Saudi Arabia 2026 | Sovereignty & Skill Guide - Motaded,HR Services
346,article,Work Permit System,HR Services
345,article,Ajeer Paper in Saudi Arabia: Temporary Work Authorization,HR Services
333,article,Guide to Understanding Income Tax Saudi Arabia Policies,Accounting services
332,article,Zakat and Tax in Saudi Arabia: Business Compliance Guide,Accounting services
325,article,Muqeem Portal Registration: Step-by-Step Guide for Expats,Residency & Visas
324,article,Get New Rules for Iqama Renewal in Saudi Arabia 2025,Residency & Visas
321,article,Chamber of commerce certificate Saudi Arabia: Uses,Government Relations Services
319,article,"E commerce in Saudi Arabia: Insights, and Key Drivers",Business Support
318,article,The 2026 Procedural Conflict in the Nitaqat System: Operational Sovereignty of the Green Tier vs. the Paralysis of the Red Tier,HR Services
317,article,"Driving Licence Categories Saudi Arabia: Rules, Eligibility",Government Relations Services
311,article,How to Get a GOSI Certificate: A Step-by-Step Guide,HR Services
310,article,Everything You Need to Know About Getting a Car License,Government Relations Services
308,article,Latest Saudization Rules| A Guide for UAE Companies,HR Services
303,article,Explore Promising Industries in Saudi Arabia for UAE Firms,Business Support
298,article,Business Setup Process in Saudi Arabia: Step-by-Step Guide,Business Support
295,article,Cost of Opening a Company in Saudi Arabia: Full 2026 Guide - Motaded,Accounting services
290,article,"Can Foreigners Do Business in Saudi Arabia? Yes, Start Here",Business Support
271,article, Check the business setup cost in Saudi Arabia for investing,Accounting services
223,article,Saudi Arabia Stock Market,Business Support
222,article,Investment Projects Between Saudi Arabia and the USA,Business Support
220,article,Chinese Investments in Saudi Arabia,Business Support
219,article,Eastern Province Municipality signs investment contracts worth 600 million riyals,Business Support
217,article,Investment for foreigners is now allowed in Mecca and Medina,Business Support
216,article,Working hours in Ramadan in Saudi Arabia for the year 2025,HR Services
215,article,The National Investment Strategy: Shaping Saudi Arabia's Future,Business Support
214,article,Become a Supplier in Saudi Arabia,Government Relations Services
213,article,Empowering Saudi Arabia’s SMEs: An In-Depth Look at Portfolio Companies SME Programs,Business Support
211,article,Contractor Program in Saudi Arabia ,Business Support
210,article,Fueling Saudi Arabia’s Manufacturing Future,Business Support
209,article,MUSAHAMA Program,Business Support
208,article,Six Flags In Saudi Arabia,Business Support
207,article,Giga projects in Saudi Arabia ,Business Support
203,article,Al-Soudah,Business Support
202,article,The Saudi Arabian Stadiums Project: A Major Investment Opportunity for Foreign Companies,Business Support
201,article,Qiddiya Project: A Gateway to Investment Opportunities in Saudi Arabia,Business Support
200,article,Al-Ula: A Gateway to Investment Opportunities in Saudi Arabia,Business Support
199,article,“Motaded’s Role in Aramco Recruitment and Workforce Solutions in Saudi Arabia”,HR Services
196,article,Residency and Work Permit Costs in Saudi Arabia 2026 | Sovereignty & Compliance Guide - Motaded,Residency & Visas
191,article,Ras Al-Khair Special Economic Zone 2026 | Maritime Sovereignty & Empowerment Guide - Motaded,Business Support
186,article,Saudi National Address (SPL) 2026 | Sovereignty & Compliance Guide - Motaded,Office space services
177,article,Saudi Ministry of Human Resources 2026 | Labor Sovereignty & Qiwa Guide - Motaded,HR Services
174,article,The most important differences between the updated investment system and the foreign investment system,Business Support
173,article,Chambers of Commerce in Saudi Arabia 2026 | Investment Sovereignty & Attestation Guide - Motaded,Government Relations Services
172,article,Saudi Arabian Laws,Government Relations Services
171,article,Nusuk,Residency & Visas
170,article,Quality of Life in Saudi Arabia,Business Support
169,article,Visa or entry permit for Hajj and Umrah,Residency & Visas
168,article,Bilateral relations between Saudi Arabia and India,Business Support
167,article,"Electricity, Gas, Steam and Air Conditioning Supply Activities in Saudi Arabia",Business Support
165,article,Human health and social work activities in Saudi Arabia,Business Support
164,article,"Business Activities Agriculture, Forestry and Fishing in Saudi Arabia",Business Support
163,article,UFC,Business Support
162,article,Real estate activities in Saudi Arabia,Office space services
161,article,Financial and insurance activities in Saudi Arabia,Accounting services
160,article,Administrative activities and support services in Saudi Arabia,Business Support
159,article,"Professional, scientific and technical activities in Saudi Arabia",Business Support
158,article,Other service activities in Saudi Arabia,Business Support
157,article,"Arts, Entertainment and Recreation Activity in Saudi Arabia",Business Support
156,article,Construction Activity in Saudi Arabia 2026 | Investment Sovereignty & Contracting Guide - Motaded,Business Support
154,article,Obtaining an Education License in Saudi Arabia,Government Relations Services
153,article,Education in Saudi Arabia,Business Support
151,article,Accommodation and food service activities,Business Support
150,article,How to Obtain a Transportation and Storage License in Saudi Arabia,Government Relations Services
149,article,Relocating & Living in Saudi Arabia 2026 | Living Sovereignty Guide - Motaded,Business Support
148,article,Launch of CEER Electric Car Manufacturing Company in Saudi Arabia,Business Support
147,article,King Salman Energy Park Project,Business Support
146,article,Project Saudi Green Initiative,Business Support
144,article,Wholesale And Retail Trade: Repair of Motor Vehicles And Motorcycles is the Most Demanded activity in Saudi Arabia,Business Support
143,article,Manufacturing Activity in Saudi Arabia 2026 | Productive Sovereignty Guide - Motaded,Business Support
139,article,Saudi Arabia and Italy Sign Energy Cooperation Agreement: A New Era in Renewable Technologies,Business Support
138,article,2034 World Cup,Business Support
133,article,LEAP 2025,Business Support
9,article,"Saudi Vision 2030 in 2026 | Transformation, Achievements & Economic Sovereignty - Motaded",Business Support
8,article,Invest and Establish Companies in NEOM 2026 | Procedural Sovereignty Guide - Motaded,Business Support
