nid,body_summary
542,"Update your MISA investment license when activities, ownership, or legal data change. Motaded aligns amendments with Ministry of Investment rules and your commercial registration."
498,"Digitally transfer employees into your establishment with compliant requests and acceptance flows. We support workforce growth while meeting Saudi government labour requirements."
497,"Secure a compliant virtual headquarters address for your company without a physical office. Meets commercial register expectations so you can incorporate and operate with confidence."
496,"Professional front-desk support for visitors, calls, and mail. Strengthens your company image and keeps day-to-day reception organised for management and investors."
495,"Large, equipped conference halls for training, launches, and major meetings. Full logistical support so your events run smoothly and reflect a strong corporate presence."
494,"Private meeting rooms with modern AV and connectivity for negotiations and board-level discussions. Ideal for confidential deals and professional client meetings."
493,"Ready-to-use private offices with services included—ideal right after formation or when scaling. Compliant workspace options linked to registration and operational needs."
492,"Upload WPS salary files (TXT) to Mudad so bank payments are documented correctly. Reduces errors and keeps wage protection aligned with ministry expectations."
491,"Connect your company bank account to Mudad for automated payroll flows. Streamlines salary transfers while staying aligned with commercial and WPS requirements."
490,"Change employee job titles in Qiwa with the right qualifications and documentation. Keeps occupation records accurate and aligned with Saudi labour rules."
489,"End-to-end work permit handling: fees, issuance via Qiwa, and renewals. Helps avoid fines and delays while protecting your commercial operations."
488,"Generate compliance and violation reports for wage protection and related systems. Clear visibility into issues so you can fix gaps before they affect your establishment."
487,"Fast-track instant work visas when quotas and Nitaqat allow. Covers urgent hiring needs with correct balances and government compliance."
486,"Run payroll and bank transfers through Mudad with correct WPS linkage. Automates pay cycles while supporting commercial register and ministry standards."
485,"Draft and obtain ministry approval for internal work bylaws—leave, rewards, and discipline. Legally structures employer–employee relations and reduces dispute risk."
484,"Update expatriate passport data in residency systems so Muqeem and records stay consistent. Prevents mismatches that can block travel or renewals."
483,"Pull a full Muqeem establishment report on expatriates: status, validity, and statistics. Gives leadership a single view for workforce and compliance monitoring."
482,"Register employment contracts in Qiwa using compliant templates and clauses. Protects both parties and satisfies digital documentation requirements."
481,"Complete final sponsorship transfer in Muqeem after Qiwa approval. Updates residency and sponsor data cleanly under the new commercial registration."
480,"Add your importer number to additional Saudi ports so cargo can clear where you need it. Updates customs records and supports broader import operations."
479,"Process exit/re-entry and final exit visas for employees travelling or leaving permanently. Tied to establishment data to keep movements lawful and traceable."
478,"Electronic registration for importers and exporters to expand cross-border trade. Positions your CR for customs and international supply-chain activity."
477,"Issue and renew Iqama via Muqeem with accurate passport and establishment linkage. Keeps expatriate status valid and aligned with commercial records."
476,"Independent inventory and stock counts to reconcile physical goods with books. Supports audits, shrinkage control, and reliable operational decisions in KSA."
475,"Internal audits that strengthen controls, governance, and risk management. Tailored reviews so Saudi entities can improve processes and board reporting."
474,"Independent external audits meeting regulatory and stakeholder expectations. Timely, credible financial assurance for companies operating in Saudi Arabia."
473,"Zakat calculation, filing, and compliance support for eligible businesses. Accurate Shariah-aligned obligations with clear documentation for authorities."
472,"Corporate income tax planning, compliance, and filings for investors in KSA. Navigate evolving rules while optimising positions within Saudi tax law."
470,"Withholding tax compliance: rates, reporting, and payments under ZATCA rules. Reduces errors and penalties on cross-border and domestic WHT scenarios."
469,"Voluntary VAT deregistration when your business no longer requires a TRN. Full ZATCA-aligned closure so your VAT account ends without loose ends."
468,"Recover eligible input VAT through structured refund claims. We manage documentation and ZATCA submissions to improve recovery speed and success."
467,"Timely VAT return preparation and filing with reconciliations and checks. Lowers penalty risk and keeps your VAT cycle predictable."
466,"New VAT registration with ZATCA when thresholds or activity require a TRN. Correct setup from day one for invoicing and compliance."
465,"Strategic VAT advice on transactions, sectors, and planning. Clarifies grey areas so you decide with confidence and stay penalty-aware."
464,"Limited-scope or full accounts reviews against IFRS and local expectations. Highlights misstatements and strengthens financial reliability before year-end."
463,"Catch-up bookkeeping for delayed or messy periods—rapid normalisation of ledgers. Ideal after migration, growth spikes, or handover gaps."
462,"Obtain the GOSI certificate that proves contribution compliance. Supports tenders, visas, and government processes requiring a clean social insurance record."
460,"Issue the Saudization (Nitaqat) certificate showing workforce compliance. Essential for contracts, quotas, and ministry interactions tied to nationalisation."
458,"Negotiate GOSI debt instalment plans with proper submissions. Helps companies settle arrears predictably after formation or cash-flow stress."
456,"Legally amend entity type, company type, or articles of association with MOC alignment. Keeps your CR and governance documents accurate as the business evolves."
454,"Register an updated national address when you move or CR data changes. SPL alignment so Balady, banks, and authorities see one consistent location."
453,"End-to-end payroll in Saudi Arabia: calculations, GOSI, WPS, and statutory updates. Accurate paydays with labour and ZATCA-aware processes."
446,"Issue or renew work permits with correct MHRSD levies and Qiwa steps. Core to legally employing expatriates under your commercial registration."
433,"Open a corporate bank account with the right CR, AoA, and KYC package. Accelerates go-live once formation documents and resolutions are in order."
431,"Iqama for your general manager or foreign investor after medical and insurance steps. Closes the residency loop so leadership can operate from KSA."
429,"Activate Muqeem for your establishment to manage Iqama and passport services digitally. Required passport-directorate connectivity after company setup."
426,"Mandatory national address registration plus optional virtual address services. Unlocks government and banking steps with a valid SPL record."
424,"Mudad activation for WPS-compliant payroll under MHRSD. Central link between your entity, bank, and wage protection reporting."
422,"Subscribe to GOSI and issue certificates so employees are covered from hire. Meets post-formation social insurance obligations efficiently."
420,"Enjaz recruitment-office authorisation for overseas hiring workflows. Electronic approval so certified labour offices can proceed on your behalf."
418,"General manager or investor visa through Qiwa after establishment linkage. Enables foreign leadership to enter and run the new Saudi entity."
416,"Qiwa activation as your HR gateway for contracts, quotas, and transactions. Foundational MHRSD registration once the company exists."
414,"Chamber of Commerce membership subscription and renewal after CR issuance. Standard requirement for contracts, attestations, and active trade."
412,"Draft articles of association aligned with the Saudi Companies Law for LLCs and other forms. Legally sound clauses tailored to shareholders and governance."
410,"Reserve a unique Arabic and English trade name before incorporation. Ministry of Commerce checks ensure the name is available and appropriate."
183,"Establish a foreign branch in Saudi Arabia to scale into the local market under MISA and MOC rules. Strategic licensing path for global groups entering KSA."
100,"Match foreign investors with reliable Saudi partners for market entry, licensing, and local representation. Reduces execution risk in regulated sectors."
99,"Strategy, licensing, and operational consultancy so your Saudi entity succeeds. End-to-end guidance across regulations, government touchpoints, and growth plans."
98,"Certified translation for legal, commercial, medical, and technical documents. Accurate, culturally appropriate English–Arabic work for authorities and contracts."
97,"Navigate Saudi visa categories for investors, employees, and visitors. Clear routing through the right programme for each travel and residency goal."
96,"Premium Residency pathways for talent and investors seeking long-term rights in KSA. Structured support through eligibility, documentation, and benefits."
92,"Incubation for tech and scalable startups: mentorship, space, and formation-oriented support. Built for innovative products and services entering the market."
91,"Flexible coworking memberships for early-stage companies and investors. Cost-effective workspace while you formalise operations and team size."
90,"Full HR stack: GRO, recruitment, payroll, Qiwa/Muqeem/GOSI, and visas. One partner for compliant people operations across Saudi ministries and platforms."
83,"Regional Headquarters (RHQ) licensing for multinationals centralising MENA leadership in Saudi Arabia. Tax and workforce incentives with MISA-aligned structure."
65,"Operate in Saudi special economic zones with zone-specific incentives and licensing. Ideal for trade, logistics, cloud, and industrial investors under Vision 2030."
1,"End-to-end company formation in Saudi Arabia: MISA, MOC, CR, tax, and PRO. Investor-focused setup aligned with Vision 2030 and 100% foreign ownership where allowed."
