nid,categories,tags
542,Business Support,Business
498,HR Services,Business
497,Office space services,Business
496,Office space services,Business
495,Office space services,Business
494,Office space services,Business
493,Office space services,Business
492,Government Relations Services,Business
491,Government Relations Services,Business
490,HR Services,Business
489,HR Services,Business
488,Government Relations Services,Business
487,Government Relations Services,Business
486,Government Relations Services,Business
485,HR Services,Business
484,Government Relations Services,Business
483,Government Relations Services,Business
482,HR Services,Business
481,Government Relations Services,Business
480,Government Relations Services,Business | Cargo
479,Government Relations Services,Business
478,Government Relations Services,Business | Cargo
477,Government Relations Services,Business
476,Accounting services,Business
475,Accounting services,Business
474,Accounting services,Business
473,Accounting services,Business
472,Accounting services,Business
470,Accounting services,Business
469,Accounting services,Business
468,Accounting services,Business
467,Accounting services,Business
466,Accounting services,Business
465,Accounting services,Business
464,Accounting services,Business
463,Accounting services,Business
462,Government Relations Services,Business
460,Government Relations Services,Business
458,Government Relations Services,Business
456,Government Relations Services,Business
454,Government Relations Services,Business
453,Accounting services,Business
446,Government Relations Services,Business
433,Business Support,Business
431,Residency & Visas,Business
429,HR Services,Business
426,HR Services,Business
424,HR Services,Business
422,HR Services,Business
420,Residency & Visas,Business
418,Residency & Visas,Business
416,HR Services,Business
414,Business Support,Business
412,Business Support,Business
410,Business Support,Business
183,Business Support,Business | Strategic gateway
100,Business Support,Business | Strategic gateway
99,Business Support,Business | Cargo
98,Business Support,Business
97,Residency & Visas,Business
96,Residency & Visas,Business
92,Business Support,Business | Strategic gateway
91,Office space services,Business
90,HR Services,Business
83,Business Support,Business | Strategic gateway
65,Business Support,Business | Cargo
1,Business Support,Business | Strategic gateway
