nid,title_ar,body_summary,target_audience,service_duration,provided_languages,service_channels,service_cost,payment_options,categories,beneficiaries,tags,source_note
1,,"A Service License is essential for businesses looking to set up operations in consultancy, IT, legal services, marketing, and other professional sectors in Saudi Arabia. This license is a key requirement for both local and international firms planning to establish a presence in the Kingdom. It facilitates foreign business registration in Saudi Arabia and the registration of businesses offering intangible goods or services.",,,,,,,"Business Support",,,"summary=en_fallback; audience=empty; duration=empty; languages=empty; channels=empty; cost=empty; payment=empty; categories=en_fallback; beneficiaries=empty; tags=empty"
65,"المناطق الحرة في السعودية","يمكّن ترخيص خدمة المنطقة الحرة الشركات من العمل داخل مناطق اقتصادية محددة في المملكة العربية السعودية، مما يوفر مزايا كبيرة مثل الحوافز الضريبية واللوائح المبسطة والملكية الأجنبية بنسبة 100٪. تعتبر هذه المناطق مفيدة بشكل خاص للشركات في قطاعات مثل الاستشارات وتكنولوجيا المعلومات والخدمات القانونية وغيرها من الخدمات المهنية. ويدعم الترخيص تسجيل الشركات الأجنبية في المملكة العربية السعودية ويسهل إنشاء مراكز الخدمة الإقليمية.",,,,,,,"Business Support",,Cargo,"summary=ar; audience=empty; duration=empty; languages=empty; channels=empty; cost=empty; payment=empty; categories=ar; beneficiaries=empty; tags=ar"
83,"ترخيص المقرات الاقليمية (ترخيص منطقة الشرق الأوسط وشمال أفريقيا)","يسمح ترخيص المقر الإقليمي (RHQ)، المعروف أيضًا باسم ترخيص الشرق الأوسط وشمال إفريقيا، للشركات متعددة الجنسيات بإنشاء مقرها الإقليمي في المملكة العربية السعودية. ويقدم هذا الترخيص العديد من المزايا، بما في ذلك الإعفاءات من السعودة والحوافز الضريبية والعمليات التنظيمية المبسطة. يعد ترخيص RHQ خيارًا استراتيجيًا للشركات التي تدير العمليات في دولتين على الأقل في منطقة الشرق الأوسط وشمال إفريقيا خارج المملكة العربية السعودية وتتطلع إلى مركزية إدارتها الإقليمية.",,,,,,,"Business Support",,,"summary=ar; audience=empty; duration=empty; languages=empty; channels=empty; cost=empty; payment=empty; categories=ar; beneficiaries=empty; tags=empty"
90,"خدمات الموارد البشرية","من خلال معرفتنا وخبرتنا الطويلة بالأنظمة المعمول بها في المملكة العربية السعودية وجميع الهيئات الحكومية عبر مختلف الوزارات، فإن ذلك يجعلنا خيارك الأفضل لخدمات GRO",,,,,,,,,,"summary=ar; audience=empty; duration=empty; languages=empty; channels=empty; cost=empty; payment=empty; categories=empty; beneficiaries=empty; tags=empty"
91,"مساحات العمل المشترك","توفر خدمات العمل المشترك لدينا مساحات مكتبية مرنة ومجهزة بالكامل للشركات من جميع الأحجام. سواء كنت تعمل لحسابك الخاص، أو شركة ناشئة، أو شركة قائمة، فإن مساحات العمل المشتركة لدينا في المملكة العربية السعودية توفر بيئات عمل ديناميكية مع إمكانية الوصول إلى المرافق المشتركة، وغرف الاجتماعات، وفرص التواصل. تعتبر مساحات العمل المشتركة هذه مثالية للشركات التي تبحث عن استئجار مكاتب قصيرة الأجل في المملكة العربية السعودية أو حلول مكتبية طويلة الأجل.",,,,,2000,,"Office space services",,,"summary=ar; audience=empty; duration=empty; languages=empty; channels=empty; cost=en_fallback; payment=empty; categories=ar; beneficiaries=empty; tags=empty"
92,"حاضنات الأعمال","تقدم الخدمة لرواد الأعمال الذين يرغبون في تأسيس شركات تقنية أو ابتكارية أو متميزة ناشئة قابلة للتوسع والنمو لتقديم منتج أو خدمة بشكل أفضل ومختلف في السوق السعودي، ولديها جهات داعمه معتمدة من الوزارة وهذه الجهات عادة تشمل:",,,,,,,"Residency & Visas",,,"summary=ar; audience=empty; duration=empty; languages=empty; channels=empty; cost=empty; payment=empty; categories=ar; beneficiaries=empty; tags=empty"
96,"الإقامة المميزة في المملكة العربية السعودية","تأسّس مركز الإقامة المميَّزة في يناير 2019 بموجب قرار من مجلس الوزراء رقم (247)، وتاريخ 09/05/1440هـ، بهدف جذب الفئات المميَّزة من الكفاءات والمستثمرين، ودعمها للمشاركة في مسيرة التنمية التي تعمل عليها السعودية لإصلاح وخلق بيئة عمل جذابة ومنافسة للمستثمر الراغب في توسيع أعماله في السعودية. يتّم من خلال تسهيل إقامتهم، وتوفير أنماط مرنة للمعيشة والعمل على أرضها. وقد عملت السعودية منذ إصدار قانون الإقامة المميزة على تطوير أنظمتها وتقديم مختلف التسهيلات للفئات المستهدفة، عن طريق منظومة من المزايا والخدمات الإلكترونية.",,,,,,,,,,"summary=ar; audience=empty; duration=empty; languages=empty; channels=empty; cost=empty; payment=empty; categories=empty; beneficiaries=empty; tags=empty"
97,"إصدار التأشيرة","يقدم إصدار التأشيرات في المملكة العربية السعودية مجموعة من أنواع التأشيرات المصممة خصيصًا للمستثمرين والعمال المؤقتين والموظفين لفترات طويلة. تمكن هذه التأشيرات المغتربين من العيش والعمل والاستثمار في المملكة العربية السعودية مع الالتزام بقوانين وأنظمة الهجرة في البلاد. وقد تم تصميم هذا النظام لدعم كل من المستثمرين الأجانب والعمالة الماهرة، مما يجعل المملكة العربية السعودية وجهة جذابة للمواهب والاستثمارات العالمية.",,,,,,,,,,"summary=ar; audience=empty; duration=empty; languages=empty; channels=empty; cost=empty; payment=empty; categories=empty; beneficiaries=empty; tags=empty"
98,"خدمات الترجمة","تقدم خدمات الترجمة المعتمدة في متعدد ترجمات دقيقة وحساسة ثقافيًا لمجموعة واسعة من الوثائق، من النصوص القانونية والطبية إلى الوثائق التجارية، والتعليمية، والفنية، نضمن ترجمات عالية الجودة واحترافية مصممة لتلبية احتياجاتك الخاصة.",,,,,,,,,Cargo,"summary=ar; audience=empty; duration=empty; languages=empty; channels=empty; cost=empty; payment=empty; categories=empty; beneficiaries=empty; tags=ar"
99,"الخدمات الاستشارية","توفر خدماتنا الاستشارية إرشادات الخبراء في المسائل القانونية والإدارية والمالية، بما في ذلك المحاسبة ومسك الدفاتر. نحن نساعد الشركات في التعامل مع اللوائح المحلية وتحسين عملياتها وضمان الامتثال للمتطلبات المالية والقانونية. تم تصميم استشاراتنا المخصصة لمساعدة الشركات على النجاح في السوق التنافسية في المملكة العربية السعودية.","Local and international businesses that need legal, administrative, or financial consulting support in Saudi Arabia","Defined with you based on the scope of consultation","Arabic and English","Virtual sessions, on-site workshops, and continuous support","Tailored pricing according to engagement requirements","Flexible invoicing with bank transfer or corporate payment gateways","Business Support",,"Business | Cargo","summary=ar; audience=en_fallback; duration=en_fallback; languages=en_fallback; channels=en_fallback; cost=en_fallback; payment=en_fallback; categories=ar; beneficiaries=empty; tags=ar"
100,"الشركاء السعوديون","تم تصميم خدمات الشركاء السعوديين التي تقدمها شركة متعدد للاستشارات لمساعدة المستثمرين الأجانب والشركات العالمية في العثور على شركاء محليين موثوقين في المملكة العربية السعودية. وتساعد هذه الشراكات الشركات الأجنبية على دخول السوق السعودية، مما يضمن الامتثال للوائح المحلية وتسهيل العمليات التجارية بسلاسة. توفر خدماتنا الدعم اللازم للتنقل بنجاح في بيئة الأعمال في المملكة العربية السعودية.",,,,,,,,,,"summary=ar; audience=empty; duration=empty; languages=empty; channels=empty; cost=empty; payment=empty; categories=empty; beneficiaries=empty; tags=empty"
183,,,,,,,,,"Business Support",,,"summary=empty; audience=empty; duration=empty; languages=empty; channels=empty; cost=empty; payment=empty; categories=en_fallback; beneficiaries=empty; tags=empty"
408,"اصدار ترخيص الاستثمار الأجنبي","تُعد رخصة MISA شرطاً أساسياً لـ تأسيس شركة أجنبية في السعودية، حيث تسمح للمستثمر الدولي بالاستثمار في السعودية. يمكن إصدار ترخيص الاستثمار الأجنبي بشراكة مع الشريك السعودي أو شريك خليجي.",,,,,,,"Business Support",,,"summary=ar; audience=empty; duration=empty; languages=empty; channels=empty; cost=empty; payment=empty; categories=ar; beneficiaries=empty; tags=empty"
409,"حجز الاسم التجاري","خدمة حجز الاسم التجاري المتكاملة تضمن لك تسجيل اسم تجاري فريد باللغتين (اسم تجاري عربي واسم تجاري إنجليزي)، وذلك بالتنسيق المباشر مع وزارة التجارة. نتحقق من أن الاسم لائق ومناسب ويمتثل لجميع شروط نظام الشركات قبل إدراجه في السجل التجاري الخاص بمنشأتك.",,,,,١٥٠٠,"التحويل على بيانات حساب الشركة:
التكلفة تشمل الرسوم الحكومية:
رسوم تكلفة الاسم العربي ٣٠٠ ريال 
رسوم تكلفة الاسم الانجليزي ٥٠٠ ريال","Business Support",,,"summary=ar; audience=empty; duration=empty; languages=empty; channels=empty; cost=ar; payment=ar; categories=ar; beneficiaries=empty; tags=empty"
410,,,,,,,1500,"Transfer to company account
Cost includes government fees:
Arabic name fee: 300 SAR
English name fee: 500 SAR","Business Support",,,"summary=empty; audience=empty; duration=empty; languages=empty; channels=empty; cost=en_fallback; payment=en_fallback; categories=en_fallback; beneficiaries=empty; tags=empty"
411,"صياغة وتوثيق عقد التأسيس للشركات",,,,,,3500,"التحويل على بيانات حساب الشركة:
التكلفة تشمل الرسوم الحكومية:
رسوم تكلفة وزارة التجارة 1800 ريال","Business Support",,,"summary=empty; audience=empty; duration=empty; languages=empty; channels=empty; cost=ar; payment=ar; categories=ar; beneficiaries=empty; tags=empty"
412,,,,,,,3500,"Transfer to company account details:
Cost includes government fees:
Ministry of Commerce fee 1800","Business Support",,,"summary=empty; audience=empty; duration=empty; languages=empty; channels=empty; cost=en_fallback; payment=en_fallback; categories=en_fallback; beneficiaries=empty; tags=empty"
413,"اشتراك وتجديد الغرفة التجارية",,,,,,750,"التحويل على بيانات حساب الشركة:
التكلفة تشمل الرسوم الحكومية:
رسوم الغرفة التجارية حسب الفئة","Business Support",,,"summary=empty; audience=empty; duration=empty; languages=empty; channels=empty; cost=ar; payment=ar; categories=ar; beneficiaries=empty; tags=empty"
414,,,,,,,750,"Transfer to company account details:
Cost includes government fees:
Chamber of Commerce fees according to category","Business Support",,,"summary=empty; audience=empty; duration=empty; languages=empty; channels=empty; cost=en_fallback; payment=en_fallback; categories=en_fallback; beneficiaries=empty; tags=empty"
415,"تفعيل وتسجيل المنشأة في منصة قوى",,,,,,2250,"التحويل على بيانات حساب الشركة:
التكلفة تشمل الرسوم الحكومية:
رسوم تفعيل منصة قوى ١٣٠٠ ريال","HR Services",,,"summary=empty; audience=empty; duration=empty; languages=empty; channels=empty; cost=ar; payment=ar; categories=ar; beneficiaries=empty; tags=empty"
416,"تفعيل وتسجيل منصة قوى",,,,,,2250,"رسوم تفعيل منصة قوى: 1300 ريال سعودي.
ملاحظة التكلفة: التكلفة لا تشمل الرسوم الحكومية المقررة.
طريقة السداد: يتم التحويل إلى تفاصيل حساب الشركة.","HR Services",,,"summary=empty; audience=empty; duration=empty; languages=empty; channels=empty; cost=en_fallback; payment=ar; categories=ar; beneficiaries=empty; tags=empty"
417,"إصدار تأشيرة المدير العام أو المستثمر",,,,,,2750,"التحويل على بيانات حساب الشركة:
التكلفة تشمل الرسوم الحكومية:
رسوم وزارة الموارد البشرية ٢٠٠٠ ريال","Residency & Visas",,,"summary=empty; audience=empty; duration=empty; languages=empty; channels=empty; cost=ar; payment=ar; categories=ar; beneficiaries=empty; tags=empty"
418,,,,,,,2750,"Transfer to company account details:
Cost includes government fees:
Ministry of Human Resources fees: 2000 SAR","Residency & Visas",,,"summary=empty; audience=empty; duration=empty; languages=empty; channels=empty; cost=en_fallback; payment=en_fallback; categories=en_fallback; beneficiaries=empty; tags=empty"
419,"تفويض التأشيرة عبر منصة إنجاز",,,,,,١٢٥٠,"التحويل على بيانات حساب الشركة:
التكلفة تشمل الرسوم الحكومية:
رسوم وزارة الخارجية ومنصة انجاز","Residency & Visas",,,"summary=empty; audience=empty; duration=empty; languages=empty; channels=empty; cost=ar; payment=ar; categories=ar; beneficiaries=empty; tags=empty"
420,,,,,,,,"Transfer to company account details:
Cost includes government fees:
Ministry of Foreign Affairs and Enjaz platform fees","Residency & Visas",,,"summary=empty; audience=empty; duration=empty; languages=empty; channels=empty; cost=empty; payment=en_fallback; categories=en_fallback; beneficiaries=empty; tags=empty"
421,"الاشتراك في منصة التأمينات الاجتماعية (GOSI) وإصدار الشهادة",,,,,,٥٠٠,,"HR Services",,,"summary=empty; audience=empty; duration=empty; languages=empty; channels=empty; cost=ar; payment=empty; categories=ar; beneficiaries=empty; tags=empty"
422,,,,,,,,"Transfer to company account details: 
Cost includes government fees:","HR Services",,,"summary=empty; audience=empty; duration=empty; languages=empty; channels=empty; cost=empty; payment=en_fallback; categories=en_fallback; beneficiaries=empty; tags=empty"
423,"تفعيل منصة مدد لنظام الرواتب وحماية الأجور",,,,,,٢٩٠٠,"التحويل على بيانات حساب الشركة:
التكلفة تشمل الرسوم الحكومية:","HR Services",,,"summary=empty; audience=empty; duration=empty; languages=empty; channels=empty; cost=ar; payment=ar; categories=ar; beneficiaries=empty; tags=empty"
424,,,,,,,,"Transfer to company account details: 
Cost includes government fees:","HR Services",,,"summary=empty; audience=empty; duration=empty; languages=empty; channels=empty; cost=empty; payment=en_fallback; categories=en_fallback; beneficiaries=empty; tags=empty"
425,"تفعيل العنوان الوطني للشركات وتوفير العنوان الافتراضي",,,,,,2500,"التحويل على بيانات حساب الشركة:
التكلفة تشمل الرسوم الحكومية:","HR Services",,,"summary=empty; audience=empty; duration=empty; languages=empty; channels=empty; cost=ar; payment=ar; categories=ar; beneficiaries=empty; tags=empty"
426,,,,,,,,"Transfer to company account details: 
Cost includes government fees:","HR Services",,,"summary=empty; audience=empty; duration=empty; languages=empty; channels=empty; cost=empty; payment=en_fallback; categories=en_fallback; beneficiaries=empty; tags=empty"
428,"تفعيل منصة مقيم",,,,,,,"التحويل على بيانات حساب الشركة:
التكلفة تشمل الرسوم الحكومية:","HR Services",,,"summary=empty; audience=empty; duration=empty; languages=empty; channels=empty; cost=empty; payment=ar; categories=ar; beneficiaries=empty; tags=empty"
429,,,,,,,,"Transfer to company account details:
Cost includes government fees:
Muqeem platform subscription fees","HR Services",,,"summary=empty; audience=empty; duration=empty; languages=empty; channels=empty; cost=empty; payment=en_fallback; categories=en_fallback; beneficiaries=empty; tags=empty"
430,"إصدار الإقامة للمدير العام أو المستثمر الأجنبي",,,,,,14350,"التحويل على بيانات حساب الشركة:
التكلفة تشمل الرسوم الحكومية:
رسوم الفحص الطبي
رسوم التامين الطبي
رسوم رخصة العمل
رسوم الجوازات (مكتب الهجرة)","Residency & Visas",,,"summary=empty; audience=empty; duration=empty; languages=empty; channels=empty; cost=ar; payment=ar; categories=ar; beneficiaries=empty; tags=empty"
431,,,,,,,14350,"Transfer to company account details:
Cost includes government fees:
Medical examination fees
Medical insurance fees
Work permit fees
Passport fees (Immigration Office)","Residency & Visas",,,"summary=empty; audience=empty; duration=empty; languages=empty; channels=empty; cost=en_fallback; payment=en_fallback; categories=en_fallback; beneficiaries=empty; tags=empty"
432,"فتح حساب بنكي للشركات",,,,,,3500,"التحويل على بيانات حساب الشركة:
التكلفة تشمل الرسوم الحكومية:
لا توجد رسوم حكومية","Business Support",,,"summary=empty; audience=empty; duration=empty; languages=empty; channels=empty; cost=ar; payment=ar; categories=ar; beneficiaries=empty; tags=empty"
433,,,,,,,3500,"Transfer to company account details:
Cost includes government fees:
No government fees","Business Support",,,"summary=empty; audience=empty; duration=empty; languages=empty; channels=empty; cost=en_fallback; payment=en_fallback; categories=en_fallback; beneficiaries=empty; tags=empty"
434,"خدمات المحاسبة ومسك الدفاتر",,,,,,,,"Accounting services",,,"summary=empty; audience=empty; duration=empty; languages=empty; channels=empty; cost=empty; payment=empty; categories=ar; beneficiaries=empty; tags=empty"
436,"خدمات إدارة الرواتب في المملكة العربية السعودية",,,,,,,,"Accounting services",,,"summary=empty; audience=empty; duration=empty; languages=empty; channels=empty; cost=empty; payment=empty; categories=ar; beneficiaries=empty; tags=empty"
437,"خدمات تسوية ومعالجة القيود المحاسبية المتراكمة في السعودية",,,,"العربية واللغة الانجليزية",,,,"Accounting services",,,"summary=empty; audience=empty; duration=empty; languages=ar; channels=empty; cost=empty; payment=empty; categories=ar; beneficiaries=empty; tags=empty"
438,"خدمات مراجعة الحسابات في المملكة العربية السعودية",,,,"العربية واللغة الانجليزية",,,,"Accounting services",,,"summary=empty; audience=empty; duration=empty; languages=ar; channels=empty; cost=empty; payment=empty; categories=ar; beneficiaries=empty; tags=empty"
439,"خدمات الاستشارات المتعلقة بضريبة القيمة المضافة في المملكة العربية السعودية",,,,,,,,"Accounting services",,,"summary=empty; audience=empty; duration=empty; languages=empty; channels=empty; cost=empty; payment=empty; categories=ar; beneficiaries=empty; tags=empty"
440,"خدمات التسجيل في ضريبة القيمة المضافة في المملكة العربية السعودية",,,,,,,,"Accounting services",,,"summary=empty; audience=empty; duration=empty; languages=empty; channels=empty; cost=empty; payment=empty; categories=ar; beneficiaries=empty; tags=empty"
441,"خدمات تقديم إقرارات ضريبة القيمة المضافة في المملكة العربية السعودية",,,,,,,,"Accounting services",,,"summary=empty; audience=empty; duration=empty; languages=empty; channels=empty; cost=empty; payment=empty; categories=ar; beneficiaries=empty; tags=empty"
442,"خدمات استرداد ضريبة القيمة المضافة في المملكة العربية السعودية",,,,,,,,"Accounting services",,,"summary=empty; audience=empty; duration=empty; languages=empty; channels=empty; cost=empty; payment=empty; categories=ar; beneficiaries=empty; tags=empty"
443,"خدمات إلغاء التسجيل في ضريبة القيمة المضافة في المملكة العربية السعودية",,,,,,,,"Accounting services",,,"summary=empty; audience=empty; duration=empty; languages=empty; channels=empty; cost=empty; payment=empty; categories=ar; beneficiaries=empty; tags=empty"
444,"خدمات ضريبة الاستقطاع",,,,,,,,"Accounting services",,,"summary=empty; audience=empty; duration=empty; languages=empty; channels=empty; cost=empty; payment=empty; categories=ar; beneficiaries=empty; tags=empty"
445,"إصدار أو تجديد رخصة العمل",,,,,,300,"التحويل على بيانات حساب الشركة:
التكلفة تشمل الرسوم الحكومية:","Government Relations Services",,,"summary=empty; audience=empty; duration=empty; languages=empty; channels=empty; cost=ar; payment=ar; categories=ar; beneficiaries=empty; tags=empty"
446,,,,,,,,"Transfer to company account details:
Cost includes government fees:","Government Relations Services",,,"summary=empty; audience=empty; duration=empty; languages=empty; channels=empty; cost=empty; payment=en_fallback; categories=en_fallback; beneficiaries=empty; tags=empty"
447,"تعديل العنوان الوطني",,,,,,300,"التحويل على بيانات حساب الشركة:
التكلفة تشمل الرسوم الحكومية:","Government Relations Services",,,"summary=empty; audience=empty; duration=empty; languages=empty; channels=empty; cost=ar; payment=ar; categories=ar; beneficiaries=empty; tags=empty"
448,"ضريبة الشركات",,,,,,,,"Accounting services",,,"summary=empty; audience=empty; duration=empty; languages=empty; channels=empty; cost=empty; payment=empty; categories=ar; beneficiaries=empty; tags=empty"
449,الزكاة,,,,,,,,"Accounting services",,,"summary=empty; audience=empty; duration=empty; languages=empty; channels=empty; cost=empty; payment=empty; categories=ar; beneficiaries=empty; tags=empty"
450,"التدقيق الخارجي",,,,,,,,"Accounting services",,,"summary=empty; audience=empty; duration=empty; languages=empty; channels=empty; cost=empty; payment=empty; categories=ar; beneficiaries=empty; tags=empty"
451,"التدقيق الداخلي",,,,,,,,"Accounting services",,,"summary=empty; audience=empty; duration=empty; languages=empty; channels=empty; cost=empty; payment=empty; categories=ar; beneficiaries=empty; tags=empty"
452,"تدقيق المخزون / الجرد",,,,,,,,"Accounting services",,,"summary=empty; audience=empty; duration=empty; languages=empty; channels=empty; cost=empty; payment=empty; categories=ar; beneficiaries=empty; tags=empty"
453,,,,,,,,,"Accounting services",,,"summary=empty; audience=empty; duration=empty; languages=empty; channels=empty; cost=empty; payment=empty; categories=en_fallback; beneficiaries=empty; tags=empty"
454,,,,,,,300,"Transfer to company account details: 
Cost includes government fees:","Government Relations Services",,,"summary=empty; audience=empty; duration=empty; languages=empty; channels=empty; cost=en_fallback; payment=en_fallback; categories=en_fallback; beneficiaries=empty; tags=empty"
455,"تعديل عقد التأسيس للشركة وتعديل نوع الشركة",,,,,,4300,"التحويل على بيانات حساب الشركة:
التكلفة تشمل الرسوم الحكومية:
رسوم تعديل عقد التأسيس من المركز السعودي للأعمال ١٨٠٠ ريال","Government Relations Services",,,"summary=empty; audience=empty; duration=empty; languages=empty; channels=empty; cost=ar; payment=ar; categories=ar; beneficiaries=empty; tags=empty"
456,,,,,,,4300,"Transfer to company account details:
Cost includes government fees:
Saudi Business Center Articles of Association Amendment Fee: 1800 SAR","Government Relations Services",,,"summary=empty; audience=empty; duration=empty; languages=empty; channels=empty; cost=en_fallback; payment=en_fallback; categories=en_fallback; beneficiaries=empty; tags=empty"
457,"تقسيط مديونية منشأة للتأمينات الاجتماعية",,,,,,3500,"التحويل على بيانات حساب الشركة:
التكلفة لا تشمل الرسوم الحكومية:","Government Relations Services",,,"summary=empty; audience=empty; duration=empty; languages=empty; channels=empty; cost=ar; payment=ar; categories=ar; beneficiaries=empty; tags=empty"
458,,,,,,,3500,"Transfer to company account details:
Cost does not include government fees:","Government Relations Services",,,"summary=empty; audience=empty; duration=empty; languages=empty; channels=empty; cost=en_fallback; payment=en_fallback; categories=en_fallback; beneficiaries=empty; tags=empty"
459,"إصدار شهادة توطين",,"الشركات والمؤسسات المسجلة في منصة قوى",,,"عبر منصة متعدد الالكترونية",300,"التحويل على بيانات حساب الشركة:
التكلفة لا تشمل الرسوم الحكومية:","Government Relations Services",,,"summary=empty; audience=ar; duration=empty; languages=empty; channels=ar; cost=ar; payment=ar; categories=ar; beneficiaries=empty; tags=empty"
460,,,,,,,300,"Transfer to company account details: 
Cost does not include government fees.","Government Relations Services",,,"summary=empty; audience=empty; duration=empty; languages=empty; channels=empty; cost=en_fallback; payment=en_fallback; categories=en_fallback; beneficiaries=empty; tags=empty"
461,"إصدار شهادة التأمينات الاجتماعية (GOSI)",,,,,,300,"التحويل على بيانات حساب الشركة:
التكلفة لا تشمل الرسوم الحكومية:","Government Relations Services",,,"summary=empty; audience=empty; duration=empty; languages=empty; channels=empty; cost=ar; payment=ar; categories=ar; beneficiaries=empty; tags=empty"
462,,,,,,,300,"Transfer to company account details: 
Cost does not include government fees.","Government Relations Services",,,"summary=empty; audience=empty; duration=empty; languages=empty; channels=empty; cost=en_fallback; payment=en_fallback; categories=en_fallback; beneficiaries=empty; tags=empty"
463,,,,,,,,,"Accounting services",,,"summary=empty; audience=empty; duration=empty; languages=empty; channels=empty; cost=empty; payment=empty; categories=en_fallback; beneficiaries=empty; tags=empty"
464,,,,,,,,,"Accounting services",,,"summary=empty; audience=empty; duration=empty; languages=empty; channels=empty; cost=empty; payment=empty; categories=en_fallback; beneficiaries=empty; tags=empty"
465,,,,,,,,,"Accounting services",,,"summary=empty; audience=empty; duration=empty; languages=empty; channels=empty; cost=empty; payment=empty; categories=en_fallback; beneficiaries=empty; tags=empty"
466,,,,,,,,,"Accounting services",,,"summary=empty; audience=empty; duration=empty; languages=empty; channels=empty; cost=empty; payment=empty; categories=en_fallback; beneficiaries=empty; tags=empty"
467,,,,,,,,,"Accounting services",,,"summary=empty; audience=empty; duration=empty; languages=empty; channels=empty; cost=empty; payment=empty; categories=en_fallback; beneficiaries=empty; tags=empty"
468,,,,,,,,,"Accounting services",,,"summary=empty; audience=empty; duration=empty; languages=empty; channels=empty; cost=empty; payment=empty; categories=en_fallback; beneficiaries=empty; tags=empty"
469,,,,,,,,,"Accounting services",,,"summary=empty; audience=empty; duration=empty; languages=empty; channels=empty; cost=empty; payment=empty; categories=en_fallback; beneficiaries=empty; tags=empty"
470,,,,,,,,,"Accounting services",,,"summary=empty; audience=empty; duration=empty; languages=empty; channels=empty; cost=empty; payment=empty; categories=en_fallback; beneficiaries=empty; tags=empty"
471,"التسجيل الإلكتروني للمستورد/ المصدر",,"أصحاب الشركات والمؤسسات الراغبين في ممارسة أنشطة التجارة الخارجية عبر التسجيل الإلكتروني للمستورد/المصدر وتوثيق هويتهم التجارية لدى الجمارك والسجل التجاري.",,,"تتم الخدمة رقمياً عبر بوابة المركز السعودي للأعمال ومنصة ""فسح""، لضمان تكامل بيانات تأسيس الشركات مع كافة جهات الخدمات الحكومية ذات العلاقة.",,,"Government Relations Services",,,"summary=empty; audience=ar; duration=empty; languages=empty; channels=ar; cost=empty; payment=empty; categories=ar; beneficiaries=empty; tags=empty"
472,,,,,,,,,"Accounting services",,,"summary=empty; audience=empty; duration=empty; languages=empty; channels=empty; cost=empty; payment=empty; categories=en_fallback; beneficiaries=empty; tags=empty"
473,,,,,,,,,"Accounting services",,,"summary=empty; audience=empty; duration=empty; languages=empty; channels=empty; cost=empty; payment=empty; categories=en_fallback; beneficiaries=empty; tags=empty"
474,,,,,,,,,"Accounting services",,,"summary=empty; audience=empty; duration=empty; languages=empty; channels=empty; cost=empty; payment=empty; categories=en_fallback; beneficiaries=empty; tags=empty"
475,,,,,,,,,"Accounting services",,,"summary=empty; audience=empty; duration=empty; languages=empty; channels=empty; cost=empty; payment=empty; categories=en_fallback; beneficiaries=empty; tags=empty"
476,,,,,,,,,"Accounting services",,,"summary=empty; audience=empty; duration=empty; languages=empty; channels=empty; cost=empty; payment=empty; categories=en_fallback; beneficiaries=empty; tags=empty"
477,"إصدار وتجديد الإقامة عبر منصة مقيم",,"الفئة المستهدفة	أصحاب الشركات والمؤسسات الراغبين في إجراء إصدار وتجديد الإقامة لعمالتهم الوافدة لضمان الامتثال لأنظمة الجوازات وربطها ببيانات السجل التجاري.",,"اللغة المقدمة	تتوفر واجهة خدمة إصدار وتجديد الإقامة باللغتين العربية والإنجليزية، لتسهيل متابعة التواريخ والمدد من قبل المستثمر والمدير العام في قطاع الأعمال.","قنوات تقديم الخدمة تتم الخدمة إلكترونياً عبر بوابة ""مقيم""، حيث يتم التكامل مع نظام ""أبشر أعمال"" ووزارة الداخلية لتقديم الخدمات الحكومية بشكل فوري وتحديث ملفات الشركات.",,,"Government Relations Services",,,"summary=empty; audience=ar; duration=empty; languages=ar; channels=ar; cost=empty; payment=empty; categories=ar; beneficiaries=empty; tags=empty"
478,"التسجيل الإلكتروني للمستورد/المصدر",,"أصحاب الشركات والمؤسسات الراغبين في ممارسة أنشطة التجارة الخارجية عبر التسجيل الإلكتروني للمستورد/المصدر وتوثيق هويتهم التجارية لدى الجمارك والسجل التجاري.",,"تتوفر واجهة التسجيل الإلكتروني للمستورد/المصدر باللغتين العربية والإنجليزية، لتسهيل مهمة المستثمر والشركاء الدوليين والمدير العام في إدارة التبادل التجاري.","تتم الخدمة رقمياً عبر بوابة المركز السعودي للأعمال ومنصة ""فسح""، لضمان تكامل بيانات تأسيس الشركات مع كافة جهات الخدمات الحكومية ذات العلاقة.",,,"Government Relations Services",,,"summary=empty; audience=ar; duration=empty; languages=ar; channels=ar; cost=empty; payment=empty; categories=ar; beneficiaries=empty; tags=empty"
479,"تأشيرة خروج وعودة / خروج نهائي",,"الفئة المستهدفة	أصحاب الشركات الذين يحتاجون لمنح موظفيهم تأشيرة خروج وعودة / خروج نهائي لتنظيم سفر الكوادر أو إنهاء خدماتهم المرتبطة بـ السجل التجاري والمنشأة.",,"اللغة المقدمة	تتوفر واجهة إصدار تأشيرة خروج وعودة / خروج نهائي باللغتين العربية والإنجليزية، لسهولة استخدامها من قبل المستثمر والمدير العام في إدارة الشركات.","قنوات تقديم الخدمة	تتم الخدمة عبر منصة ""مقيم"" الرقمية، حيث يتم الربط المباشر مع المديرية العامة للجوازات لتنفيذ الخدمات الحكومية وتحديث سجلات تأسيس الشركات والنمو.",,,"Government Relations Services",,,"summary=empty; audience=ar; duration=empty; languages=ar; channels=ar; cost=empty; payment=empty; categories=ar; beneficiaries=empty; tags=empty"
480,"إضافة رقم مستورد ضمن منفذ جديد",,"أصحاب الشركات والمستوردين الذين يرغبون في إضافة رقم مستورد ضمن منفذ جديد لتسهيل استقبال الشحنات عبر مواقع جمركية متعددة في المملكة.",,"تتوفر متطلبات إضافة رقم مستورد ضمن منفذ جديد باللغتين العربية والإنجليزية، لخدمة المستثمر والوكلاء الملاحيين ومديري الشركات من مختلف الجنسيات.","تتم الخدمة إلكترونياً عبر منصة ""فسح"" وبالتنسيق مع الجمارك، لضمان ربط بيانات السجل التجاري بـ الخدمات الحكومية المتاحة في المنفذ المختار.",,,"Government Relations Services",,,"summary=empty; audience=ar; duration=empty; languages=ar; channels=ar; cost=empty; payment=empty; categories=ar; beneficiaries=empty; tags=empty"
481,"نقل الخدمات عبر منصة مقيم",,"نساعدك في المرحلة النهائية من نقل الخدمات عبر منصة مقيم لتحديث هوية المقيم ببيانات منشأتك الجديدة.",,"اللغة المقدمة	تتوفر واجهة نقل الخدمات عبر منصة مقيم باللغتين العربية والإنجليزية، لتسهيل متابعة الطلبات من قبل المستثمر والمدير العام لقطاع الشركات.","قنوات تقديم الخدمة	تتم الخدمة رقمياً عبر بوابة ""مقيم"" الإلكترونية، بالتكامل مع مركز المعلومات الوطني لتحديث بيانات الخدمات الحكومية وملفات تأسيس الشركات والنمو.",,,"Government Relations Services",,,"summary=empty; audience=ar; duration=empty; languages=ar; channels=ar; cost=empty; payment=empty; categories=ar; beneficiaries=empty; tags=empty"
482,"توثيق عقود الموظفين في منصة قوى",,"جميع الشركات والمؤسسات التي تسعى لـ توثيق عقود الموظفين في منصة قوى لضمان نظامية العمالة الوافدة والوطنية المسجلة في نظام السجل التجاري.",,"تتوفر خدمة توثيق عقود الموظفين في منصة قوى باللغتين العربية والإنجليزية، لتسهيل فهم الحقوق والواجبات لـ المدير العام والموظفين بكافة جنسياتهم.","تتم الخدمة رقمياً بالكامل عبر حساب المنشأة في منصة ""قوى""، حيث يتم إرسال العقد للموظف لاعتماده وتحديث بيانات إدارة الموظفين والشركات.",,,"HR Services",,,"summary=empty; audience=ar; duration=empty; languages=ar; channels=ar; cost=empty; payment=empty; categories=ar; beneficiaries=empty; tags=empty"
483,"تقرير مقيم الشامل للمنشأة",,"الفئة المستهدفة	أصحاب الشركات ومدراء الموارد البشرية الذين يحتاجون لـ تقرير مقيم الشامل للمنشأة لمتابعة قانونية مئات الموظفين المسجلين تحت رقم السجل التجاري الموحد للمنظمة.",,"اللغة المقدمة	يتوفر تقرير مقيم الشامل للمنشأة باللغتين العربية والإنجليزية، لتقديم عرض تفصيلي لـ المستثمر والمدير العام حول حالة القوى العاملة في الشركات والمنشآت القائمة.","قنوات تقديم الخدمة	يتم إصدار تقرير مقيم الشامل للمنشأة فورياً عبر بوابة ""مقيم"" الرقمية، مما يسهل عملية الربط المعلوماتي مع جهات الخدمات الحكومية ومنصات إدارة الموظفين والشركات.",,,"Government Relations Services",,,"summary=empty; audience=ar; duration=empty; languages=ar; channels=ar; cost=empty; payment=empty; categories=ar; beneficiaries=empty; tags=empty"
484,"تحديث بيانات جواز سفر الموظف",,"الفئة المستهدفة	أصحاب الشركات والمؤسسات التي قامت عمالتها بتجديد جوازات سفرها وترغب في تحديث بيانات جواز سفر الموظف لضمان مطابقتها لسجلات السجل التجاري والجوازات.",,"اللغة المقدمة	تتوفر واجهة خدمة تحديث بيانات جواز سفر الموظف باللغتين العربية والإنجليزية، لخدمة المستثمر والمدير العام في إدارة الكوادر الدولية داخل الشركات.","قنوات تقديم الخدمة	يتم تنفيذ الخدمة رقمياً عبر بوابة ""مقيم"" الإلكترونية، مما يضمن التحديث الفوري في قواعد بيانات الخدمات الحكومية وتسهيل إجراءات إدارة الموظفين والشركات.",,,"Government Relations Services",,,"summary=empty; audience=ar; duration=empty; languages=ar; channels=ar; cost=empty; payment=empty; categories=ar; beneficiaries=empty; tags=empty"
485,"اعتماد لوائح تنظيم العمل (أدلة وسياسات العمل)",,"جميع الشركات التي يتجاوز عدد موظفيها نصاباً معيناً، والراغبة في اعتماد لوائح تنظيم العمل (نموذجية أو مخصصة) لضمان الامتثال لـ الخدمات الحكومية.",,"تتوفر خدمة اعتماد لوائح تنظيم العمل باللغتين العربية والإنجليزية، لضمان وعي كافة أطراف العمل في الشركات بالحقوق والواجبات المنصوص عليها نظاماً.","يتم طلب اعتماد لوائح تنظيم العمل عبر منصة ""قوى"" وبإشراف مكاتب المحاماة المعتمدة، لضمان قانونية السياسات المتبعة في نظام السجل التجاري.",,,"HR Services",,,"summary=empty; audience=ar; duration=empty; languages=ar; channels=ar; cost=empty; payment=empty; categories=ar; beneficiaries=empty; tags=empty"
486,"إدارة الرواتب والتحويل البنكي عبر مدد",,"أصحاب الشركات والمؤسسات الراغبين في تنظيم إدارة الرواتب والتحويل البنكي إلكترونياً لضمان الدقة وتفادي الأخطاء البشرية المرتبطة بـ السجل التجاري والعمل.",,"تتوفر أنظمة إدارة الرواتب والتحويل البنكي باللغتين العربية والإنجليزية، لتسهيل الرقابة المالية لـ المستثمر والمدير العام على ميزانية إدارة الموظفين والشركات.","تتم الخدمة عبر (نظام إدارة الرواتب) في منصة مدد، مع ربط تقني مباشر بين المنشأة والبنوك التجارية وخدمات تأسيس الشركات والخدمات الحكومية.",,,"Government Relations Services",,,"summary=empty; audience=ar; duration=empty; languages=ar; channels=ar; cost=empty; payment=empty; categories=ar; beneficiaries=empty; tags=empty"
487,"إصدار تأشيرات العمل الفورية",,"أصحاب الشركات القائمة والناشئة التي تسعى لـ إصدار تأشيرات العمل الفورية لجلب كفاءات متخصصة تدعم نشاطها المسجل في السجل التجاري والأنظمة.",,"تتوفر واجهة إصدار تأشيرات العمل الفورية باللغتين العربية والإنجليزية، لتسهيل التعامل معها من قبل المستثمر والمدير العام ووكالات التوظيف في الشركات.","تتم الخدمة عبر منصة ""قوى"" الإلكترونية، حيث يتم إصدار تأشيرات العمل الفورية آلياً فور سداد الرسوم الحكومية وتوفر الأهلية في نظام إدارة الموظفين.",,,"Government Relations Services",,,"summary=empty; audience=ar; duration=empty; languages=ar; channels=ar; cost=empty; payment=empty; categories=ar; beneficiaries=empty; tags=empty"
488,"إصدار تقارير الالتزام والمخالفات",,"أصحاب الشركات الذين يسعون لضمان الشفافية الكاملة عبر إصدار تقارير الالتزام والمخالفات لتجنب العقوبات وضمان استمرارية العمل وفق ضوابط السجل التجاري والأنظمة.",,"تتوفر تقارير خدمة إصدار تقارير الالتزام والمخالفات باللغتين العربية والإنجليزية، لتسهيل عرض النتائج على المستثمر والمدير العام ومجلس إدارة الشركات.","يتم طلب إصدار تقارير الالتزام والمخالفات إلكترونياً عبر منصة ""مدد"" (نظام الالتزام)، مع تحديثات لحظية مرتبطة بقواعد بيانات الخدمات الحكومية وإدارة الموظفين.",,,"Government Relations Services",,,"summary=empty; audience=ar; duration=empty; languages=ar; channels=ar; cost=empty; payment=empty; categories=ar; beneficiaries=empty; tags=empty"
489,"إدارة رخص العمل",,"أصحاب الشركات والمؤسسات الذين لديهم عمالة وافدة ويحتاجون إلى إدارة رخص العمل بشكل منتظم لضمان استمرارية صلاحية الإقامات والعمل في السجل التجاري.",,"تتوفر واجهة إدارة رخص العمل باللغتين العربية والإنجليزية، لتسهيل متابعة التكاليف والمدد لـ المدير العام والمستثمر في قطاع الشركات.","تتم الخدمة رقمياً عبر منصة ""قوى""، حيث يتم ربط إصدار الرخصة بسداد المقابل المالي ووزارة الداخلية لضمان تكامل الخدمات الحكومية للمنشأة.",,,"HR Services",,,"summary=empty; audience=ar; duration=empty; languages=ar; channels=ar; cost=empty; payment=empty; categories=ar; beneficiaries=empty; tags=empty"
490,"تغيير المهن للموظفين عبر قوى",,"أصحاب الشركات الذين يرغبون في إجراء تغيير المهن لعمالتهم بما يتناسب مع ترقياتهم أو حاجة العمل المسجلة في نظام السجل التجاري والأنظمة.",,"تتوفر خدمة تغيير المهن باللغتين العربية والإنجليزية، لتمكين المستثمر والمدير العام من متابعة تحديثات ملفات إدارة الموظفين في الشركات بوضوح تام.","يتم تنفيذ طلب تغيير المهن إلكترونياً عبر منصة ""قوى""، مع ضرورة الربط مع الأنظمة التقنية لجهات الخدمات الحكومية ذات العلاقة بالمهن التخصصية.",,,"HR Services",,,"summary=empty; audience=ar; duration=empty; languages=ar; channels=ar; cost=empty; payment=empty; categories=ar; beneficiaries=empty; tags=empty"
491,"ربط الحساب البنكي في منصة مدد",,"أصحاب الشركات والمؤسسات الراغبين في تفعيل ربط الحساب البنكي في منصة مدد لتنظيم صرف الأجور وربطها بالهوية المالية للمنشأة الموثقة في السجل التجاري.",,"تتوفر واجهة ربط الحساب البنكي في منصة مدد باللغتين العربية والإنجليزية، لتسهيل متابعة التدفقات النقدية من قبل المستثمر والمدير العام في قطاع الشركات.","تتم الخدمة رقمياً عبر (نظام إدارة الرواتب) في منصة مدد، بالتكامل مع الأنظمة البنكية السعودية وجهات الخدمات الحكومية لضمان أمان معاملات تأسيس الشركات.",,,"Government Relations Services",,,"summary=empty; audience=ar; duration=empty; languages=ar; channels=ar; cost=empty; payment=empty; categories=ar; beneficiaries=empty; tags=empty"
492,"رفع ملفات حماية الأجور لمنصة مدد",,"أصحاب الشركات الذين قاموا بصرف الرواتب عبر البنك ويرغبون في رفع ملفات حماية الأجور (txt) لتوثيق الالتزام بنظام العمل والسجل التجاري.",,"تتوفر خدمة رفع ملفات حماية الأجور (txt) بدعم كامل للبيانات المسجلة، لتمكين المستثمر والمدير العام من قراءة تقارير الالتزام في الشركات.","تتم الخدمة عبر (نظام الالتزام) في منصة مدد، حيث يتم استقبال الملفات بصيغة txt وتدقيقها آلياً لضمان تحديث بيانات الخدمات الحكومية وإدارة الموظفين.",,,"Government Relations Services",,,"summary=empty; audience=ar; duration=empty; languages=ar; channels=ar; cost=empty; payment=empty; categories=ar; beneficiaries=empty; tags=empty"
493,"المكاتب المجهزة",,,,,,,,"Office space services",,,"summary=empty; audience=empty; duration=empty; languages=empty; channels=empty; cost=empty; payment=empty; categories=ar; beneficiaries=empty; tags=empty"
494,"غرف الاجتماعات",,,,,,300,"التحويل إلى حساب الشركة","Office space services",,,"summary=empty; audience=empty; duration=empty; languages=empty; channels=empty; cost=ar; payment=ar; categories=ar; beneficiaries=empty; tags=empty"
495,"قاعة المؤتمرات",,,,,,"45,000","التحويل إلى حساب الشركة","Office space services",,,"summary=empty; audience=empty; duration=empty; languages=empty; channels=empty; cost=ar; payment=ar; categories=ar; beneficiaries=empty; tags=empty"
496,"خدمات الاستقبال",,,,,,"ابتداءً من 750 ريال سعودي","التحويل إلى حساب الشركة","Office space services",,,"summary=empty; audience=empty; duration=empty; languages=empty; channels=empty; cost=ar; payment=ar; categories=ar; beneficiaries=empty; tags=empty"
497,"العنوان الافتراضي",,,,,,"ابتداءً من 750 ريال سعودي","التحويل إلى حساب الشركة","Office space services",,,"summary=empty; audience=empty; duration=empty; languages=empty; channels=empty; cost=ar; payment=ar; categories=ar; beneficiaries=empty; tags=empty"
498,"نقل خدمات موظف (نقل الكفالة)",,"أصحاب الشركات والمؤسسات الراغبين في إجراء نقل خدمات موظف لضم كفاءات جديدة متواجدة داخل المملكة إلى ملاك سجلهم التجاري القائم.",,"تتوفر واجهة طلب نقل خدمات موظف باللغتين العربية والإنجليزية، لتسهيل فهم الخطوات لـ المستثمر الدولي والمدير العام والشركات والعمالة.","تتم العملية إلكترونياً عبر منصة ""قوى"" التابعة لوزارة الموارد البشرية، لضمان سرعة الربط مع نظام الخدمات الحكومية وتحديث ملفات إدارة الموظفين.",,,"HR Services",,,"summary=empty; audience=ar; duration=empty; languages=ar; channels=ar; cost=empty; payment=empty; categories=ar; beneficiaries=empty; tags=empty"
542,,,,,,,,,"Business Support",,,"summary=empty; audience=empty; duration=empty; languages=empty; channels=empty; cost=empty; payment=empty; categories=en_fallback; beneficiaries=empty; tags=empty"
660,"نقل الخدمات في المملكة العربية السعودية | حلول الكوادر | متعدد",,,,"العربية واللغة الانجليزية",,,,"HR Services",,,"summary=empty; audience=empty; duration=empty; languages=ar; channels=empty; cost=empty; payment=empty; categories=ar; beneficiaries=empty; tags=empty"
