nid,target_audience,beneficiaries
542,"Foreign and joint-venture companies amending their MISA investment license as activities, ownership, or structure change.",Company Owners | Local and International Businesses
498,Employers onboarding talent already in Saudi Arabia through a compliant digital transfer-of-service process.,Company Owners | HR and Workforce Teams
497,Founders and investors who need a prestigious registered address without a traditional full-time office lease.,Local and International Businesses | Company Owners
496,"Companies seeking a professional reception layer for visitors, calls, and mail that matches their commercial registration profile.",Local and International Businesses | PRO and Government Relations Teams
495,"Large organisations hosting press conferences, product launches, or formal staff training in a professional venue.",Company Owners | HR and Workforce Teams | Local and International Businesses
494,"Companies and investors needing private, AV-ready meeting space for high-stakes discussions.",Company Owners | Local and International Businesses
493,Startups and established firms needing ready offices that support company formation and CR compliance.,Local and International Businesses | Company Owners
492,Payroll teams documenting bank salary transfers with correct Mudad WPS file uploads.,Company Owners | Finance and Payroll Teams | Compliance and Legal Teams
491,"Finance teams connecting the company bank account to Mudad for automated, auditable salary payments.",Company Owners | Finance and Payroll Teams
490,"HR teams updating official job titles in Qiwa when roles change, with the right qualifications on file.",Company Owners | HR and Workforce Teams
489,"HR and PRO teams managing work permits, fees, and renewals to keep expatriate employment lawful.",Company Owners | Compliance and Legal Teams | PRO and Government Relations Teams
488,Establishments monitoring wage-protection compliance and violations before they escalate to penalties.,Company Owners | Compliance and Legal Teams
487,Companies that need fast-track work visas when quotas and Nitaqat allow urgent hiring.,Company Owners | PRO and Government Relations Teams
486,Employers running payroll and bank transfers through Mudad with WPS alignment.,Company Owners | Finance and Payroll Teams
485,"Larger employers adopting ministry-approved internal work bylaws for leaves, rewards, and discipline.",Company Owners | Compliance and Legal Teams
484,Companies updating expatriate passport details in Muqeem after renewals so records stay valid.,Company Owners | HR and Workforce Teams | Compliance and Legal Teams | PRO and Government Relations Teams
483,HR leaders needing a full Muqeem establishment report to monitor iqama status and workforce compliance.,Company Owners | HR and Workforce Teams | Compliance and Legal Teams | PRO and Government Relations Teams
482,Employers registering employment contracts in Qiwa with compliant templates and clauses.,Company Owners | HR and Workforce Teams | PRO and Government Relations Teams
481,Companies completing final sponsorship transfer in Muqeem after Qiwa approval.,Company Owners | PRO and Government Relations Teams
480,Importers adding customs ports to their CR profile to receive shipments flexibly across KSA.,Company Owners | Importers and Exporters
479,Employers managing exit/re-entry or final exit visas for staff travel or offboarding.,Company Owners | HR and Workforce Teams | PRO and Government Relations Teams
478,Companies registering as importers or exporters for cross-border trade under Saudi customs rules.,Company Owners | Importers and Exporters
477,Employers issuing or renewing iqamas for expatriate staff with correct Muqeem and passport linkage.,Company Owners | HR and Workforce Teams | Compliance and Legal Teams | PRO and Government Relations Teams
476,"Retail, distribution, and industrial firms needing independent stock counts and ERP reconciliation.",Company Owners | Finance and Payroll Teams | Compliance and Legal Teams
475,Boards and management strengthening governance with risk-focused internal audit reviews.,Company Owners | Compliance and Legal Teams
474,Entities requiring an independent statutory or stakeholder audit with practical control recommendations.,Company Owners | Compliance and Legal Teams | Finance and Payroll Teams
473,"Saudi businesses subject to zakat needing advisory, ZATCA filing, and ongoing Shariah-aware support.",Company Owners | Finance and Payroll Teams | Compliance and Legal Teams
472,Foreign-owned and mixed-shareholding companies navigating Saudi corporate income tax obligations.,Company Owners | Finance and Payroll Teams | Compliance and Legal Teams
470,Companies with cross-border and local payments subject to Saudi withholding tax rules.,Company Owners | Finance and Payroll Teams | Compliance and Legal Teams
469,VAT-registered businesses closing or restructuring who need a clean ZATCA deregistration.,Company Owners | Finance and Payroll Teams | Compliance and Legal Teams
468,VAT payers with eligible excess input tax seeking structured refund claims with ZATCA.,Company Owners | Finance and Payroll Teams | Compliance and Legal Teams
467,"Registered businesses needing accurate periodic VAT returns, reconciliations, and documentation.",Company Owners | Finance and Payroll Teams | Compliance and Legal Teams
466,New or growing businesses assessing mandatory or voluntary VAT registration with ZATCA.,Company Owners | Finance and Payroll Teams | Compliance and Legal Teams
465,"Finance teams needing sector-specific VAT positions on transactions, contracts, and processes.",Company Owners | Finance and Payroll Teams | Compliance and Legal Teams
464,"Management seeking a focused review of accounts, policies, and key transactions before year-end or funding.",Company Owners | Finance and Payroll Teams | Compliance and Legal Teams
463,"Companies with backlogged books needing rapid catch-up before audit, tax, or investor reporting.",Company Owners | Finance and Payroll Teams | Compliance and Legal Teams
462,"Establishments needing a current GOSI certificate for tenders, renewals, or compliance checks.",Company Owners | HR and Workforce Teams | Compliance and Legal Teams
460,"Qiwa-registered employers proving Nitaqat status for tenders, HRDF, or government requirements.",Company Owners | HR and Workforce Teams | Compliance and Legal Teams
458,Companies arranging instalment plans for outstanding GOSI contributions to avoid escalation.,Company Owners | HR and Workforce Teams | Finance and Payroll Teams
456,"Entities changing legal form, AoA, or capital and needing MOC-aligned amendments.",Company Owners | Compliance and Legal Teams
454,Companies relocating or updating CR data who must refresh their SPL national address.,Company Owners | PRO and Government Relations Teams
453,"Employers outsourcing end-to-end Saudi payroll, GOSI, and WPS reporting for accuracy and speed.",Company Owners | Finance and Payroll Teams | HR and Workforce Teams
446,Employers issuing or renewing work permits and MHRSD levies for expatriate staff.,Company Owners | HR and Workforce Teams | PRO and Government Relations Teams
433,Newly formed companies and branches opening a corporate bank account with complete KYC documentation.,Company Owners | Finance and Payroll Teams
431,"General managers and investors finalising iqama after medical cover, permit fees, and passport steps.",Company Owners | PRO and Government Relations Teams
429,Establishments with expatriate employees activating Muqeem for day-to-day residency services.,Company Owners | HR and Workforce Teams | PRO and Government Relations Teams
426,Post-incorporation companies registering a national address—and optionally using Motaded’s virtual address—for banking and government linkage.,Company Owners | PRO and Government Relations Teams
424,Employers activating Mudad for WPS-compliant payroll immediately after hiring begins.,Company Owners | Finance and Payroll Teams | HR and Workforce Teams
422,All employers subscribing to GOSI and issuing certificates as soon as Saudi or expatriate staff join.,Company Owners | HR and Workforce Teams | Compliance and Legal Teams
420,Recruiters securing Enjaz authorisation so overseas labour offices can finalise work visas.,Company Owners | HR and Workforce Teams | PRO and Government Relations Teams
418,Foreign investors bringing in a general manager or partner after incorporation via Qiwa visa steps.,Company Owners | PRO and Government Relations Teams
416,Any CR-registered employer activating Qiwa as the core MHRSD workforce gateway.,Company Owners | HR and Workforce Teams | PRO and Government Relations Teams
414,"New CR holders subscribing to the Chamber, and existing members renewing annual membership.",Company Owners | Local and International Businesses
412,Founders and counsel drafting or updating articles of association under the Saudi Companies Law.,Company Owners | Compliance and Legal Teams
410,New ventures reserving Arabic and English trade names that pass Ministry of Commerce rules.,Company Owners | Local and International Businesses
183,Foreign parent companies opening a licensed Saudi branch to serve the local market.,Local and International Businesses | Company Owners
100,International investors seeking trustworthy Saudi partners for market entry and local representation.,Company Owners | Local and International Businesses
99,"Local and international businesses needing strategic, legal, and operational guidance in KSA.",Importers and Exporters | Local and International Businesses
98,Legal and commercial teams needing accurate certified Arabic–English translations for authorities.,Compliance and Legal Teams | Local and International Businesses
97,"Employers and individuals selecting the right Saudi visa route for work, business, or family travel.",Company Owners | HR and Workforce Teams | PRO and Government Relations Teams
96,Eligible talent and investors pursuing Premium Residency benefits and long-term stability in KSA.,Company Owners | Local and International Businesses
92,Technology founders in incubation programmes building scalable products for the Saudi market.,Local and International Businesses | Company Owners
91,"Founders, freelancers, and small teams needing flexible workspace during formation and early traction.",Local and International Businesses | Company Owners
90,"Companies outsourcing HR, GRO, recruitment, payroll, and visa operations across Saudi ministries.",Company Owners | HR and Workforce Teams | PRO and Government Relations Teams
83,Multinationals with operations in at least two MENA countries (outside KSA) establishing an RHQ in Saudi Arabia.,Company Owners | Local and International Businesses
65,"Investors and operators targeting Saudi special economic zones for tax-efficient trade, logistics, or industry.",Importers and Exporters | Local and International Businesses
1,"International investors, SMEs, and global firms setting up in Saudi Arabia from MISA through operations.",Local and International Businesses | Company Owners
