id,nid,title,path_alias,Sector,Tags,Service type
1_en,845,Business Setup in Saudi Arabia: The Complete 2026 Guide,/blog/business-setup-in-saudi-arabia-the-complete-2026-guide,General,"Business setup, Company formation, Vision 2030, Foreign investors",Business Support
2_en,846,Company Formation in Saudi Arabia: Step-by-Step Process,/blog/company-formation-in-saudi-arabia-step-by-step-process,General,"Company formation, LLC, Ministry of Commerce, Step-by-step",Business Support
3_en,847,"Company Setup in Saudi Arabia: Costs, Timeline & Requirements",/blog/company-setup-in-saudi-arabia-costs-timeline-requirements,General,"Business setup, Setup costs, Timeline, Requirements",Business Support
4_en,848,Company Formation in KSA: Which Structure Fits Your Business?,/blog/company-formation-in-ksa-which-structure-fits-your-business,General,"Company formation, LLC, Branch office, Legal structure",Business Support
5_en,849,Company Registration in KSA: Government Portals & Requirements,/blog/company-registration-in-ksa-government-portals-requirements,General,"Company registration, Markaz, MISA, Government portals",Government Relations Services
6_en,850,Register a Company in Saudi Arabia: Foreign Investor Checklist,/blog/register-a-company-in-saudi-arabia-foreign-investor-checklist,General,"Foreign investors, MISA, Commercial Registration, Checklist",Government Relations Services
7_en,851,Starting a Business in Saudi Arabia: What Every Founder Must Know,/blog/starting-a-business-in-saudi-arabia-what-every-founder-must-know,General,"Starting a business, Founders, Compliance, Saudi Arabia",Business Support
8_en,852,How to Start a Business in Saudi Arabia: The 7-Step Guide,/blog/how-to-start-a-business-in-saudi-arabia-the-7-step-guide,General,"Starting a business, Step-by-step, Company formation",Business Support
9_en,853,Setting Up a Company in Saudi Arabia: The Honest Timeline,/blog/setting-up-a-company-in-saudi-arabia-the-honest-timeline,General,"Business setup, Timeline, Expectations, Processing time",Business Support
10_en,854,"Business Setup in KSA: Comparing Riyadh, Jeddah and Dammam",/blog/business-setup-in-ksa-comparing-riyadh-jeddah-and-dammam,General,"Riyadh, Jeddah, Dammam, Business setup",Business Support
11_en,855,Business Registration in Saudi Arabia: Common Mistakes to Avoid,/blog/business-registration-in-saudi-arabia-common-mistakes-to-avoid,General,"Business registration, Compliance, Mistakes, Tips",Business Support
12_en,856,Incorporate a Company in Saudi Arabia: Legal Requirements Explained,/blog/incorporate-a-company-in-saudi-arabia-legal-requirements-explained,General,"Incorporation, Legal requirements, Companies Law",Business Support
13_en,857,Business Setup Saudi Arabia: Sector-Specific Requirements,/blog/business-setup-saudi-arabia-sector-specific-requirements,General,"Sector licensing, Regulated activities, Business setup",Business Support
14_en,858,Company Formation Saudi Arabia: LLC vs Branch vs Free Zone,/blog/company-formation-saudi-arabia-llc-vs-branch-vs-free-zone,General,"LLC, Branch office, Free zone, Company structure",Business Support
15_en,859,Open a Company in Saudi Arabia: A Guide for Non-Residents,/blog/open-a-company-in-saudi-arabia-a-guide-for-non-residents,General,"Non-residents, Foreign investors, MISA, Company formation",Government Relations Services
16_en,860,Business Setup Process in Saudi Arabia: From Application to Trading,/blog/business-setup-process-in-saudi-arabia-from-application-to-trading,General,"Business setup, Operating license, Compliance, Trading",Business Support
17_en,861,Business Setup Cost in Saudi Arabia: 2026 Fee Breakdown,/blog/business-setup-cost-in-saudi-arabia-2026-fee-breakdown,General,"Setup costs, Government fees, Budget, 2026",Business Support
18_en,862,How to Open a Company in Saudi Arabia: FAQs Answered,/blog/how-to-open-a-company-in-saudi-arabia-faqs-answered,General,"FAQs, Company formation, Business setup",Business Support
19_en,863,Set Up a Company in Saudi Arabia: The Minimum Viable Approach,/blog/set-up-a-company-in-saudi-arabia-the-minimum-viable-approach,General,"Lean setup, Startup, Company formation, Budget",Business Support
20_en,864,Opening a Company in Saudi Arabia: What Changes Under Vision 2030,/blog/opening-a-company-in-saudi-arabia-what-changes-under-vision-2030,General,"Vision 2030, Investment reform, Business setup",Business Support
21_en,865,Business Registration in Saudi Arabia: The Complete Walkthrough,/blog/business-registration-in-saudi-arabia-the-complete-walkthrough,General,"Business registration, Commercial Registration, MISA, Markaz",Business Support
22_en,866,Saudi Business Center (Markaz): The Complete User Guide,/blog/saudi-business-center-markaz-the-complete-user-guide,General,"Markaz, Saudi Business Center, Ministry of Commerce, Company formation",Government Relations Services
23_en,867,Absher Business Platform: How to Register and Manage Your Company,/blog/absher-business-platform-how-to-register-and-manage-your-company,General,"Absher, Digital government, Company management, Ministry of Commerce",Government Relations Services
24_en,868,How to Get a MISA Registration in Saudi Arabia,/blog/how-to-get-a-misa-registration-in-saudi-arabia,General,"MISA, Investment license, Foreign investment, Application",Government Relations Services
25_en,869,How to Get a Commercial Registration in Saudi Arabia,/blog/how-to-get-a-commercial-registration-in-saudi-arabia,General,"Commercial Registration, Ministry of Commerce, Company formation",Government Relations Services
26_en,870,Etimad Platform Saudi Arabia: A Guide for Business Owners,/blog/etimad-platform-saudi-arabia-a-guide-for-business-owners,General,"Etimad, Government procurement, Tenders, Supplier registration",Supplier registration service
27_en,871,How to Reserve a Company Name in Saudi Arabia via Markaz,/blog/how-to-reserve-a-company-name-in-saudi-arabia-via-markaz,General,"Company name reservation, Markaz, Ministry of Commerce",Government Relations Services
28_en,872,How to Draft Articles of Association in Saudi Arabia,/blog/how-to-draft-articles-of-association-in-saudi-arabia,General,"Articles of association, Notary, Legal documentation, Company formation",Business Support
29_en,873,How to Register with the Ministry of Commerce Saudi Arabia,/blog/how-to-register-with-the-ministry-of-commerce-saudi-arabia,General,"Ministry of Commerce, Commercial Registration, Company formation",Government Relations Services
30_en,874,How to Get a Municipal License (Baladiya) in Saudi Arabia,/blog/how-to-get-a-municipal-license-baladiya-in-saudi-arabia,General,"Municipal license, Balady, Business license, Local authority",Government Relations Services
31_en,875,How to Open a Corporate Bank Account in Saudi Arabia,/blog/how-to-open-a-corporate-bank-account-in-saudi-arabia,General,"Corporate banking, Bank account, Commercial Registration",Business Support
32_en,876,How to Register for VAT with ZATCA in Saudi Arabia,/blog/how-to-register-for-vat-with-zatca-in-saudi-arabia,General,"VAT, ZATCA, Tax registration, E-invoicing",Accounting services
33_en,877,How to Register Employees with GOSI in Saudi Arabia,/blog/how-to-register-employees-with-gosi-in-saudi-arabia,General,"GOSI, Social insurance, Payroll, Employees",HR Services
34_en,878,How to Register with the Chamber of Commerce Saudi Arabia,/blog/how-to-register-with-the-chamber-of-commerce-saudi-arabia,General,"Chamber of Commerce, Membership, Business registration",Business Support
35_en,879,Can You Register a Company Remotely in Saudi Arabia?,/blog/can-you-register-a-company-remotely-in-saudi-arabia,General,"Remote registration, Foreign investors, Digital government",Business Support
36_en,880,How to Get a Professional License in Saudi Arabia,/blog/how-to-get-a-professional-license-in-saudi-arabia,General,"Professional license, Regulated professions, Sector licensing",Government Relations Services
37_en,881,What is the National Address (Wasel) and How to Register,/blog/what-is-the-national-address-wasel-and-how-to-register,General,"National address, Wasel, SPL, Business address",Business Support
38_en,882,How to Get a Company Stamp (Seal) in Saudi Arabia,/blog/how-to-get-a-company-stamp-seal-in-saudi-arabia,General,"Company seal, Legal documentation, Corporate formalities",Business Support
39_en,883,Post-Registration Checklist for New Companies in Saudi Arabia,/blog/post-registration-checklist-for-new-companies-in-saudi-arabia,General,"Post-registration, Compliance checklist, ZATCA, GOSI",Business Support
40_en,884,How to Track Your Business Registration Status in Saudi Arabia,/blog/how-to-track-your-business-registration-status-in-saudi-arabia,General,"Registration status, Markaz, Ministry of Commerce",Government Relations Services
41_en,885,Business Setup Cost in Saudi Arabia: Full 2026 Breakdown,/blog/business-setup-cost-in-saudi-arabia-full-2026-breakdown,General,"Setup costs, Fees, Budget, 2026",Business Support
42_en,886,MISA License Fees in Saudi Arabia: 2026 Price List,/blog/misa-license-fees-in-saudi-arabia-2026-price-list,General,"MISA, License fees, Investment license, 2026",Government Relations Services
43_en,887,Commercial Registration Fees in Saudi Arabia: What to Expect,/blog/commercial-registration-fees-in-saudi-arabia-what-to-expect,General,"Commercial Registration, Government fees, Ministry of Commerce",Government Relations Services
44_en,888,Hidden Costs of Business Setup in Saudi Arabia Nobody Talks About,/blog/hidden-costs-of-business-setup-in-saudi-arabia-nobody-talks-about,General,"Hidden costs, Business setup, Budget planning",Business Support
45_en,889,How Much Does a Business Setup Consultant Cost in Saudi Arabia?,/blog/how-much-does-a-business-setup-consultant-cost-in-saudi-arabia,General,"Business consultant, Setup services, Professional fees",Business Support
46_en,890,LLC vs Branch Office: Which is Cheaper to Set Up in Saudi Arabia?,/blog/llc-vs-branch-office-which-is-cheaper-to-set-up-in-saudi-arabia,General,"LLC, Branch office, Setup costs, Company structure",Business Support
47_en,891,Annual Compliance Costs for Companies in Saudi Arabia,/blog/annual-compliance-costs-for-companies-in-saudi-arabia,General,"Compliance costs, Annual fees, ZATCA, GOSI",Accounting services
48_en,892,Business Setup in Riyadh: Costs and Requirements,/blog/business-setup-in-riyadh-costs-and-requirements,General,"Riyadh, Business setup, Setup costs, Requirements",Business Support
49_en,893,Business Setup in Jeddah: Costs and Requirements,/blog/business-setup-in-jeddah-costs-and-requirements,General,"Jeddah, Business setup, Setup costs, Requirements",Business Support
50_en,894,Free Zone vs Mainland Saudi Arabia: Cost Comparison,/blog/free-zone-vs-mainland-saudi-arabia-cost-comparison,General,"Free zone, Mainland, Cost comparison, Investment zones",Business Support
51_en,895,Government Fees for Business Registration in Saudi Arabia: 2026,/blog/government-fees-for-business-registration-in-saudi-arabia-2026,General,"Government fees, Business registration, 2026",Government Relations Services
52_en,896,Capital Requirements by Company Type in Saudi Arabia,/blog/capital-requirements-by-company-type-in-saudi-arabia,General,"Share capital, LLC, Company types, Investment",Business Support
53_en,897,Chamber of Commerce Membership Fees Saudi Arabia: 2026,/blog/chamber-of-commerce-membership-fees-saudi-arabia-2026,General,"Chamber of Commerce, Membership fees, 2026",Business Support
54_en,898,Notary and Legal Documentation Costs in Saudi Arabia,/blog/notary-and-legal-documentation-costs-in-saudi-arabia,General,"Notary, Legal documentation, Articles of association, Fees",Business Support
55_en,899,Business Setup Saudi Arabia vs UAE: Which is More Cost-Effective?,/blog/business-setup-saudi-arabia-vs-uae-which-is-more-cost-effective,General,"Saudi Arabia, UAE, Cost comparison, Investment",Business Support
56_en,900,How to Reduce Your Business Setup Costs in Saudi Arabia,/blog/how-to-reduce-your-business-setup-costs-in-saudi-arabia,General,"Cost savings, Business setup, Budget tips",Business Support
57_en,901,Is It Cheaper to Set Up in Saudi Arabia Now Than Five Years Ago?,/blog/is-it-cheaper-to-set-up-in-saudi-arabia-now-than-five-years-ago,General,"Business setup, Reform, Investment climate",Business Support
58_en,902,Virtual Office vs Physical Office in Saudi Arabia: Cost Guide,/blog/virtual-office-vs-physical-office-in-saudi-arabia-cost-guide,General,"Virtual office, Physical office, Office costs",Office space services
59_en,903,MISA Investment License Cost: Full Breakdown for 2026,/blog/misa-investment-license-cost-full-breakdown-for-2026,General,"MISA, Investment license, Fees, 2026",Government Relations Services
60_en,904,Total First-Year Cost of Running a Business in Saudi Arabia,/blog/total-first-year-cost-of-running-a-business-in-saudi-arabia,General,"Operating costs, First year, Budget, Compliance",Business Support
61_en,905,"MISA License Saudi Arabia: Types, Requirements and Process",/blog/misa-license-saudi-arabia-types-requirements-and-process,General,"MISA, Investment license, License types, Requirements",Government Relations Services
62_en,906,MISA Investment License: How to Apply Step by Step,/blog/misa-investment-license-how-to-apply-step-by-step,General,"MISA, Investment license, Application, Step-by-step",Government Relations Services
63_en,907,MISA Entrepreneur License: Who Qualifies and How to Apply,/blog/misa-entrepreneur-license-who-qualifies-and-how-to-apply,General,"MISA, Entrepreneur license, Startup, Application",Government Relations Services
64_en,908,MISA License Requirements: What Documents Do You Need?,/blog/misa-license-requirements-what-documents-do-you-need,General,"MISA, Documents, Application checklist",Government Relations Services
65_en,909,MISA License for Tech Companies in Saudi Arabia,/blog/misa-license-for-tech-companies-in-saudi-arabia,Technology,"MISA, Technology, Tech startup, Foreign investment",Government Relations Services
66_en,910,MISA License for Trading Companies in Saudi Arabia,/blog/misa-license-for-trading-companies-in-saudi-arabia,Retail,"MISA, Trading, Import export, Commercial activities",Government Relations Services
67_en,911,MISA License for Construction Companies in Saudi Arabia,/blog/misa-license-for-construction-companies-in-saudi-arabia,Construction & Infrastructure,"MISA, Construction, Contracting, Infrastructure",Government Relations Services
68_en,912,MISA License for Consulting Firms in Saudi Arabia,/blog/misa-license-for-consulting-firms-in-saudi-arabia,General,"MISA, Consulting, Professional services, Foreign investment",Business Support
69_en,913,MISA License for Healthcare Companies in Saudi Arabia,/blog/misa-license-for-healthcare-companies-in-saudi-arabia,Healthcare,"MISA, Healthcare, Medical sector, Foreign investment",Government Relations Services
70_en,914,MISA License Renewal: How to Renew Before Expiry,/blog/misa-license-renewal-how-to-renew-before-expiry,General,"MISA, License renewal, Compliance, Deadlines",Government Relations Services
71_en,915,MISA License vs Commercial Registration: What Is the Difference?,/blog/misa-license-vs-commercial-registration-what-is-the-difference,General,"MISA, Commercial Registration, Difference, Foreign investors",Government Relations Services
72_en,916,MISA License Processing Time: Realistic Expectations,/blog/misa-license-processing-time-realistic-expectations,General,"MISA, Processing time, Timeline, Application",Government Relations Services
73_en,917,Common Reasons MISA Applications Get Rejected in Saudi Arabia,/blog/common-reasons-misa-applications-get-rejected-in-saudi-arabia,General,"MISA, Application rejection, Foreign investment, Tips",Government Relations Services
74_en,918,Sectors That Do Not Require a MISA License in Saudi Arabia,/blog/sectors-that-do-not-require-a-misa-license-in-saudi-arabia,General,"MISA, Negative list, Foreign ownership, GCC investors",Government Relations Services
75_en,919,How to Appeal a MISA License Rejection in Saudi Arabia,/blog/how-to-appeal-a-misa-license-rejection-in-saudi-arabia,General,"MISA, Appeal, Investment license, Application",Government Relations Services
76_en,920,MISA License for E-commerce Businesses in Saudi Arabia,/blog/misa-license-for-e-commerce-businesses-in-saudi-arabia,Retail,"MISA, E-commerce, Online business, Retail",Government Relations Services
77_en,921,Can You Operate Without a MISA License in Saudi Arabia?,/blog/can-you-operate-without-a-misa-license-in-saudi-arabia,General,"MISA, Foreign investment, Compliance, Operating rules",Government Relations Services
78_en,922,MISA License for Manufacturing Companies in Saudi Arabia,/blog/misa-license-for-manufacturing-companies-in-saudi-arabia,Manufacturing,"MISA, Manufacturing, Industrial investment, Factory",Government Relations Services
79_en,923,MISA License for Real Estate Companies in Saudi Arabia,/blog/misa-license-for-real-estate-companies-in-saudi-arabia,Construction & Infrastructure,"MISA, Real estate, Property development, Investment",Government Relations Services
80_en,924,How MISA Has Changed Under Vision 2030: What Investors Must Know,/blog/how-misa-has-changed-under-vision-2030-what-investors-must-know,General,"MISA, Vision 2030, Investment reform, Foreign investors",Government Relations Services
81_en,925,Commercial Registration Saudi Arabia: The Definitive Guide,/blog/commercial-registration-saudi-arabia-the-definitive-guide,General,"Commercial Registration, CR, Ministry of Commerce, Guide",Government Relations Services
82_en,926,What is a Commercial Registration (CR) in Saudi Arabia?,/blog/what-is-a-commercial-registration-cr-in-saudi-arabia,General,"Commercial Registration, CR, Basics, Legal entity",Government Relations Services
83_en,927,How to Apply for a Commercial Registration in Saudi Arabia,/blog/how-to-apply-for-a-commercial-registration-in-saudi-arabia,General,"Commercial Registration, Application, Ministry of Commerce",Government Relations Services
84_en,928,Commercial Registration Renewal in Saudi Arabia: Deadlines and Fees,/blog/commercial-registration-renewal-in-saudi-arabia-deadlines-and-fees,General,"Commercial Registration, Renewal, Deadlines, Fees",Government Relations Services
85_en,929,How to Change Business Activities on Your CR in Saudi Arabia,/blog/how-to-change-business-activities-on-your-cr-in-saudi-arabia,General,"Commercial Registration, Business activities, Amendment",Government Relations Services
86_en,930,How to Verify a Company CR Number in Saudi Arabia,/blog/how-to-verify-a-company-cr-number-in-saudi-arabia,General,"Commercial Registration, CR verification, Due diligence",Government Relations Services
87_en,931,CR Requirements for Branch Offices in Saudi Arabia,/blog/cr-requirements-for-branch-offices-in-saudi-arabia,General,"Commercial Registration, Branch office, Foreign company",Government Relations Services
88_en,932,How to Transfer a Commercial Registration in Saudi Arabia,/blog/how-to-transfer-a-commercial-registration-in-saudi-arabia,General,"Commercial Registration, Transfer, Ownership change",Government Relations Services
89_en,933,How to Cancel a Commercial Registration in Saudi Arabia,/blog/how-to-cancel-a-commercial-registration-in-saudi-arabia,General,"Commercial Registration, Cancellation, Company closure",Government Relations Services
90_en,934,What Happens if Your CR Expires in Saudi Arabia?,/blog/what-happens-if-your-cr-expires-in-saudi-arabia,General,"Commercial Registration, Expiry, Penalties, Renewal",Government Relations Services
91_en,935,CR for Sole Proprietorships in Saudi Arabia,/blog/cr-for-sole-proprietorships-in-saudi-arabia,General,"Commercial Registration, Sole proprietorship, Saudi nationals",Government Relations Services
92_en,936,How to Update CR Information After Company Changes in Saudi Arabia,/blog/how-to-update-cr-information-after-company-changes-in-saudi-arabia,General,"Commercial Registration, Amendment, Company changes",Government Relations Services
93_en,937,CR for E-commerce Businesses in Saudi Arabia,/blog/cr-for-e-commerce-businesses-in-saudi-arabia,Retail,"Commercial Registration, E-commerce, Online business",Government Relations Services
94_en,938,How Long Does Commercial Registration Take in Saudi Arabia?,/blog/how-long-does-commercial-registration-take-in-saudi-arabia,General,"Commercial Registration, Timeline, Processing time",Government Relations Services
95_en,939,CR for Foreign-Owned Companies in Saudi Arabia,/blog/cr-for-foreign-owned-companies-in-saudi-arabia,General,"Commercial Registration, Foreign ownership, MISA",Government Relations Services
96_en,940,Documents Required for Commercial Registration in Saudi Arabia,/blog/documents-required-for-commercial-registration-in-saudi-arabia,General,"Commercial Registration, Documents, Checklist, Application",Government Relations Services
97_en,941,Commercial Registration for Non-Profit Organizations in Saudi Arabia,/blog/commercial-registration-for-non-profit-organizations-in-saudi-arabia,General,"Commercial Registration, Non-profit, NGOs, Associations",Government Relations Services
98_en,942,How to Get a Duplicate CR Certificate in Saudi Arabia,/blog/how-to-get-a-duplicate-cr-certificate-in-saudi-arabia,General,"Commercial Registration, Certificate, Replacement",Government Relations Services
99_en,943,Using Your CR to Open a Bank Account in Saudi Arabia,/blog/using-your-cr-to-open-a-bank-account-in-saudi-arabia,General,"Commercial Registration, Corporate banking, Bank account",Business Support
100_en,944,CR for Professional Services Firms in Saudi Arabia,/blog/cr-for-professional-services-firms-in-saudi-arabia,General,"Commercial Registration, Professional license, Services firms",Government Relations Services
